index,cx,cy,dx,dy,newX,newY
a-180x-180,-180,-180,-180,0,-180,-180
a-176.4x-180,-176.4,-180,-180,0,-176.3999939,-180
a-172.8x-180,-172.8,-180,-180,0,-172.8000031,-180
a-169.2x-180,-169.2,-180,-180,0,-169.1999969,-180
a-165.6x-180,-165.6,-180,-180,0,-165.6000061,-180
a-162x-180,-162,-180,-180,0,-162,-180
a-158.4x-180,-158.4,-180,-180,0,-158.3999939,-180
a-154.8x-180,-154.8,-180,-180,0,-154.8000031,-180
a-151.2x-180,-151.2,-180,-180,0,-151.1999969,-180
a-147.6x-180,-147.6,-180,-180,0,-147.6000061,-180
a-144x-180,-144,-180,-180,0,-144,-180
a-140.4x-180,-140.4,-180,-180,0,-140.3999939,-180
a-136.8x-180,-136.8,-180,-180,0,-136.8000031,-180
a-133.2x-180,-133.2,-180,-180,0,-133.1999969,-180
a-129.6x-180,-129.6,-180,-180,0,-129.6000061,-180
a-126x-180,-126,-180,-180,0,-126,-180
a-122.4x-180,-122.4,-180,-180,0,-122.4000015,-180
a-118.8x-180,-118.8,-180,-180,0,-118.8000031,-180
a-115.2x-180,-115.2,-180,-180,0,-115.1999969,-180
a-111.6x-180,-111.6,-180,-180,0,-111.5999985,-180
a-108x-180,-108,-180,-180,0,-108,-180
a-104.4x-180,-104.4,-180,-180,0,-104.4000015,-180
a-100.8x-180,-100.8,-180,-180,0,-100.8000031,-180
a-97.2x-180,-97.2,-180,-180,0,-97.1999969,-180
a-93.6x-180,-93.6,-180,-180,0,-93.5999985,-180
a-90x-180,-90,-180,-180,0,-90,-180
a-86.4x-180,-86.4,-180,-180,0,-86.4000015,-180
a-82.8x-180,-82.8,-180,-180,0,-82.8000031,-180
a-79.2x-180,-79.2,-180,-180,0,-79.1999969,-180
a-75.6x-180,-75.6,-180,-180,0,-75.5999985,-180
a-72x-180,-72,-180,-180,0,-72,-180
a-68.4x-180,-68.4,-180,-180,0,-68.4000015,-180
a-64.8x-180,-64.8,-180,-180,0,-64.8000031,-180
a-61.2x-180,-61.2,-180,-180,0,-61.2000008,-180
a-57.6x-180,-57.6,-180,-180,0,-57.5999985,-180
a-54x-180,-54,-180,-180,0,-54,-180
a-50.4x-180,-50.4,-180,-180,0,-50.4000015,-180
a-46.8x-180,-46.8,-180,-180,0,-46.7999992,-180
a-43.2x-180,-43.2,-180,-180,0,-43.2000008,-180
a-39.6x-180,-39.6,-180,-180,0,-39.5999985,-180
a-36x-180,-36,-180,-180,0,-36,-180
a-32.4x-180,-32.4,-180,-180,0,-32.4000015,-180
a-28.8x-180,-28.8,-180,-180,0,-28.7999992,-180
a-25.2x-180,-25.2,-180,-180,0,-25.2000008,-180
a-21.6x-180,-21.6,-180,-180,0,-21.6000004,-180
a-18x-180,-18,-180,-180,0,-18,-180
a-14.4x-180,-14.4,-180,-180,0,-14.3999996,-180
a-10.8x-180,-10.8,-180,-180,0,-10.8000002,-180
a-7.2x-180,-7.2,-180,-180,0,-7.1999998,-180
a-3.6x-180,-3.6,-180,-180,0,-3.5999999,-180
a0x-180,0,-180,-180,0,0,-180
a3.6x-180,3.6,-180,-180,0,3.5999999,-180
a7.2x-180,7.2,-180,-180,0,7.1999998,-180
a10.8x-180,10.8,-180,-180,0,10.8000002,-180
a14.4x-180,14.4,-180,-180,0,14.3999996,-180
a18x-180,18,-180,-180,0,18,-180
a21.6x-180,21.6,-180,-180,0,21.6000004,-180
a25.2x-180,25.2,-180,-180,0,25.2000008,-180
a28.8x-180,28.8,-180,-180,0,28.7999992,-180
a32.4x-180,32.4,-180,-180,0,32.4000015,-180
a36x-180,36,-180,-180,0,36,-180
a39.6x-180,39.6,-180,-180,0,39.5999985,-180
a43.2x-180,43.2,-180,-180,0,43.2000008,-180
a46.8x-180,46.8,-180,-180,0,46.7999992,-180
a50.4x-180,50.4,-180,-180,0,50.4000015,-180
a54x-180,54,-180,-180,0,54,-180
a57.6x-180,57.6,-180,-180,0,57.5999985,-180
a61.2x-180,61.2,-180,-180,0,61.2000008,-180
a64.8x-180,64.8,-180,-180,0,64.8000031,-180
a68.4x-180,68.4,-180,-180,0,68.4000015,-180
a72x-180,72,-180,-180,0,72,-180
a75.6x-180,75.6,-180,-180,0,75.5999985,-180
a79.2x-180,79.2,-180,-180,0,79.1999969,-180
a82.8x-180,82.8,-180,-180,0,82.8000031,-180
a86.4x-180,86.4,-180,-180,0,86.4000015,-180
a90x-180,90,-180,-180,0,90,-180
a93.6x-180,93.6,-180,-180,0,93.5999985,-180
a97.2x-180,97.2,-180,-180,0,97.1999969,-180
a100.8x-180,100.8,-180,-180,0,100.8000031,-180
a104.4x-180,104.4,-180,-180,0,104.4000015,-180
a108x-180,108,-180,-180,0,108,-180
a111.6x-180,111.6,-180,-180,0,111.5999985,-180
a115.2x-180,115.2,-180,-180,0,115.1999969,-180
a118.8x-180,118.8,-180,-180,0,118.8000031,-180
a122.4x-180,122.4,-180,-180,0,122.4000015,-180
a126x-180,126,-180,-180,0,126,-180
a129.6x-180,129.6,-180,-180,0,129.6000061,-180
a133.2x-180,133.2,-180,-180,0,133.1999969,-180
a136.8x-180,136.8,-180,-180,0,136.8000031,-180
a140.4x-180,140.4,-180,-180,0,140.3999939,-180
a144x-180,144,-180,-180,0,144,-180
a147.6x-180,147.6,-180,-180,0,147.6000061,-180
a151.2x-180,151.2,-180,-180,0,151.1999969,-180
a154.8x-180,154.8,-180,-180,0,154.8000031,-180
a158.4x-180,158.4,-180,-180,0,158.3999939,-180
a162x-180,162,-180,-180,0,162,-180
a165.6x-180,165.6,-180,-180,0,165.6000061,-180
a169.2x-180,169.2,-180,-180,0,169.1999969,-180
a172.8x-180,172.8,-180,-180,0,172.8000031,-180
a176.4x-180,176.4,-180,-180,0,176.3999939,-180
a-180x-176.4,-180,-176.4,-180,0,-180,-176.4
a-176.4x-176.4,-176.4,-176.4,-180,0,-176.3999939,-176.4
a-172.8x-176.4,-172.8,-176.4,-180,0,-172.8000031,-176.4
a-169.2x-176.4,-169.2,-176.4,-180,0,-169.1999969,-176.4
a-165.6x-176.4,-165.6,-176.4,-180,0,-165.6000061,-176.4
a-162x-176.4,-162,-176.4,-180,0,-162,-176.4
a-158.4x-176.4,-158.4,-176.4,-180,0,-158.3999939,-176.4
a-154.8x-176.4,-154.8,-176.4,-180,0,-154.8000031,-176.4
a-151.2x-176.4,-151.2,-176.4,-180,0,-151.1999969,-176.4
a-147.6x-176.4,-147.6,-176.4,-180,0,-147.6000061,-176.4
a-144x-176.4,-144,-176.4,-180,0,-144,-176.4
a-140.4x-176.4,-140.4,-176.4,-180,0,-140.3999939,-176.4
a-136.8x-176.4,-136.8,-176.4,-180,0,-136.8000031,-176.4
a-133.2x-176.4,-133.2,-176.4,-180,0,-133.1999969,-176.4
a-129.6x-176.4,-129.6,-176.4,-180,0,-129.6000061,-176.4
a-126x-176.4,-126,-176.4,-180,0,-126,-176.4
a-122.4x-176.4,-122.4,-176.4,-180,0,-122.4000015,-176.4
a-118.8x-176.4,-118.8,-176.4,-180,0,-118.8000031,-176.4
a-115.2x-176.4,-115.2,-176.4,-180,0,-115.1999969,-176.4
a-111.6x-176.4,-111.6,-176.4,-180,0,-111.5999985,-176.4
a-108x-176.4,-108,-176.4,-180,0,-108,-176.4
a-104.4x-176.4,-104.4,-176.4,-180,0,-104.4000015,-176.4
a-100.8x-176.4,-100.8,-176.4,-180,0,-100.8000031,-176.4
a-97.2x-176.4,-97.2,-176.4,-180,0,-97.1999969,-176.4
a-93.6x-176.4,-93.6,-176.4,-180,0,-93.5999985,-176.4
a-90x-176.4,-90,-176.4,-180,0,-90,-176.4
a-86.4x-176.4,-86.4,-176.4,-180,0,-86.4000015,-176.4
a-82.8x-176.4,-82.8,-176.4,-180,0,-82.8000031,-176.4
a-79.2x-176.4,-79.2,-176.4,-180,0,-79.1999969,-176.4
a-75.6x-176.4,-75.6,-176.4,-180,0,-75.5999985,-176.4
a-72x-176.4,-72,-176.4,-180,0,-72,-176.4
a-68.4x-176.4,-68.4,-176.4,-180,0,-68.4000015,-176.4
a-64.8x-176.4,-64.8,-176.4,-180,0,-64.8000031,-176.4
a-61.2x-176.4,-61.2,-176.4,-180,0,-61.2000008,-176.4
a-57.6x-176.4,-57.6,-176.4,-180,0,-57.5999985,-176.4
a-54x-176.4,-54,-176.4,-180,0,-54,-176.4
a-50.4x-176.4,-50.4,-176.4,-180,0,-50.4000015,-176.4
a-46.8x-176.4,-46.8,-176.4,-180,0,-46.7999992,-176.4
a-43.2x-176.4,-43.2,-176.4,-180,0,-43.2000008,-176.4
a-39.6x-176.4,-39.6,-176.4,-180,0,-39.5999985,-176.4
a-36x-176.4,-36,-176.4,-180,0,-36,-176.4
a-32.4x-176.4,-32.4,-176.4,-180,0,-32.4000015,-176.4
a-28.8x-176.4,-28.8,-176.4,-180,0,-28.7999992,-176.4
a-25.2x-176.4,-25.2,-176.4,-180,0,-25.2000008,-176.4
a-21.6x-176.4,-21.6,-176.4,-180,0,-21.6000004,-176.4
a-18x-176.4,-18,-176.4,-180,0,-18,-176.4
a-14.4x-176.4,-14.4,-176.4,-180,0,-14.3999996,-176.4
a-10.8x-176.4,-10.8,-176.4,-180,0,-10.8000002,-176.4
a-7.2x-176.4,-7.2,-176.4,-180,0,-7.1999998,-176.4
a-3.6x-176.4,-3.6,-176.4,-180,0,-3.5999999,-176.4
a0x-176.4,0,-176.4,-180,0,0,-176.4
a3.6x-176.4,3.6,-176.4,-180,0,3.5999999,-176.4
a7.2x-176.4,7.2,-176.4,-180,0,7.1999998,-176.4
a10.8x-176.4,10.8,-176.4,-180,0,10.8000002,-176.4
a14.4x-176.4,14.4,-176.4,-180,0,14.3999996,-176.4
a18x-176.4,18,-176.4,-180,0,18,-176.4
a21.6x-176.4,21.6,-176.4,-180,0,21.6000004,-176.4
a25.2x-176.4,25.2,-176.4,-180,0,25.2000008,-176.4
a28.8x-176.4,28.8,-176.4,-180,0,28.7999992,-176.4
a32.4x-176.4,32.4,-176.4,-180,0,32.4000015,-176.4
a36x-176.4,36,-176.4,-180,0,36,-176.4
a39.6x-176.4,39.6,-176.4,-180,0,39.5999985,-176.4
a43.2x-176.4,43.2,-176.4,-180,0,43.2000008,-176.4
a46.8x-176.4,46.8,-176.4,-180,0,46.7999992,-176.4
a50.4x-176.4,50.4,-176.4,-180,0,50.4000015,-176.4
a54x-176.4,54,-176.4,-180,0,54,-176.4
a57.6x-176.4,57.6,-176.4,-180,0,57.5999985,-176.4
a61.2x-176.4,61.2,-176.4,-180,0,61.2000008,-176.4
a64.8x-176.4,64.8,-176.4,-180,0,64.8000031,-176.4
a68.4x-176.4,68.4,-176.4,-180,0,68.4000015,-176.4
a72x-176.4,72,-176.4,-180,0,72,-176.4
a75.6x-176.4,75.6,-176.4,-180,0,75.5999985,-176.4
a79.2x-176.4,79.2,-176.4,-180,0,79.1999969,-176.4
a82.8x-176.4,82.8,-176.4,-180,0,82.8000031,-176.4
a86.4x-176.4,86.4,-176.4,-180,0,86.4000015,-176.4
a90x-176.4,90,-176.4,-180,0,90,-176.4
a93.6x-176.4,93.6,-176.4,-180,0,93.5999985,-176.4
a97.2x-176.4,97.2,-176.4,-180,0,97.1999969,-176.4
a100.8x-176.4,100.8,-176.4,-180,0,100.8000031,-176.4
a104.4x-176.4,104.4,-176.4,-180,0,104.4000015,-176.4
a108x-176.4,108,-176.4,-180,0,108,-176.4
a111.6x-176.4,111.6,-176.4,-180,0,111.5999985,-176.4
a115.2x-176.4,115.2,-176.4,-180,0,115.1999969,-176.4
a118.8x-176.4,118.8,-176.4,-180,0,118.8000031,-176.4
a122.4x-176.4,122.4,-176.4,-180,0,122.4000015,-176.4
a126x-176.4,126,-176.4,-180,0,126,-176.4
a129.6x-176.4,129.6,-176.4,-180,0,129.6000061,-176.4
a133.2x-176.4,133.2,-176.4,-180,0,133.1999969,-176.4
a136.8x-176.4,136.8,-176.4,-180,0,136.8000031,-176.4
a140.4x-176.4,140.4,-176.4,-180,0,140.3999939,-176.4
a144x-176.4,144,-176.4,-180,0,144,-176.4
a147.6x-176.4,147.6,-176.4,-180,0,147.6000061,-176.4
a151.2x-176.4,151.2,-176.4,-180,0,151.1999969,-176.4
a154.8x-176.4,154.8,-176.4,-180,0,154.8000031,-176.4
a158.4x-176.4,158.4,-176.4,-180,0,158.3999939,-176.4
a162x-176.4,162,-176.4,-180,0,162,-176.4
a165.6x-176.4,165.6,-176.4,-180,0,165.6000061,-176.4
a169.2x-176.4,169.2,-176.4,-180,0,169.1999969,-176.4
a172.8x-176.4,172.8,-176.4,-180,0,172.8000031,-176.4
a176.4x-176.4,176.4,-176.4,-180,0,176.3999939,-176.4
a-180x-172.8,-180,-172.8,-180,0,-180,-172.8
a-176.4x-172.8,-176.4,-172.8,-180,0,-176.3999939,-172.8
a-172.8x-172.8,-172.8,-172.8,-180,0,-172.8000031,-172.8
a-169.2x-172.8,-169.2,-172.8,-180,0,-169.1999969,-172.8
a-165.6x-172.8,-165.6,-172.8,-180,0,-165.6000061,-172.8
a-162x-172.8,-162,-172.8,-180,0,-162,-172.8
a-158.4x-172.8,-158.4,-172.8,-180,0,-158.3999939,-172.8
a-154.8x-172.8,-154.8,-172.8,-180,0,-154.8000031,-172.8
a-151.2x-172.8,-151.2,-172.8,-180,0,-151.1999969,-172.8
a-147.6x-172.8,-147.6,-172.8,-180,0,-147.6000061,-172.8
a-144x-172.8,-144,-172.8,-180,0,-144,-172.8
a-140.4x-172.8,-140.4,-172.8,-180,0,-140.3999939,-172.8
a-136.8x-172.8,-136.8,-172.8,-180,0,-136.8000031,-172.8
a-133.2x-172.8,-133.2,-172.8,-180,0,-133.1999969,-172.8
a-129.6x-172.8,-129.6,-172.8,-180,0,-129.6000061,-172.8
a-126x-172.8,-126,-172.8,-180,0,-126,-172.8
a-122.4x-172.8,-122.4,-172.8,-180,0,-122.4000015,-172.8
a-118.8x-172.8,-118.8,-172.8,-180,0,-118.8000031,-172.8
a-115.2x-172.8,-115.2,-172.8,-180,0,-115.1999969,-172.8
a-111.6x-172.8,-111.6,-172.8,-180,0,-111.5999985,-172.8
a-108x-172.8,-108,-172.8,-180,0,-108,-172.8
a-104.4x-172.8,-104.4,-172.8,-180,0,-104.4000015,-172.8
a-100.8x-172.8,-100.8,-172.8,-180,0,-100.8000031,-172.8
a-97.2x-172.8,-97.2,-172.8,-180,0,-97.1999969,-172.8
a-93.6x-172.8,-93.6,-172.8,-180,0,-93.5999985,-172.8
a-90x-172.8,-90,-172.8,-180,0,-90,-172.8
a-86.4x-172.8,-86.4,-172.8,-180,0,-86.4000015,-172.8
a-82.8x-172.8,-82.8,-172.8,-180,0,-82.8000031,-172.8
a-79.2x-172.8,-79.2,-172.8,-180,0,-79.1999969,-172.8
a-75.6x-172.8,-75.6,-172.8,-180,0,-75.5999985,-172.8
a-72x-172.8,-72,-172.8,-180,0,-72,-172.8
a-68.4x-172.8,-68.4,-172.8,-180,0,-68.4000015,-172.8
a-64.8x-172.8,-64.8,-172.8,-180,0,-64.8000031,-172.8
a-61.2x-172.8,-61.2,-172.8,-180,0,-61.2000008,-172.8
a-57.6x-172.8,-57.6,-172.8,-180,0,-57.5999985,-172.8
a-54x-172.8,-54,-172.8,-180,0,-54,-172.8
a-50.4x-172.8,-50.4,-172.8,-180,0,-50.4000015,-172.8
a-46.8x-172.8,-46.8,-172.8,-180,0,-46.7999992,-172.8
a-43.2x-172.8,-43.2,-172.8,-180,0,-43.2000008,-172.8
a-39.6x-172.8,-39.6,-172.8,-180,0,-39.5999985,-172.8
a-36x-172.8,-36,-172.8,-180,0,-36,-172.8
a-32.4x-172.8,-32.4,-172.8,-180,0,-32.4000015,-172.8
a-28.8x-172.8,-28.8,-172.8,-180,0,-28.7999992,-172.8
a-25.2x-172.8,-25.2,-172.8,-180,0,-25.2000008,-172.8
a-21.6x-172.8,-21.6,-172.8,-180,0,-21.6000004,-172.8
a-18x-172.8,-18,-172.8,-180,0,-18,-172.8
a-14.4x-172.8,-14.4,-172.8,-180,0,-14.3999996,-172.8
a-10.8x-172.8,-10.8,-172.8,-180,0,-10.8000002,-172.8
a-7.2x-172.8,-7.2,-172.8,-180,0,-7.1999998,-172.8
a-3.6x-172.8,-3.6,-172.8,-180,0,-3.5999999,-172.8
a0x-172.8,0,-172.8,-180,0,0,-172.8
a3.6x-172.8,3.6,-172.8,-180,0,3.5999999,-172.8
a7.2x-172.8,7.2,-172.8,-180,0,7.1999998,-172.8
a10.8x-172.8,10.8,-172.8,-180,0,10.8000002,-172.8
a14.4x-172.8,14.4,-172.8,-180,0,14.3999996,-172.8
a18x-172.8,18,-172.8,-180,0,18,-172.8
a21.6x-172.8,21.6,-172.8,-180,0,21.6000004,-172.8
a25.2x-172.8,25.2,-172.8,-180,0,25.2000008,-172.8
a28.8x-172.8,28.8,-172.8,-180,0,28.7999992,-172.8
a32.4x-172.8,32.4,-172.8,-180,0,32.4000015,-172.8
a36x-172.8,36,-172.8,-180,0,36,-172.8
a39.6x-172.8,39.6,-172.8,-180,0,39.5999985,-172.8
a43.2x-172.8,43.2,-172.8,-180,0,43.2000008,-172.8
a46.8x-172.8,46.8,-172.8,-180,0,46.7999992,-172.8
a50.4x-172.8,50.4,-172.8,-180,0,50.4000015,-172.8
a54x-172.8,54,-172.8,-180,0,54,-172.8
a57.6x-172.8,57.6,-172.8,-180,0,57.5999985,-172.8
a61.2x-172.8,61.2,-172.8,-180,0,61.2000008,-172.8
a64.8x-172.8,64.8,-172.8,-180,0,64.8000031,-172.8
a68.4x-172.8,68.4,-172.8,-180,0,68.4000015,-172.8
a72x-172.8,72,-172.8,-180,0,72,-172.8
a75.6x-172.8,75.6,-172.8,-180,0,75.5999985,-172.8
a79.2x-172.8,79.2,-172.8,-180,0,79.1999969,-172.8
a82.8x-172.8,82.8,-172.8,-180,0,82.8000031,-172.8
a86.4x-172.8,86.4,-172.8,-180,0,86.4000015,-172.8
a90x-172.8,90,-172.8,-180,0,90,-172.8
a93.6x-172.8,93.6,-172.8,-180,0,93.5999985,-172.8
a97.2x-172.8,97.2,-172.8,-180,0,97.1999969,-172.8
a100.8x-172.8,100.8,-172.8,-180,0,100.8000031,-172.8
a104.4x-172.8,104.4,-172.8,-180,0,104.4000015,-172.8
a108x-172.8,108,-172.8,-180,0,108,-172.8
a111.6x-172.8,111.6,-172.8,-180,0,111.5999985,-172.8
a115.2x-172.8,115.2,-172.8,-180,0,115.1999969,-172.8
a118.8x-172.8,118.8,-172.8,-180,0,118.8000031,-172.8
a122.4x-172.8,122.4,-172.8,-180,0,122.4000015,-172.8
a126x-172.8,126,-172.8,-180,0,126,-172.8
a129.6x-172.8,129.6,-172.8,-180,0,129.6000061,-172.8
a133.2x-172.8,133.2,-172.8,-180,0,133.1999969,-172.8
a136.8x-172.8,136.8,-172.8,-180,0,136.8000031,-172.8
a140.4x-172.8,140.4,-172.8,-180,0,140.3999939,-172.8
a144x-172.8,144,-172.8,-180,0,144,-172.8
a147.6x-172.8,147.6,-172.8,-180,0,147.6000061,-172.8
a151.2x-172.8,151.2,-172.8,-180,0,151.1999969,-172.8
a154.8x-172.8,154.8,-172.8,-180,0,154.8000031,-172.8
a158.4x-172.8,158.4,-172.8,-180,0,158.3999939,-172.8
a162x-172.8,162,-172.8,-180,0,162,-172.8
a165.6x-172.8,165.6,-172.8,-180,0,165.6000061,-172.8
a169.2x-172.8,169.2,-172.8,-180,0,169.1999969,-172.8
a172.8x-172.8,172.8,-172.8,-180,0,172.8000031,-172.8
a176.4x-172.8,176.4,-172.8,-180,0,176.3999939,-172.8
a-180x-169.2,-180,-169.2,-180,0,-180,-169.2
a-176.4x-169.2,-176.4,-169.2,-180,0,-176.3999939,-169.2
a-172.8x-169.2,-172.8,-169.2,-180,0,-172.8000031,-169.2
a-169.2x-169.2,-169.2,-169.2,-180,0,-169.1999969,-169.2
a-165.6x-169.2,-165.6,-169.2,-180,0,-165.6000061,-169.2
a-162x-169.2,-162,-169.2,-180,0,-162,-169.2
a-158.4x-169.2,-158.4,-169.2,-180,0,-158.3999939,-169.2
a-154.8x-169.2,-154.8,-169.2,-180,0,-154.8000031,-169.2
a-151.2x-169.2,-151.2,-169.2,-180,0,-151.1999969,-169.2
a-147.6x-169.2,-147.6,-169.2,-180,0,-147.6000061,-169.2
a-144x-169.2,-144,-169.2,-180,0,-144,-169.2
a-140.4x-169.2,-140.4,-169.2,-180,0,-140.3999939,-169.2
a-136.8x-169.2,-136.8,-169.2,-180,0,-136.8000031,-169.2
a-133.2x-169.2,-133.2,-169.2,-180,0,-133.1999969,-169.2
a-129.6x-169.2,-129.6,-169.2,-180,0,-129.6000061,-169.2
a-126x-169.2,-126,-169.2,-180,0,-126,-169.2
a-122.4x-169.2,-122.4,-169.2,-180,0,-122.4000015,-169.2
a-118.8x-169.2,-118.8,-169.2,-180,0,-118.8000031,-169.2
a-115.2x-169.2,-115.2,-169.2,-180,0,-115.1999969,-169.2
a-111.6x-169.2,-111.6,-169.2,-180,0,-111.5999985,-169.2
a-108x-169.2,-108,-169.2,-180,0,-108,-169.2
a-104.4x-169.2,-104.4,-169.2,-180,0,-104.4000015,-169.2
a-100.8x-169.2,-100.8,-169.2,-180,0,-100.8000031,-169.2
a-97.2x-169.2,-97.2,-169.2,-180,0,-97.1999969,-169.2
a-93.6x-169.2,-93.6,-169.2,-180,0,-93.5999985,-169.2
a-90x-169.2,-90,-169.2,-180,0,-90,-169.2
a-86.4x-169.2,-86.4,-169.2,-180,0,-86.4000015,-169.2
a-82.8x-169.2,-82.8,-169.2,-180,0,-82.8000031,-169.2
a-79.2x-169.2,-79.2,-169.2,-180,0,-79.1999969,-169.2
a-75.6x-169.2,-75.6,-169.2,-180,0,-75.5999985,-169.2
a-72x-169.2,-72,-169.2,-180,0,-72,-169.2
a-68.4x-169.2,-68.4,-169.2,-180,0,-68.4000015,-169.2
a-64.8x-169.2,-64.8,-169.2,-180,0,-64.8000031,-169.2
a-61.2x-169.2,-61.2,-169.2,-180,0,-61.2000008,-169.2
a-57.6x-169.2,-57.6,-169.2,-180,0,-57.5999985,-169.2
a-54x-169.2,-54,-169.2,-180,0,-54,-169.2
a-50.4x-169.2,-50.4,-169.2,-180,0,-50.4000015,-169.2
a-46.8x-169.2,-46.8,-169.2,-180,0,-46.7999992,-169.2
a-43.2x-169.2,-43.2,-169.2,-180,0,-43.2000008,-169.2
a-39.6x-169.2,-39.6,-169.2,-180,0,-39.5999985,-169.2
a-36x-169.2,-36,-169.2,-180,0,-36,-169.2
a-32.4x-169.2,-32.4,-169.2,-180,0,-32.4000015,-169.2
a-28.8x-169.2,-28.8,-169.2,-180,0,-28.7999992,-169.2
a-25.2x-169.2,-25.2,-169.2,-180,0,-25.2000008,-169.2
a-21.6x-169.2,-21.6,-169.2,-180,0,-21.6000004,-169.2
a-18x-169.2,-18,-169.2,-180,0,-18,-169.2
a-14.4x-169.2,-14.4,-169.2,-180,0,-14.3999996,-169.2
a-10.8x-169.2,-10.8,-169.2,-180,0,-10.8000002,-169.2
a-7.2x-169.2,-7.2,-169.2,-180,0,-7.1999998,-169.2
a-3.6x-169.2,-3.6,-169.2,-180,0,-3.5999999,-169.2
a0x-169.2,0,-169.2,-180,0,0,-169.2
a3.6x-169.2,3.6,-169.2,-180,0,3.5999999,-169.2
a7.2x-169.2,7.2,-169.2,-180,0,7.1999998,-169.2
a10.8x-169.2,10.8,-169.2,-180,0,10.8000002,-169.2
a14.4x-169.2,14.4,-169.2,-180,0,14.3999996,-169.2
a18x-169.2,18,-169.2,-180,0,18,-169.2
a21.6x-169.2,21.6,-169.2,-180,0,21.6000004,-169.2
a25.2x-169.2,25.2,-169.2,-180,0,25.2000008,-169.2
a28.8x-169.2,28.8,-169.2,-180,0,28.7999992,-169.2
a32.4x-169.2,32.4,-169.2,-180,0,32.4000015,-169.2
a36x-169.2,36,-169.2,-180,0,36,-169.2
a39.6x-169.2,39.6,-169.2,-180,0,39.5999985,-169.2
a43.2x-169.2,43.2,-169.2,-180,0,43.2000008,-169.2
a46.8x-169.2,46.8,-169.2,-180,0,46.7999992,-169.2
a50.4x-169.2,50.4,-169.2,-180,0,50.4000015,-169.2
a54x-169.2,54,-169.2,-180,0,54,-169.2
a57.6x-169.2,57.6,-169.2,-180,0,57.5999985,-169.2
a61.2x-169.2,61.2,-169.2,-180,0,61.2000008,-169.2
a64.8x-169.2,64.8,-169.2,-180,0,64.8000031,-169.2
a68.4x-169.2,68.4,-169.2,-180,0,68.4000015,-169.2
a72x-169.2,72,-169.2,-180,0,72,-169.2
a75.6x-169.2,75.6,-169.2,-180,0,75.5999985,-169.2
a79.2x-169.2,79.2,-169.2,-180,0,79.1999969,-169.2
a82.8x-169.2,82.8,-169.2,-180,0,82.8000031,-169.2
a86.4x-169.2,86.4,-169.2,-180,0,86.4000015,-169.2
a90x-169.2,90,-169.2,-180,0,90,-169.2
a93.6x-169.2,93.6,-169.2,-180,0,93.5999985,-169.2
a97.2x-169.2,97.2,-169.2,-180,0,97.1999969,-169.2
a100.8x-169.2,100.8,-169.2,-180,0,100.8000031,-169.2
a104.4x-169.2,104.4,-169.2,-180,0,104.4000015,-169.2
a108x-169.2,108,-169.2,-180,0,108,-169.2
a111.6x-169.2,111.6,-169.2,-180,0,111.5999985,-169.2
a115.2x-169.2,115.2,-169.2,-180,0,115.1999969,-169.2
a118.8x-169.2,118.8,-169.2,-180,0,118.8000031,-169.2
a122.4x-169.2,122.4,-169.2,-180,0,122.4000015,-169.2
a126x-169.2,126,-169.2,-180,0,126,-169.2
a129.6x-169.2,129.6,-169.2,-180,0,129.6000061,-169.2
a133.2x-169.2,133.2,-169.2,-180,0,133.1999969,-169.2
a136.8x-169.2,136.8,-169.2,-180,0,136.8000031,-169.2
a140.4x-169.2,140.4,-169.2,-180,0,140.3999939,-169.2
a144x-169.2,144,-169.2,-180,0,144,-169.2
a147.6x-169.2,147.6,-169.2,-180,0,147.6000061,-169.2
a151.2x-169.2,151.2,-169.2,-180,0,151.1999969,-169.2
a154.8x-169.2,154.8,-169.2,-180,0,154.8000031,-169.2
a158.4x-169.2,158.4,-169.2,-180,0,158.3999939,-169.2
a162x-169.2,162,-169.2,-180,0,162,-169.2
a165.6x-169.2,165.6,-169.2,-180,0,165.6000061,-169.2
a169.2x-169.2,169.2,-169.2,-180,0,169.1999969,-169.2
a172.8x-169.2,172.8,-169.2,-180,0,172.8000031,-169.2
a176.4x-169.2,176.4,-169.2,-180,0,176.3999939,-169.2
a-180x-165.6,-180,-165.6,-180,0,-180,-165.6
a-176.4x-165.6,-176.4,-165.6,-180,0,-176.3999939,-165.6
a-172.8x-165.6,-172.8,-165.6,-180,0,-172.8000031,-165.6
a-169.2x-165.6,-169.2,-165.6,-180,0,-169.1999969,-165.6
a-165.6x-165.6,-165.6,-165.6,-180,0,-165.6000061,-165.6
a-162x-165.6,-162,-165.6,-180,0,-162,-165.6
a-158.4x-165.6,-158.4,-165.6,-180,0,-158.3999939,-165.6
a-154.8x-165.6,-154.8,-165.6,-180,0,-154.8000031,-165.6
a-151.2x-165.6,-151.2,-165.6,-180,0,-151.1999969,-165.6
a-147.6x-165.6,-147.6,-165.6,-180,0,-147.6000061,-165.6
a-144x-165.6,-144,-165.6,-180,0,-144,-165.6
a-140.4x-165.6,-140.4,-165.6,-180,0,-140.3999939,-165.6
a-136.8x-165.6,-136.8,-165.6,-180,0,-136.8000031,-165.6
a-133.2x-165.6,-133.2,-165.6,-180,0,-133.1999969,-165.6
a-129.6x-165.6,-129.6,-165.6,-180,0,-129.6000061,-165.6
a-126x-165.6,-126,-165.6,-180,0,-126,-165.6
a-122.4x-165.6,-122.4,-165.6,-180,0,-122.4000015,-165.6
a-118.8x-165.6,-118.8,-165.6,-180,0,-118.8000031,-165.6
a-115.2x-165.6,-115.2,-165.6,-180,0,-115.1999969,-165.6
a-111.6x-165.6,-111.6,-165.6,-180,0,-111.5999985,-165.6
a-108x-165.6,-108,-165.6,-180,0,-108,-165.6
a-104.4x-165.6,-104.4,-165.6,-180,0,-104.4000015,-165.6
a-100.8x-165.6,-100.8,-165.6,-180,0,-100.8000031,-165.6
a-97.2x-165.6,-97.2,-165.6,-180,0,-97.1999969,-165.6
a-93.6x-165.6,-93.6,-165.6,-180,0,-93.5999985,-165.6
a-90x-165.6,-90,-165.6,-180,0,-90,-165.6
a-86.4x-165.6,-86.4,-165.6,-180,0,-86.4000015,-165.6
a-82.8x-165.6,-82.8,-165.6,-180,0,-82.8000031,-165.6
a-79.2x-165.6,-79.2,-165.6,-180,0,-79.1999969,-165.6
a-75.6x-165.6,-75.6,-165.6,-180,0,-75.5999985,-165.6
a-72x-165.6,-72,-165.6,-180,0,-72,-165.6
a-68.4x-165.6,-68.4,-165.6,-180,0,-68.4000015,-165.6
a-64.8x-165.6,-64.8,-165.6,-180,0,-64.8000031,-165.6
a-61.2x-165.6,-61.2,-165.6,-180,0,-61.2000008,-165.6
a-57.6x-165.6,-57.6,-165.6,-180,0,-57.5999985,-165.6
a-54x-165.6,-54,-165.6,-180,0,-54,-165.6
a-50.4x-165.6,-50.4,-165.6,-180,0,-50.4000015,-165.6
a-46.8x-165.6,-46.8,-165.6,-180,0,-46.7999992,-165.6
a-43.2x-165.6,-43.2,-165.6,-180,0,-43.2000008,-165.6
a-39.6x-165.6,-39.6,-165.6,-180,0,-39.5999985,-165.6
a-36x-165.6,-36,-165.6,-180,0,-36,-165.6
a-32.4x-165.6,-32.4,-165.6,-180,0,-32.4000015,-165.6
a-28.8x-165.6,-28.8,-165.6,-180,0,-28.7999992,-165.6
a-25.2x-165.6,-25.2,-165.6,-180,0,-25.2000008,-165.6
a-21.6x-165.6,-21.6,-165.6,-180,0,-21.6000004,-165.6
a-18x-165.6,-18,-165.6,-180,0,-18,-165.6
a-14.4x-165.6,-14.4,-165.6,-180,0,-14.3999996,-165.6
a-10.8x-165.6,-10.8,-165.6,-180,0,-10.8000002,-165.6
a-7.2x-165.6,-7.2,-165.6,-180,0,-7.1999998,-165.6
a-3.6x-165.6,-3.6,-165.6,-180,0,-3.5999999,-165.6
a0x-165.6,0,-165.6,-180,0,0,-165.6
a3.6x-165.6,3.6,-165.6,-180,0,3.5999999,-165.6
a7.2x-165.6,7.2,-165.6,-180,0,7.1999998,-165.6
a10.8x-165.6,10.8,-165.6,-180,0,10.8000002,-165.6
a14.4x-165.6,14.4,-165.6,-180,0,14.3999996,-165.6
a18x-165.6,18,-165.6,-180,0,18,-165.6
a21.6x-165.6,21.6,-165.6,-180,0,21.6000004,-165.6
a25.2x-165.6,25.2,-165.6,-180,0,25.2000008,-165.6
a28.8x-165.6,28.8,-165.6,-180,0,28.7999992,-165.6
a32.4x-165.6,32.4,-165.6,-180,0,32.4000015,-165.6
a36x-165.6,36,-165.6,-180,0,36,-165.6
a39.6x-165.6,39.6,-165.6,-180,0,39.5999985,-165.6
a43.2x-165.6,43.2,-165.6,-180,0,43.2000008,-165.6
a46.8x-165.6,46.8,-165.6,-180,0,46.7999992,-165.6
a50.4x-165.6,50.4,-165.6,-180,0,50.4000015,-165.6
a54x-165.6,54,-165.6,-180,0,54,-165.6
a57.6x-165.6,57.6,-165.6,-180,0,57.5999985,-165.6
a61.2x-165.6,61.2,-165.6,-180,0,61.2000008,-165.6
a64.8x-165.6,64.8,-165.6,-180,0,64.8000031,-165.6
a68.4x-165.6,68.4,-165.6,-180,0,68.4000015,-165.6
a72x-165.6,72,-165.6,-180,0,72,-165.6
a75.6x-165.6,75.6,-165.6,-180,0,75.5999985,-165.6
a79.2x-165.6,79.2,-165.6,-180,0,79.1999969,-165.6
a82.8x-165.6,82.8,-165.6,-180,0,82.8000031,-165.6
a86.4x-165.6,86.4,-165.6,-180,0,86.4000015,-165.6
a90x-165.6,90,-165.6,-180,0,90,-165.6
a93.6x-165.6,93.6,-165.6,-180,0,93.5999985,-165.6
a97.2x-165.6,97.2,-165.6,-180,0,97.1999969,-165.6
a100.8x-165.6,100.8,-165.6,-180,0,100.8000031,-165.6
a104.4x-165.6,104.4,-165.6,-180,0,104.4000015,-165.6
a108x-165.6,108,-165.6,-180,0,108,-165.6
a111.6x-165.6,111.6,-165.6,-180,0,111.5999985,-165.6
a115.2x-165.6,115.2,-165.6,-180,0,115.1999969,-165.6
a118.8x-165.6,118.8,-165.6,-180,0,118.8000031,-165.6
a122.4x-165.6,122.4,-165.6,-180,0,122.4000015,-165.6
a126x-165.6,126,-165.6,-180,0,126,-165.6
a129.6x-165.6,129.6,-165.6,-180,0,129.6000061,-165.6
a133.2x-165.6,133.2,-165.6,-180,0,133.1999969,-165.6
a136.8x-165.6,136.8,-165.6,-180,0,136.8000031,-165.6
a140.4x-165.6,140.4,-165.6,-180,0,140.3999939,-165.6
a144x-165.6,144,-165.6,-180,0,144,-165.6
a147.6x-165.6,147.6,-165.6,-180,0,147.6000061,-165.6
a151.2x-165.6,151.2,-165.6,-180,0,151.1999969,-165.6
a154.8x-165.6,154.8,-165.6,-180,0,154.8000031,-165.6
a158.4x-165.6,158.4,-165.6,-180,0,158.3999939,-165.6
a162x-165.6,162,-165.6,-180,0,162,-165.6
a165.6x-165.6,165.6,-165.6,-180,0,165.6000061,-165.6
a169.2x-165.6,169.2,-165.6,-180,0,169.1999969,-165.6
a172.8x-165.6,172.8,-165.6,-180,0,172.8000031,-165.6
a176.4x-165.6,176.4,-165.6,-180,0,176.3999939,-165.6
a-180x-162,-180,-162,-180,0,-180,-162
a-176.4x-162,-176.4,-162,-180,0,-176.3999939,-162
a-172.8x-162,-172.8,-162,-180,0,-172.8000031,-162
a-169.2x-162,-169.2,-162,-180,0,-169.1999969,-162
a-165.6x-162,-165.6,-162,-180,0,-165.6000061,-162
a-162x-162,-162,-162,-180,0,-162,-162
a-158.4x-162,-158.4,-162,-180,0,-158.3999939,-162
a-154.8x-162,-154.8,-162,-180,0,-154.8000031,-162
a-151.2x-162,-151.2,-162,-180,0,-151.1999969,-162
a-147.6x-162,-147.6,-162,-180,0,-147.6000061,-162
a-144x-162,-144,-162,-180,0,-144,-162
a-140.4x-162,-140.4,-162,-180,0,-140.3999939,-162
a-136.8x-162,-136.8,-162,-180,0,-136.8000031,-162
a-133.2x-162,-133.2,-162,-180,0,-133.1999969,-162
a-129.6x-162,-129.6,-162,-180,0,-129.6000061,-162
a-126x-162,-126,-162,-180,0,-126,-162
a-122.4x-162,-122.4,-162,-180,0,-122.4000015,-162
a-118.8x-162,-118.8,-162,-180,0,-118.8000031,-162
a-115.2x-162,-115.2,-162,-180,0,-115.1999969,-162
a-111.6x-162,-111.6,-162,-180,0,-111.5999985,-162
a-108x-162,-108,-162,-180,0,-108,-162
a-104.4x-162,-104.4,-162,-180,0,-104.4000015,-162
a-100.8x-162,-100.8,-162,-180,0,-100.8000031,-162
a-97.2x-162,-97.2,-162,-180,0,-97.1999969,-162
a-93.6x-162,-93.6,-162,-180,0,-93.5999985,-162
a-90x-162,-90,-162,-180,0,-90,-162
a-86.4x-162,-86.4,-162,-180,0,-86.4000015,-162
a-82.8x-162,-82.8,-162,-180,0,-82.8000031,-162
a-79.2x-162,-79.2,-162,-180,0,-79.1999969,-162
a-75.6x-162,-75.6,-162,-180,0,-75.5999985,-162
a-72x-162,-72,-162,-180,0,-72,-162
a-68.4x-162,-68.4,-162,-180,0,-68.4000015,-162
a-64.8x-162,-64.8,-162,-180,0,-64.8000031,-162
a-61.2x-162,-61.2,-162,-180,0,-61.2000008,-162
a-57.6x-162,-57.6,-162,-180,0,-57.5999985,-162
a-54x-162,-54,-162,-180,0,-54,-162
a-50.4x-162,-50.4,-162,-180,0,-50.4000015,-162
a-46.8x-162,-46.8,-162,-180,0,-46.7999992,-162
a-43.2x-162,-43.2,-162,-180,0,-43.2000008,-162
a-39.6x-162,-39.6,-162,-180,0,-39.5999985,-162
a-36x-162,-36,-162,-180,0,-36,-162
a-32.4x-162,-32.4,-162,-180,0,-32.4000015,-162
a-28.8x-162,-28.8,-162,-180,0,-28.7999992,-162
a-25.2x-162,-25.2,-162,-180,0,-25.2000008,-162
a-21.6x-162,-21.6,-162,-180,0,-21.6000004,-162
a-18x-162,-18,-162,-180,0,-18,-162
a-14.4x-162,-14.4,-162,-180,0,-14.3999996,-162
a-10.8x-162,-10.8,-162,-180,0,-10.8000002,-162
a-7.2x-162,-7.2,-162,-180,0,-7.1999998,-162
a-3.6x-162,-3.6,-162,-180,0,-3.5999999,-162
a0x-162,0,-162,-180,0,0,-162
a3.6x-162,3.6,-162,-180,0,3.5999999,-162
a7.2x-162,7.2,-162,-180,0,7.1999998,-162
a10.8x-162,10.8,-162,-180,0,10.8000002,-162
a14.4x-162,14.4,-162,-180,0,14.3999996,-162
a18x-162,18,-162,-180,0,18,-162
a21.6x-162,21.6,-162,-180,0,21.6000004,-162
a25.2x-162,25.2,-162,-180,0,25.2000008,-162
a28.8x-162,28.8,-162,-180,0,28.7999992,-162
a32.4x-162,32.4,-162,-180,0,32.4000015,-162
a36x-162,36,-162,-180,0,36,-162
a39.6x-162,39.6,-162,-180,0,39.5999985,-162
a43.2x-162,43.2,-162,-180,0,43.2000008,-162
a46.8x-162,46.8,-162,-180,0,46.7999992,-162
a50.4x-162,50.4,-162,-180,0,50.4000015,-162
a54x-162,54,-162,-180,0,54,-162
a57.6x-162,57.6,-162,-180,0,57.5999985,-162
a61.2x-162,61.2,-162,-180,0,61.2000008,-162
a64.8x-162,64.8,-162,-180,0,64.8000031,-162
a68.4x-162,68.4,-162,-180,0,68.4000015,-162
a72x-162,72,-162,-180,0,72,-162
a75.6x-162,75.6,-162,-180,0,75.5999985,-162
a79.2x-162,79.2,-162,-180,0,79.1999969,-162
a82.8x-162,82.8,-162,-180,0,82.8000031,-162
a86.4x-162,86.4,-162,-180,0,86.4000015,-162
a90x-162,90,-162,-180,0,90,-162
a93.6x-162,93.6,-162,-180,0,93.5999985,-162
a97.2x-162,97.2,-162,-180,0,97.1999969,-162
a100.8x-162,100.8,-162,-180,0,100.8000031,-162
a104.4x-162,104.4,-162,-180,0,104.4000015,-162
a108x-162,108,-162,-180,0,108,-162
a111.6x-162,111.6,-162,-180,0,111.5999985,-162
a115.2x-162,115.2,-162,-180,0,115.1999969,-162
a118.8x-162,118.8,-162,-180,0,118.8000031,-162
a122.4x-162,122.4,-162,-180,0,122.4000015,-162
a126x-162,126,-162,-180,0,126,-162
a129.6x-162,129.6,-162,-180,0,129.6000061,-162
a133.2x-162,133.2,-162,-180,0,133.1999969,-162
a136.8x-162,136.8,-162,-180,0,136.8000031,-162
a140.4x-162,140.4,-162,-180,0,140.3999939,-162
a144x-162,144,-162,-180,0,144,-162
a147.6x-162,147.6,-162,-180,0,147.6000061,-162
a151.2x-162,151.2,-162,-180,0,151.1999969,-162
a154.8x-162,154.8,-162,-180,0,154.8000031,-162
a158.4x-162,158.4,-162,-180,0,158.3999939,-162
a162x-162,162,-162,-180,0,162,-162
a165.6x-162,165.6,-162,-180,0,165.6000061,-162
a169.2x-162,169.2,-162,-180,0,169.1999969,-162
a172.8x-162,172.8,-162,-180,0,172.8000031,-162
a176.4x-162,176.4,-162,-180,0,176.3999939,-162
a-180x-158.4,-180,-158.4,-180,0,-180,-158.4
a-176.4x-158.4,-176.4,-158.4,-180,0,-176.3999939,-158.4
a-172.8x-158.4,-172.8,-158.4,-180,0,-172.8000031,-158.4
a-169.2x-158.4,-169.2,-158.4,-180,0,-169.1999969,-158.4
a-165.6x-158.4,-165.6,-158.4,-180,0,-165.6000061,-158.4
a-162x-158.4,-162,-158.4,-180,0,-162,-158.4
a-158.4x-158.4,-158.4,-158.4,-180,0,-158.3999939,-158.4
a-154.8x-158.4,-154.8,-158.4,-180,0,-154.8000031,-158.4
a-151.2x-158.4,-151.2,-158.4,-180,0,-151.1999969,-158.4
a-147.6x-158.4,-147.6,-158.4,-180,0,-147.6000061,-158.4
a-144x-158.4,-144,-158.4,-180,0,-144,-158.4
a-140.4x-158.4,-140.4,-158.4,-180,0,-140.3999939,-158.4
a-136.8x-158.4,-136.8,-158.4,-180,0,-136.8000031,-158.4
a-133.2x-158.4,-133.2,-158.4,-180,0,-133.1999969,-158.4
a-129.6x-158.4,-129.6,-158.4,-180,0,-129.6000061,-158.4
a-126x-158.4,-126,-158.4,-180,0,-126,-158.4
a-122.4x-158.4,-122.4,-158.4,-180,0,-122.4000015,-158.4
a-118.8x-158.4,-118.8,-158.4,-180,0,-118.8000031,-158.4
a-115.2x-158.4,-115.2,-158.4,-180,0,-115.1999969,-158.4
a-111.6x-158.4,-111.6,-158.4,-180,0,-111.5999985,-158.4
a-108x-158.4,-108,-158.4,-180,0,-108,-158.4
a-104.4x-158.4,-104.4,-158.4,-180,0,-104.4000015,-158.4
a-100.8x-158.4,-100.8,-158.4,-180,0,-100.8000031,-158.4
a-97.2x-158.4,-97.2,-158.4,-180,0,-97.1999969,-158.4
a-93.6x-158.4,-93.6,-158.4,-180,0,-93.5999985,-158.4
a-90x-158.4,-90,-158.4,-180,0,-90,-158.4
a-86.4x-158.4,-86.4,-158.4,-180,0,-86.4000015,-158.4
a-82.8x-158.4,-82.8,-158.4,-180,0,-82.8000031,-158.4
a-79.2x-158.4,-79.2,-158.4,-180,0,-79.1999969,-158.4
a-75.6x-158.4,-75.6,-158.4,-180,0,-75.5999985,-158.4
a-72x-158.4,-72,-158.4,-180,0,-72,-158.4
a-68.4x-158.4,-68.4,-158.4,-180,0,-68.4000015,-158.4
a-64.8x-158.4,-64.8,-158.4,-180,0,-64.8000031,-158.4
a-61.2x-158.4,-61.2,-158.4,-180,0,-61.2000008,-158.4
a-57.6x-158.4,-57.6,-158.4,-180,0,-57.5999985,-158.4
a-54x-158.4,-54,-158.4,-180,0,-54,-158.4
a-50.4x-158.4,-50.4,-158.4,-180,0,-50.4000015,-158.4
a-46.8x-158.4,-46.8,-158.4,-180,0,-46.7999992,-158.4
a-43.2x-158.4,-43.2,-158.4,-180,0,-43.2000008,-158.4
a-39.6x-158.4,-39.6,-158.4,-180,0,-39.5999985,-158.4
a-36x-158.4,-36,-158.4,-180,0,-36,-158.4
a-32.4x-158.4,-32.4,-158.4,-180,0,-32.4000015,-158.4
a-28.8x-158.4,-28.8,-158.4,-180,0,-28.7999992,-158.4
a-25.2x-158.4,-25.2,-158.4,-180,0,-25.2000008,-158.4
a-21.6x-158.4,-21.6,-158.4,-180,0,-21.6000004,-158.4
a-18x-158.4,-18,-158.4,-180,0,-18,-158.4
a-14.4x-158.4,-14.4,-158.4,-180,0,-14.3999996,-158.4
a-10.8x-158.4,-10.8,-158.4,-180,0,-10.8000002,-158.4
a-7.2x-158.4,-7.2,-158.4,-180,0,-7.1999998,-158.4
a-3.6x-158.4,-3.6,-158.4,-180,0,-3.5999999,-158.4
a0x-158.4,0,-158.4,-180,0,0,-158.4
a3.6x-158.4,3.6,-158.4,-180,0,3.5999999,-158.4
a7.2x-158.4,7.2,-158.4,-180,0,7.1999998,-158.4
a10.8x-158.4,10.8,-158.4,-180,0,10.8000002,-158.4
a14.4x-158.4,14.4,-158.4,-180,0,14.3999996,-158.4
a18x-158.4,18,-158.4,-180,0,18,-158.4
a21.6x-158.4,21.6,-158.4,-180,0,21.6000004,-158.4
a25.2x-158.4,25.2,-158.4,-180,0,25.2000008,-158.4
a28.8x-158.4,28.8,-158.4,-180,0,28.7999992,-158.4
a32.4x-158.4,32.4,-158.4,-180,0,32.4000015,-158.4
a36x-158.4,36,-158.4,-180,0,36,-158.4
a39.6x-158.4,39.6,-158.4,-180,0,39.5999985,-158.4
a43.2x-158.4,43.2,-158.4,-180,0,43.2000008,-158.4
a46.8x-158.4,46.8,-158.4,-180,0,46.7999992,-158.4
a50.4x-158.4,50.4,-158.4,-180,0,50.4000015,-158.4
a54x-158.4,54,-158.4,-180,0,54,-158.4
a57.6x-158.4,57.6,-158.4,-180,0,57.5999985,-158.4
a61.2x-158.4,61.2,-158.4,-180,0,61.2000008,-158.4
a64.8x-158.4,64.8,-158.4,-180,0,64.8000031,-158.4
a68.4x-158.4,68.4,-158.4,-180,0,68.4000015,-158.4
a72x-158.4,72,-158.4,-180,0,72,-158.4
a75.6x-158.4,75.6,-158.4,-180,0,75.5999985,-158.4
a79.2x-158.4,79.2,-158.4,-180,0,79.1999969,-158.4
a82.8x-158.4,82.8,-158.4,-180,0,82.8000031,-158.4
a86.4x-158.4,86.4,-158.4,-180,0,86.4000015,-158.4
a90x-158.4,90,-158.4,-180,0,90,-158.4
a93.6x-158.4,93.6,-158.4,-180,0,93.5999985,-158.4
a97.2x-158.4,97.2,-158.4,-180,0,97.1999969,-158.4
a100.8x-158.4,100.8,-158.4,-180,0,100.8000031,-158.4
a104.4x-158.4,104.4,-158.4,-180,0,104.4000015,-158.4
a108x-158.4,108,-158.4,-180,0,108,-158.4
a111.6x-158.4,111.6,-158.4,-180,0,111.5999985,-158.4
a115.2x-158.4,115.2,-158.4,-180,0,115.1999969,-158.4
a118.8x-158.4,118.8,-158.4,-180,0,118.8000031,-158.4
a122.4x-158.4,122.4,-158.4,-180,0,122.4000015,-158.4
a126x-158.4,126,-158.4,-180,0,126,-158.4
a129.6x-158.4,129.6,-158.4,-180,0,129.6000061,-158.4
a133.2x-158.4,133.2,-158.4,-180,0,133.1999969,-158.4
a136.8x-158.4,136.8,-158.4,-180,0,136.8000031,-158.4
a140.4x-158.4,140.4,-158.4,-180,0,140.3999939,-158.4
a144x-158.4,144,-158.4,-180,0,144,-158.4
a147.6x-158.4,147.6,-158.4,-180,0,147.6000061,-158.4
a151.2x-158.4,151.2,-158.4,-180,0,151.1999969,-158.4
a154.8x-158.4,154.8,-158.4,-180,0,154.8000031,-158.4
a158.4x-158.4,158.4,-158.4,-180,0,158.3999939,-158.4
a162x-158.4,162,-158.4,-180,0,162,-158.4
a165.6x-158.4,165.6,-158.4,-180,0,165.6000061,-158.4
a169.2x-158.4,169.2,-158.4,-180,0,169.1999969,-158.4
a172.8x-158.4,172.8,-158.4,-180,0,172.8000031,-158.4
a176.4x-158.4,176.4,-158.4,-180,0,176.3999939,-158.4
a-180x-154.8,-180,-154.8,-180,0,-180,-154.8
a-176.4x-154.8,-176.4,-154.8,-180,0,-176.3999939,-154.8
a-172.8x-154.8,-172.8,-154.8,-180,0,-172.8000031,-154.8
a-169.2x-154.8,-169.2,-154.8,-180,0,-169.1999969,-154.8
a-165.6x-154.8,-165.6,-154.8,-180,0,-165.6000061,-154.8
a-162x-154.8,-162,-154.8,-180,0,-162,-154.8
a-158.4x-154.8,-158.4,-154.8,-180,0,-158.3999939,-154.8
a-154.8x-154.8,-154.8,-154.8,-180,0,-154.8000031,-154.8
a-151.2x-154.8,-151.2,-154.8,-180,0,-151.1999969,-154.8
a-147.6x-154.8,-147.6,-154.8,-180,0,-147.6000061,-154.8
a-144x-154.8,-144,-154.8,-180,0,-144,-154.8
a-140.4x-154.8,-140.4,-154.8,-180,0,-140.3999939,-154.8
a-136.8x-154.8,-136.8,-154.8,-180,0,-136.8000031,-154.8
a-133.2x-154.8,-133.2,-154.8,-180,0,-133.1999969,-154.8
a-129.6x-154.8,-129.6,-154.8,-180,0,-129.6000061,-154.8
a-126x-154.8,-126,-154.8,-180,0,-126,-154.8
a-122.4x-154.8,-122.4,-154.8,-180,0,-122.4000015,-154.8
a-118.8x-154.8,-118.8,-154.8,-180,0,-118.8000031,-154.8
a-115.2x-154.8,-115.2,-154.8,-180,0,-115.1999969,-154.8
a-111.6x-154.8,-111.6,-154.8,-180,0,-111.5999985,-154.8
a-108x-154.8,-108,-154.8,-180,0,-108,-154.8
a-104.4x-154.8,-104.4,-154.8,-180,0,-104.4000015,-154.8
a-100.8x-154.8,-100.8,-154.8,-180,0,-100.8000031,-154.8
a-97.2x-154.8,-97.2,-154.8,-180,0,-97.1999969,-154.8
a-93.6x-154.8,-93.6,-154.8,-180,0,-93.5999985,-154.8
a-90x-154.8,-90,-154.8,-180,0,-90,-154.8
a-86.4x-154.8,-86.4,-154.8,-180,0,-86.4000015,-154.8
a-82.8x-154.8,-82.8,-154.8,-180,0,-82.8000031,-154.8
a-79.2x-154.8,-79.2,-154.8,-180,0,-79.1999969,-154.8
a-75.6x-154.8,-75.6,-154.8,-180,0,-75.5999985,-154.8
a-72x-154.8,-72,-154.8,-180,0,-72,-154.8
a-68.4x-154.8,-68.4,-154.8,-180,0,-68.4000015,-154.8
a-64.8x-154.8,-64.8,-154.8,-180,0,-64.8000031,-154.8
a-61.2x-154.8,-61.2,-154.8,-180,0,-61.2000008,-154.8
a-57.6x-154.8,-57.6,-154.8,-180,0,-57.5999985,-154.8
a-54x-154.8,-54,-154.8,-180,0,-54,-154.8
a-50.4x-154.8,-50.4,-154.8,-180,0,-50.4000015,-154.8
a-46.8x-154.8,-46.8,-154.8,-180,0,-46.7999992,-154.8
a-43.2x-154.8,-43.2,-154.8,-180,0,-43.2000008,-154.8
a-39.6x-154.8,-39.6,-154.8,-180,0,-39.5999985,-154.8
a-36x-154.8,-36,-154.8,-180,0,-36,-154.8
a-32.4x-154.8,-32.4,-154.8,-180,0,-32.4000015,-154.8
a-28.8x-154.8,-28.8,-154.8,-180,0,-28.7999992,-154.8
a-25.2x-154.8,-25.2,-154.8,-180,0,-25.2000008,-154.8
a-21.6x-154.8,-21.6,-154.8,-180,0,-21.6000004,-154.8
a-18x-154.8,-18,-154.8,-180,0,-18,-154.8
a-14.4x-154.8,-14.4,-154.8,-180,0,-14.3999996,-154.8
a-10.8x-154.8,-10.8,-154.8,-180,0,-10.8000002,-154.8
a-7.2x-154.8,-7.2,-154.8,-180,0,-7.1999998,-154.8
a-3.6x-154.8,-3.6,-154.8,-180,0,-3.5999999,-154.8
a0x-154.8,0,-154.8,-180,0,0,-154.8
a3.6x-154.8,3.6,-154.8,-180,0,3.5999999,-154.8
a7.2x-154.8,7.2,-154.8,-180,0,7.1999998,-154.8
a10.8x-154.8,10.8,-154.8,-180,0,10.8000002,-154.8
a14.4x-154.8,14.4,-154.8,-180,0,14.3999996,-154.8
a18x-154.8,18,-154.8,-180,0,18,-154.8
a21.6x-154.8,21.6,-154.8,-180,0,21.6000004,-154.8
a25.2x-154.8,25.2,-154.8,-180,0,25.2000008,-154.8
a28.8x-154.8,28.8,-154.8,-180,0,28.7999992,-154.8
a32.4x-154.8,32.4,-154.8,-180,0,32.4000015,-154.8
a36x-154.8,36,-154.8,-180,0,36,-154.8
a39.6x-154.8,39.6,-154.8,-180,0,39.5999985,-154.8
a43.2x-154.8,43.2,-154.8,-180,0,43.2000008,-154.8
a46.8x-154.8,46.8,-154.8,-180,0,46.7999992,-154.8
a50.4x-154.8,50.4,-154.8,-180,0,50.4000015,-154.8
a54x-154.8,54,-154.8,-180,0,54,-154.8
a57.6x-154.8,57.6,-154.8,-180,0,57.5999985,-154.8
a61.2x-154.8,61.2,-154.8,-180,0,61.2000008,-154.8
a64.8x-154.8,64.8,-154.8,-180,0,64.8000031,-154.8
a68.4x-154.8,68.4,-154.8,-180,0,68.4000015,-154.8
a72x-154.8,72,-154.8,-180,0,72,-154.8
a75.6x-154.8,75.6,-154.8,-180,0,75.5999985,-154.8
a79.2x-154.8,79.2,-154.8,-180,0,79.1999969,-154.8
a82.8x-154.8,82.8,-154.8,-180,0,82.8000031,-154.8
a86.4x-154.8,86.4,-154.8,-180,0,86.4000015,-154.8
a90x-154.8,90,-154.8,-180,0,90,-154.8
a93.6x-154.8,93.6,-154.8,-180,0,93.5999985,-154.8
a97.2x-154.8,97.2,-154.8,-180,0,97.1999969,-154.8
a100.8x-154.8,100.8,-154.8,-180,0,100.8000031,-154.8
a104.4x-154.8,104.4,-154.8,-180,0,104.4000015,-154.8
a108x-154.8,108,-154.8,-180,0,108,-154.8
a111.6x-154.8,111.6,-154.8,-180,0,111.5999985,-154.8
a115.2x-154.8,115.2,-154.8,-180,0,115.1999969,-154.8
a118.8x-154.8,118.8,-154.8,-180,0,118.8000031,-154.8
a122.4x-154.8,122.4,-154.8,-180,0,122.4000015,-154.8
a126x-154.8,126,-154.8,-180,0,126,-154.8
a129.6x-154.8,129.6,-154.8,-180,0,129.6000061,-154.8
a133.2x-154.8,133.2,-154.8,-180,0,133.1999969,-154.8
a136.8x-154.8,136.8,-154.8,-180,0,136.8000031,-154.8
a140.4x-154.8,140.4,-154.8,-180,0,140.3999939,-154.8
a144x-154.8,144,-154.8,-180,0,144,-154.8
a147.6x-154.8,147.6,-154.8,-180,0,147.6000061,-154.8
a151.2x-154.8,151.2,-154.8,-180,0,151.1999969,-154.8
a154.8x-154.8,154.8,-154.8,-180,0,154.8000031,-154.8
a158.4x-154.8,158.4,-154.8,-180,0,158.3999939,-154.8
a162x-154.8,162,-154.8,-180,0,162,-154.8
a165.6x-154.8,165.6,-154.8,-180,0,165.6000061,-154.8
a169.2x-154.8,169.2,-154.8,-180,0,169.1999969,-154.8
a172.8x-154.8,172.8,-154.8,-180,0,172.8000031,-154.8
a176.4x-154.8,176.4,-154.8,-180,0,176.3999939,-154.8
a-180x-151.2,-180,-151.2,-180,0,-180,-151.2
a-176.4x-151.2,-176.4,-151.2,-180,0,-176.3999939,-151.2
a-172.8x-151.2,-172.8,-151.2,-180,0,-172.8000031,-151.2
a-169.2x-151.2,-169.2,-151.2,-180,0,-169.1999969,-151.2
a-165.6x-151.2,-165.6,-151.2,-180,0,-165.6000061,-151.2
a-162x-151.2,-162,-151.2,-180,0,-162,-151.2
a-158.4x-151.2,-158.4,-151.2,-180,0,-158.3999939,-151.2
a-154.8x-151.2,-154.8,-151.2,-180,0,-154.8000031,-151.2
a-151.2x-151.2,-151.2,-151.2,-180,0,-151.1999969,-151.2
a-147.6x-151.2,-147.6,-151.2,-180,0,-147.6000061,-151.2
a-144x-151.2,-144,-151.2,-180,0,-144,-151.2
a-140.4x-151.2,-140.4,-151.2,-180,0,-140.3999939,-151.2
a-136.8x-151.2,-136.8,-151.2,-180,0,-136.8000031,-151.2
a-133.2x-151.2,-133.2,-151.2,-180,0,-133.1999969,-151.2
a-129.6x-151.2,-129.6,-151.2,-180,0,-129.6000061,-151.2
a-126x-151.2,-126,-151.2,-180,0,-126,-151.2
a-122.4x-151.2,-122.4,-151.2,-180,0,-122.4000015,-151.2
a-118.8x-151.2,-118.8,-151.2,-180,0,-118.8000031,-151.2
a-115.2x-151.2,-115.2,-151.2,-180,0,-115.1999969,-151.2
a-111.6x-151.2,-111.6,-151.2,-180,0,-111.5999985,-151.2
a-108x-151.2,-108,-151.2,-180,0,-108,-151.2
a-104.4x-151.2,-104.4,-151.2,-180,0,-104.4000015,-151.2
a-100.8x-151.2,-100.8,-151.2,-180,0,-100.8000031,-151.2
a-97.2x-151.2,-97.2,-151.2,-180,0,-97.1999969,-151.2
a-93.6x-151.2,-93.6,-151.2,-180,0,-93.5999985,-151.2
a-90x-151.2,-90,-151.2,-180,0,-90,-151.2
a-86.4x-151.2,-86.4,-151.2,-180,0,-86.4000015,-151.2
a-82.8x-151.2,-82.8,-151.2,-180,0,-82.8000031,-151.2
a-79.2x-151.2,-79.2,-151.2,-180,0,-79.1999969,-151.2
a-75.6x-151.2,-75.6,-151.2,-180,0,-75.5999985,-151.2
a-72x-151.2,-72,-151.2,-180,0,-72,-151.2
a-68.4x-151.2,-68.4,-151.2,-180,0,-68.4000015,-151.2
a-64.8x-151.2,-64.8,-151.2,-180,0,-64.8000031,-151.2
a-61.2x-151.2,-61.2,-151.2,-180,0,-61.2000008,-151.2
a-57.6x-151.2,-57.6,-151.2,-180,0,-57.5999985,-151.2
a-54x-151.2,-54,-151.2,-180,0,-54,-151.2
a-50.4x-151.2,-50.4,-151.2,-180,0,-50.4000015,-151.2
a-46.8x-151.2,-46.8,-151.2,-180,0,-46.7999992,-151.2
a-43.2x-151.2,-43.2,-151.2,-180,0,-43.2000008,-151.2
a-39.6x-151.2,-39.6,-151.2,-180,0,-39.5999985,-151.2
a-36x-151.2,-36,-151.2,-180,0,-36,-151.2
a-32.4x-151.2,-32.4,-151.2,-180,0,-32.4000015,-151.2
a-28.8x-151.2,-28.8,-151.2,-180,0,-28.7999992,-151.2
a-25.2x-151.2,-25.2,-151.2,-180,0,-25.2000008,-151.2
a-21.6x-151.2,-21.6,-151.2,-180,0,-21.6000004,-151.2
a-18x-151.2,-18,-151.2,-180,0,-18,-151.2
a-14.4x-151.2,-14.4,-151.2,-180,0,-14.3999996,-151.2
a-10.8x-151.2,-10.8,-151.2,-180,0,-10.8000002,-151.2
a-7.2x-151.2,-7.2,-151.2,-180,0,-7.1999998,-151.2
a-3.6x-151.2,-3.6,-151.2,-180,0,-3.5999999,-151.2
a0x-151.2,0,-151.2,-180,0,0,-151.2
a3.6x-151.2,3.6,-151.2,-180,0,3.5999999,-151.2
a7.2x-151.2,7.2,-151.2,-180,0,7.1999998,-151.2
a10.8x-151.2,10.8,-151.2,-180,0,10.8000002,-151.2
a14.4x-151.2,14.4,-151.2,-180,0,14.3999996,-151.2
a18x-151.2,18,-151.2,-180,0,18,-151.2
a21.6x-151.2,21.6,-151.2,-180,0,21.6000004,-151.2
a25.2x-151.2,25.2,-151.2,-180,0,25.2000008,-151.2
a28.8x-151.2,28.8,-151.2,-180,0,28.7999992,-151.2
a32.4x-151.2,32.4,-151.2,-180,0,32.4000015,-151.2
a36x-151.2,36,-151.2,-180,0,36,-151.2
a39.6x-151.2,39.6,-151.2,-180,0,39.5999985,-151.2
a43.2x-151.2,43.2,-151.2,-180,0,43.2000008,-151.2
a46.8x-151.2,46.8,-151.2,-180,0,46.7999992,-151.2
a50.4x-151.2,50.4,-151.2,-180,0,50.4000015,-151.2
a54x-151.2,54,-151.2,-180,0,54,-151.2
a57.6x-151.2,57.6,-151.2,-180,0,57.5999985,-151.2
a61.2x-151.2,61.2,-151.2,-180,0,61.2000008,-151.2
a64.8x-151.2,64.8,-151.2,-180,0,64.8000031,-151.2
a68.4x-151.2,68.4,-151.2,-180,0,68.4000015,-151.2
a72x-151.2,72,-151.2,-180,0,72,-151.2
a75.6x-151.2,75.6,-151.2,-180,0,75.5999985,-151.2
a79.2x-151.2,79.2,-151.2,-180,0,79.1999969,-151.2
a82.8x-151.2,82.8,-151.2,-180,0,82.8000031,-151.2
a86.4x-151.2,86.4,-151.2,-180,0,86.4000015,-151.2
a90x-151.2,90,-151.2,-180,0,90,-151.2
a93.6x-151.2,93.6,-151.2,-180,0,93.5999985,-151.2
a97.2x-151.2,97.2,-151.2,-180,0,97.1999969,-151.2
a100.8x-151.2,100.8,-151.2,-180,0,100.8000031,-151.2
a104.4x-151.2,104.4,-151.2,-180,0,104.4000015,-151.2
a108x-151.2,108,-151.2,-180,0,108,-151.2
a111.6x-151.2,111.6,-151.2,-180,0,111.5999985,-151.2
a115.2x-151.2,115.2,-151.2,-180,0,115.1999969,-151.2
a118.8x-151.2,118.8,-151.2,-180,0,118.8000031,-151.2
a122.4x-151.2,122.4,-151.2,-180,0,122.4000015,-151.2
a126x-151.2,126,-151.2,-180,0,126,-151.2
a129.6x-151.2,129.6,-151.2,-180,0,129.6000061,-151.2
a133.2x-151.2,133.2,-151.2,-180,0,133.1999969,-151.2
a136.8x-151.2,136.8,-151.2,-180,0,136.8000031,-151.2
a140.4x-151.2,140.4,-151.2,-180,0,140.3999939,-151.2
a144x-151.2,144,-151.2,-180,0,144,-151.2
a147.6x-151.2,147.6,-151.2,-180,0,147.6000061,-151.2
a151.2x-151.2,151.2,-151.2,-180,0,151.1999969,-151.2
a154.8x-151.2,154.8,-151.2,-180,0,154.8000031,-151.2
a158.4x-151.2,158.4,-151.2,-180,0,158.3999939,-151.2
a162x-151.2,162,-151.2,-180,0,162,-151.2
a165.6x-151.2,165.6,-151.2,-180,0,165.6000061,-151.2
a169.2x-151.2,169.2,-151.2,-180,0,169.1999969,-151.2
a172.8x-151.2,172.8,-151.2,-180,0,172.8000031,-151.2
a176.4x-151.2,176.4,-151.2,-180,0,176.3999939,-151.2
a-180x-147.6,-180,-147.6,-180,0,-180,-147.6
a-176.4x-147.6,-176.4,-147.6,-180,0,-176.3999939,-147.6
a-172.8x-147.6,-172.8,-147.6,-180,0,-172.8000031,-147.6
a-169.2x-147.6,-169.2,-147.6,-180,0,-169.1999969,-147.6
a-165.6x-147.6,-165.6,-147.6,-180,0,-165.6000061,-147.6
a-162x-147.6,-162,-147.6,-180,0,-162,-147.6
a-158.4x-147.6,-158.4,-147.6,-180,0,-158.3999939,-147.6
a-154.8x-147.6,-154.8,-147.6,-180,0,-154.8000031,-147.6
a-151.2x-147.6,-151.2,-147.6,-180,0,-151.1999969,-147.6
a-147.6x-147.6,-147.6,-147.6,-180,0,-147.6000061,-147.6
a-144x-147.6,-144,-147.6,-180,0,-144,-147.6
a-140.4x-147.6,-140.4,-147.6,-180,0,-140.3999939,-147.6
a-136.8x-147.6,-136.8,-147.6,-180,0,-136.8000031,-147.6
a-133.2x-147.6,-133.2,-147.6,-180,0,-133.1999969,-147.6
a-129.6x-147.6,-129.6,-147.6,-180,0,-129.6000061,-147.6
a-126x-147.6,-126,-147.6,-180,0,-126,-147.6
a-122.4x-147.6,-122.4,-147.6,-180,0,-122.4000015,-147.6
a-118.8x-147.6,-118.8,-147.6,-180,0,-118.8000031,-147.6
a-115.2x-147.6,-115.2,-147.6,-180,0,-115.1999969,-147.6
a-111.6x-147.6,-111.6,-147.6,-180,0,-111.5999985,-147.6
a-108x-147.6,-108,-147.6,-180,0,-108,-147.6
a-104.4x-147.6,-104.4,-147.6,-180,0,-104.4000015,-147.6
a-100.8x-147.6,-100.8,-147.6,-180,0,-100.8000031,-147.6
a-97.2x-147.6,-97.2,-147.6,-180,0,-97.1999969,-147.6
a-93.6x-147.6,-93.6,-147.6,-180,0,-93.5999985,-147.6
a-90x-147.6,-90,-147.6,-180,0,-90,-147.6
a-86.4x-147.6,-86.4,-147.6,-180,0,-86.4000015,-147.6
a-82.8x-147.6,-82.8,-147.6,-180,0,-82.8000031,-147.6
a-79.2x-147.6,-79.2,-147.6,-180,0,-79.1999969,-147.6
a-75.6x-147.6,-75.6,-147.6,-180,0,-75.5999985,-147.6
a-72x-147.6,-72,-147.6,-180,0,-72,-147.6
a-68.4x-147.6,-68.4,-147.6,-180,0,-68.4000015,-147.6
a-64.8x-147.6,-64.8,-147.6,-180,0,-64.8000031,-147.6
a-61.2x-147.6,-61.2,-147.6,-180,0,-61.2000008,-147.6
a-57.6x-147.6,-57.6,-147.6,-180,0,-57.5999985,-147.6
a-54x-147.6,-54,-147.6,-180,0,-54,-147.6
a-50.4x-147.6,-50.4,-147.6,-180,0,-50.4000015,-147.6
a-46.8x-147.6,-46.8,-147.6,-180,0,-46.7999992,-147.6
a-43.2x-147.6,-43.2,-147.6,-180,0,-43.2000008,-147.6
a-39.6x-147.6,-39.6,-147.6,-180,0,-39.5999985,-147.6
a-36x-147.6,-36,-147.6,-180,0,-36,-147.6
a-32.4x-147.6,-32.4,-147.6,-180,0,-32.4000015,-147.6
a-28.8x-147.6,-28.8,-147.6,-180,0,-28.7999992,-147.6
a-25.2x-147.6,-25.2,-147.6,-180,0,-25.2000008,-147.6
a-21.6x-147.6,-21.6,-147.6,-180,0,-21.6000004,-147.6
a-18x-147.6,-18,-147.6,-180,0,-18,-147.6
a-14.4x-147.6,-14.4,-147.6,-180,0,-14.3999996,-147.6
a-10.8x-147.6,-10.8,-147.6,-180,0,-10.8000002,-147.6
a-7.2x-147.6,-7.2,-147.6,-180,0,-7.1999998,-147.6
a-3.6x-147.6,-3.6,-147.6,-180,0,-3.5999999,-147.6
a0x-147.6,0,-147.6,-180,0,0,-147.6
a3.6x-147.6,3.6,-147.6,-180,0,3.5999999,-147.6
a7.2x-147.6,7.2,-147.6,-180,0,7.1999998,-147.6
a10.8x-147.6,10.8,-147.6,-180,0,10.8000002,-147.6
a14.4x-147.6,14.4,-147.6,-180,0,14.3999996,-147.6
a18x-147.6,18,-147.6,-180,0,18,-147.6
a21.6x-147.6,21.6,-147.6,-180,0,21.6000004,-147.6
a25.2x-147.6,25.2,-147.6,-180,0,25.2000008,-147.6
a28.8x-147.6,28.8,-147.6,-180,0,28.7999992,-147.6
a32.4x-147.6,32.4,-147.6,-180,0,32.4000015,-147.6
a36x-147.6,36,-147.6,-180,0,36,-147.6
a39.6x-147.6,39.6,-147.6,-180,0,39.5999985,-147.6
a43.2x-147.6,43.2,-147.6,-180,0,43.2000008,-147.6
a46.8x-147.6,46.8,-147.6,-180,0,46.7999992,-147.6
a50.4x-147.6,50.4,-147.6,-180,0,50.4000015,-147.6
a54x-147.6,54,-147.6,-180,0,54,-147.6
a57.6x-147.6,57.6,-147.6,-180,0,57.5999985,-147.6
a61.2x-147.6,61.2,-147.6,-180,0,61.2000008,-147.6
a64.8x-147.6,64.8,-147.6,-180,0,64.8000031,-147.6
a68.4x-147.6,68.4,-147.6,-180,0,68.4000015,-147.6
a72x-147.6,72,-147.6,-180,0,72,-147.6
a75.6x-147.6,75.6,-147.6,-180,0,75.5999985,-147.6
a79.2x-147.6,79.2,-147.6,-180,0,79.1999969,-147.6
a82.8x-147.6,82.8,-147.6,-180,0,82.8000031,-147.6
a86.4x-147.6,86.4,-147.6,-180,0,86.4000015,-147.6
a90x-147.6,90,-147.6,-180,0,90,-147.6
a93.6x-147.6,93.6,-147.6,-180,0,93.5999985,-147.6
a97.2x-147.6,97.2,-147.6,-180,0,97.1999969,-147.6
a100.8x-147.6,100.8,-147.6,-180,0,100.8000031,-147.6
a104.4x-147.6,104.4,-147.6,-180,0,104.4000015,-147.6
a108x-147.6,108,-147.6,-180,0,108,-147.6
a111.6x-147.6,111.6,-147.6,-180,0,111.5999985,-147.6
a115.2x-147.6,115.2,-147.6,-180,0,115.1999969,-147.6
a118.8x-147.6,118.8,-147.6,-180,0,118.8000031,-147.6
a122.4x-147.6,122.4,-147.6,-180,0,122.4000015,-147.6
a126x-147.6,126,-147.6,-180,0,126,-147.6
a129.6x-147.6,129.6,-147.6,-180,0,129.6000061,-147.6
a133.2x-147.6,133.2,-147.6,-180,0,133.1999969,-147.6
a136.8x-147.6,136.8,-147.6,-180,0,136.8000031,-147.6
a140.4x-147.6,140.4,-147.6,-180,0,140.3999939,-147.6
a144x-147.6,144,-147.6,-180,0,144,-147.6
a147.6x-147.6,147.6,-147.6,-180,0,147.6000061,-147.6
a151.2x-147.6,151.2,-147.6,-180,0,151.1999969,-147.6
a154.8x-147.6,154.8,-147.6,-180,0,154.8000031,-147.6
a158.4x-147.6,158.4,-147.6,-180,0,158.3999939,-147.6
a162x-147.6,162,-147.6,-180,0,162,-147.6
a165.6x-147.6,165.6,-147.6,-180,0,165.6000061,-147.6
a169.2x-147.6,169.2,-147.6,-180,0,169.1999969,-147.6
a172.8x-147.6,172.8,-147.6,-180,0,172.8000031,-147.6
a176.4x-147.6,176.4,-147.6,-180,0,176.3999939,-147.6
a-180x-144,-180,-144,-180,0,-180,-144
a-176.4x-144,-176.4,-144,-180,0,-176.3999939,-144
a-172.8x-144,-172.8,-144,-180,0,-172.8000031,-144
a-169.2x-144,-169.2,-144,-180,0,-169.1999969,-144
a-165.6x-144,-165.6,-144,-180,0,-165.6000061,-144
a-162x-144,-162,-144,-180,0,-162,-144
a-158.4x-144,-158.4,-144,-180,0,-158.3999939,-144
a-154.8x-144,-154.8,-144,-180,0,-154.8000031,-144
a-151.2x-144,-151.2,-144,-180,0,-151.1999969,-144
a-147.6x-144,-147.6,-144,-180,0,-147.6000061,-144
a-144x-144,-144,-144,-180,0,-144,-144
a-140.4x-144,-140.4,-144,-180,0,-140.3999939,-144
a-136.8x-144,-136.8,-144,-180,0,-136.8000031,-144
a-133.2x-144,-133.2,-144,-180,0,-133.1999969,-144
a-129.6x-144,-129.6,-144,-180,0,-129.6000061,-144
a-126x-144,-126,-144,-180,0,-126,-144
a-122.4x-144,-122.4,-144,-180,0,-122.4000015,-144
a-118.8x-144,-118.8,-144,-180,0,-118.8000031,-144
a-115.2x-144,-115.2,-144,-180,0,-115.1999969,-144
a-111.6x-144,-111.6,-144,-180,0,-111.5999985,-144
a-108x-144,-108,-144,-180,0,-108,-144
a-104.4x-144,-104.4,-144,-180,0,-104.4000015,-144
a-100.8x-144,-100.8,-144,-180,0,-100.8000031,-144
a-97.2x-144,-97.2,-144,-180,0,-97.1999969,-144
a-93.6x-144,-93.6,-144,-180,0,-93.5999985,-144
a-90x-144,-90,-144,-180,0,-90,-144
a-86.4x-144,-86.4,-144,-180,0,-86.4000015,-144
a-82.8x-144,-82.8,-144,-180,0,-82.8000031,-144
a-79.2x-144,-79.2,-144,-180,0,-79.1999969,-144
a-75.6x-144,-75.6,-144,-180,0,-75.5999985,-144
a-72x-144,-72,-144,-180,0,-72,-144
a-68.4x-144,-68.4,-144,-180,0,-68.4000015,-144
a-64.8x-144,-64.8,-144,-180,0,-64.8000031,-144
a-61.2x-144,-61.2,-144,-180,0,-61.2000008,-144
a-57.6x-144,-57.6,-144,-180,0,-57.5999985,-144
a-54x-144,-54,-144,-180,0,-54,-144
a-50.4x-144,-50.4,-144,-180,0,-50.4000015,-144
a-46.8x-144,-46.8,-144,-180,0,-46.7999992,-144
a-43.2x-144,-43.2,-144,-180,0,-43.2000008,-144
a-39.6x-144,-39.6,-144,-180,0,-39.5999985,-144
a-36x-144,-36,-144,-180,0,-36,-144
a-32.4x-144,-32.4,-144,-180,0,-32.4000015,-144
a-28.8x-144,-28.8,-144,-180,0,-28.7999992,-144
a-25.2x-144,-25.2,-144,-180,0,-25.2000008,-144
a-21.6x-144,-21.6,-144,-180,0,-21.6000004,-144
a-18x-144,-18,-144,-180,0,-18,-144
a-14.4x-144,-14.4,-144,-180,0,-14.3999996,-144
a-10.8x-144,-10.8,-144,-180,0,-10.8000002,-144
a-7.2x-144,-7.2,-144,-180,0,-7.1999998,-144
a-3.6x-144,-3.6,-144,-180,0,-3.5999999,-144
a0x-144,0,-144,-180,0,0,-144
a3.6x-144,3.6,-144,-180,0,3.5999999,-144
a7.2x-144,7.2,-144,-180,0,7.1999998,-144
a10.8x-144,10.8,-144,-180,0,10.8000002,-144
a14.4x-144,14.4,-144,-180,0,14.3999996,-144
a18x-144,18,-144,-180,0,18,-144
a21.6x-144,21.6,-144,-180,0,21.6000004,-144
a25.2x-144,25.2,-144,-180,0,25.2000008,-144
a28.8x-144,28.8,-144,-180,0,28.7999992,-144
a32.4x-144,32.4,-144,-180,0,32.4000015,-144
a36x-144,36,-144,-180,0,36,-144
a39.6x-144,39.6,-144,-180,0,39.5999985,-144
a43.2x-144,43.2,-144,-180,0,43.2000008,-144
a46.8x-144,46.8,-144,-180,0,46.7999992,-144
a50.4x-144,50.4,-144,-180,0,50.4000015,-144
a54x-144,54,-144,-180,0,54,-144
a57.6x-144,57.6,-144,-180,0,57.5999985,-144
a61.2x-144,61.2,-144,-180,0,61.2000008,-144
a64.8x-144,64.8,-144,-180,0,64.8000031,-144
a68.4x-144,68.4,-144,-180,0,68.4000015,-144
a72x-144,72,-144,-180,0,72,-144
a75.6x-144,75.6,-144,-180,0,75.5999985,-144
a79.2x-144,79.2,-144,-180,0,79.1999969,-144
a82.8x-144,82.8,-144,-180,0,82.8000031,-144
a86.4x-144,86.4,-144,-180,0,86.4000015,-144
a90x-144,90,-144,-180,0,90,-144
a93.6x-144,93.6,-144,-180,0,93.5999985,-144
a97.2x-144,97.2,-144,-180,0,97.1999969,-144
a100.8x-144,100.8,-144,-180,0,100.8000031,-144
a104.4x-144,104.4,-144,-180,0,104.4000015,-144
a108x-144,108,-144,-180,0,108,-144
a111.6x-144,111.6,-144,-180,0,111.5999985,-144
a115.2x-144,115.2,-144,-180,0,115.1999969,-144
a118.8x-144,118.8,-144,-180,0,118.8000031,-144
a122.4x-144,122.4,-144,-180,0,122.4000015,-144
a126x-144,126,-144,-180,0,126,-144
a129.6x-144,129.6,-144,-180,0,129.6000061,-144
a133.2x-144,133.2,-144,-180,0,133.1999969,-144
a136.8x-144,136.8,-144,-180,0,136.8000031,-144
a140.4x-144,140.4,-144,-180,0,140.3999939,-144
a144x-144,144,-144,-180,0,144,-144
a147.6x-144,147.6,-144,-180,0,147.6000061,-144
a151.2x-144,151.2,-144,-180,0,151.1999969,-144
a154.8x-144,154.8,-144,-180,0,154.8000031,-144
a158.4x-144,158.4,-144,-180,0,158.3999939,-144
a162x-144,162,-144,-180,0,162,-144
a165.6x-144,165.6,-144,-180,0,165.6000061,-144
a169.2x-144,169.2,-144,-180,0,169.1999969,-144
a172.8x-144,172.8,-144,-180,0,172.8000031,-144
a176.4x-144,176.4,-144,-180,0,176.3999939,-144
a-180x-140.4,-180,-140.4,-180,0,-178.749115,-140.3967189
a-176.4x-140.4,-176.4,-140.4,-180,0,-175.3506927,-140.421575
a-172.8x-140.4,-172.8,-140.4,-180,0,-171.9885864,-140.4464555
a-169.2x-140.4,-169.2,-140.4,-180,0,-168.6645966,-140.4708834
a-165.6x-140.4,-165.6,-140.4,-180,0,-165.3751678,-140.4944788
a-162x-140.4,-162,-140.4,-180,0,-162.1172943,-140.5169826
a-158.4x-140.4,-158.4,-140.4,-180,0,-158.8908997,-140.5380136
a-154.8x-140.4,-154.8,-140.4,-180,0,-155.6921082,-140.5573893
a-151.2x-140.4,-151.2,-140.4,-180,0,-152.5172272,-140.5750057
a-147.6x-140.4,-147.6,-140.4,-180,0,-149.3636932,-140.5906961
a-144x-140.4,-144,-140.4,-180,0,-146.2306824,-140.6040936
a-140.4x-140.4,-140.4,-140.4,-180,0,-143.1136017,-140.6150776
a-136.8x-140.4,-136.8,-140.4,-180,0,-140.0089417,-140.6233991
a-133.2x-140.4,-133.2,-140.4,-180,0,-136.912674,-140.6292026
a-129.6x-140.4,-129.6,-140.4,-180,0,-133.8219147,-140.6324167
a-126x-140.4,-126,-140.4,-180,0,-130.7337646,-140.6329867
a-122.4x-140.4,-122.4,-140.4,-180,0,-127.6446228,-140.630666
a-118.8x-140.4,-118.8,-140.4,-180,0,-124.549614,-140.6250986
a-115.2x-140.4,-115.2,-140.4,-180,0,-121.4459,-140.6168129
a-111.6x-140.4,-111.6,-140.4,-180,0,-118.3303299,-140.6058141
a-108x-140.4,-108,-140.4,-180,0,-115.1996994,-140.5921184
a-104.4x-140.4,-104.4,-140.4,-180,0,-112.0487061,-140.5755617
a-100.8x-140.4,-100.8,-140.4,-180,0,-108.8724442,-140.5561812
a-97.2x-140.4,-97.2,-140.4,-180,0,-105.6688995,-140.5342132
a-93.6x-140.4,-93.6,-140.4,-180,0,-102.4327698,-140.5096558
a-90x-140.4,-90,-140.4,-180,0,-99.1621246,-140.4828775
a-86.4x-140.4,-86.4,-140.4,-180,0,-95.8519135,-140.4540342
a-82.8x-140.4,-82.8,-140.4,-180,0,-92.4944,-140.4233351
a-79.2x-140.4,-79.2,-140.4,-180,0,-89.0913315,-140.3913602
a-75.6x-140.4,-75.6,-140.4,-180,0,-85.6398544,-140.3585009
a-72x-140.4,-72,-140.4,-180,0,-82.1352844,-140.3251749
a-68.4x-140.4,-68.4,-140.4,-180,0,-78.5749817,-140.2919261
a-64.8x-140.4,-64.8,-140.4,-180,0,-74.9589539,-140.2592835
a-61.2x-140.4,-61.2,-140.4,-180,0,-71.2829437,-140.2278204
a-57.6x-140.4,-57.6,-140.4,-180,0,-67.5529633,-140.1978934
a-54x-140.4,-54,-140.4,-180,0,-63.7702751,-140.169823
a-50.4x-140.4,-50.4,-140.4,-180,0,-59.9368591,-140.1438599
a-46.8x-140.4,-46.8,-140.4,-180,0,-56.0531197,-140.1203108
a-43.2x-140.4,-43.2,-140.4,-180,0,-52.1238899,-140.0991968
a-39.6x-140.4,-39.6,-140.4,-180,0,-48.1541214,-140.0804172
a-36x-140.4,-36,-140.4,-180,0,-44.1456871,-140.0639819
a-32.4x-140.4,-32.4,-140.4,-180,0,-40.1033516,-140.0497115
a-28.8x-140.4,-28.8,-140.4,-180,0,-36.0323372,-140.0373483
a-25.2x-140.4,-25.2,-140.4,-180,0,-31.9360504,-140.0267036
a-21.6x-140.4,-21.6,-140.4,-180,0,-27.8169174,-140.0176895
a-18x-140.4,-18,-140.4,-180,0,-23.6790791,-140.010065
a-14.4x-140.4,-14.4,-140.4,-180,0,-19.5254974,-140.0037135
a-10.8x-140.4,-10.8,-140.4,-180,0,-15.358737,-139.9985632
a-7.2x-140.4,-7.2,-140.4,-180,0,-11.1813126,-139.9945495
a-3.6x-140.4,-3.6,-140.4,-180,0,-6.9955168,-139.9916583
a0x-140.4,0,-140.4,-180,0,-2.8042049,-139.9899624
a3.6x-140.4,3.6,-140.4,-180,0,1.3887777,-139.9896252
a7.2x-140.4,7.2,-140.4,-180,0,5.580555,-139.9906437
a10.8x-140.4,10.8,-140.4,-180,0,9.7680302,-139.993078
a14.4x-140.4,14.4,-140.4,-180,0,13.9479494,-139.9969879
a18x-140.4,18,-140.4,-180,0,18.1168919,-140.0024267
a21.6x-140.4,21.6,-140.4,-180,0,22.2712746,-140.0094821
a25.2x-140.4,25.2,-140.4,-180,0,26.4070568,-140.0183605
a28.8x-140.4,28.8,-140.4,-180,0,30.518858,-140.0293798
a32.4x-140.4,32.4,-140.4,-180,0,34.602829,-140.0423842
a36x-140.4,36,-140.4,-180,0,38.6570206,-140.0570622
a39.6x-140.4,39.6,-140.4,-180,0,42.6783066,-140.0734033
a43.2x-140.4,43.2,-140.4,-180,0,46.6638985,-140.0913786
a46.8x-140.4,46.8,-140.4,-180,0,50.6113091,-140.1109303
a50.4x-140.4,50.4,-140.4,-180,0,54.5170212,-140.1320144
a54x-140.4,54,-140.4,-180,0,58.3779526,-140.154551
a57.6x-140.4,57.6,-140.4,-180,0,62.1930161,-140.1784278
a61.2x-140.4,61.2,-140.4,-180,0,65.958931,-140.2035675
a64.8x-140.4,64.8,-140.4,-180,0,69.6783905,-140.2297553
a68.4x-140.4,68.4,-140.4,-180,0,73.3509903,-140.2568719
a72x-140.4,72,-140.4,-180,0,76.976593,-140.2847901
a75.6x-140.4,75.6,-140.4,-180,0,80.5531464,-140.3133723
a79.2x-140.4,79.2,-140.4,-180,0,84.0814362,-140.34243
a82.8x-140.4,82.8,-140.4,-180,0,87.5568695,-140.3717839
a86.4x-140.4,86.4,-140.4,-180,0,90.9872971,-140.4011661
a90x-140.4,90,-140.4,-180,0,94.3744125,-140.430358
a93.6x-140.4,93.6,-140.4,-180,0,97.7198563,-140.4591301
a97.2x-140.4,97.2,-140.4,-180,0,101.0254517,-140.4872429
a100.8x-140.4,100.8,-140.4,-180,0,104.2874985,-140.5142127
a104.4x-140.4,104.4,-140.4,-180,0,107.5112228,-140.5397046
a108x-140.4,108,-140.4,-180,0,110.703476,-140.5635268
a111.6x-140.4,111.6,-140.4,-180,0,113.8670959,-140.5853802
a115.2x-140.4,115.2,-140.4,-180,0,117.0050888,-140.6049654
a118.8x-140.4,118.8,-140.4,-180,0,120.1178207,-140.6216649
a122.4x-140.4,122.4,-140.4,-180,0,123.2111816,-140.6351866
a126x-140.4,126,-140.4,-180,0,126.2905045,-140.6450198
a129.6x-140.4,129.6,-140.4,-180,0,129.3609314,-140.6511695
a133.2x-140.4,133.2,-140.4,-180,0,132.42659,-140.6534359
a136.8x-140.4,136.8,-140.4,-180,0,135.4915161,-140.6509558
a140.4x-140.4,140.4,-140.4,-180,0,138.5625153,-140.6441374
a144x-140.4,144,-140.4,-180,0,141.6443634,-140.6329933
a147.6x-140.4,147.6,-140.4,-180,0,144.7422028,-140.6174972
a151.2x-140.4,151.2,-140.4,-180,0,147.8645935,-140.5973712
a154.8x-140.4,154.8,-140.4,-180,0,151.0179138,-140.5727914
a158.4x-140.4,158.4,-140.4,-180,0,154.2050934,-140.5447924
a162x-140.4,162,-140.4,-180,0,157.4307098,-140.5138516
a165.6x-140.4,165.6,-140.4,-180,0,160.6991119,-140.4805267
a169.2x-140.4,169.2,-140.4,-180,0,164.0143127,-140.4454524
a172.8x-140.4,172.8,-140.4,-180,0,167.3845825,-140.4092944
a176.4x-140.4,176.4,-140.4,-180,0,170.815033,-140.3731575
a-180x-136.8,-180,-136.8,-180,0,-178.7245789,-136.8024327
a-176.4x-136.8,-176.4,-136.8,-180,0,-175.3260803,-136.7866058
a-172.8x-136.8,-172.8,-136.8,-180,0,-171.964386,-136.7707698
a-169.2x-136.8,-169.2,-136.8,-180,0,-168.6412354,-136.7552275
a-165.6x-136.8,-165.6,-136.8,-180,0,-165.3529816,-136.7402197
a-162x-136.8,-162,-136.8,-180,0,-162.0965729,-136.7259105
a-158.4x-136.8,-158.4,-136.8,-180,0,-158.8718567,-136.7125414
a-154.8x-136.8,-154.8,-136.8,-180,0,-155.6750183,-136.7002323
a-151.2x-136.8,-151.2,-136.8,-180,0,-152.5022888,-136.689046
a-147.6x-136.8,-147.6,-136.8,-180,0,-149.3511047,-136.6790881
a-144x-136.8,-144,-136.8,-180,0,-146.2206421,-136.6705893
a-140.4x-136.8,-140.4,-136.8,-180,0,-143.1062469,-136.6636271
a-136.8x-136.8,-136.8,-136.8,-180,0,-140.0044708,-136.658365
a-133.2x-136.8,-133.2,-136.8,-180,0,-136.9111938,-136.654706
a-129.6x-136.8,-129.6,-136.8,-180,0,-133.8235016,-136.6526953
a-126x-136.8,-126,-136.8,-180,0,-130.7385101,-136.6523671
a-122.4x-136.8,-122.4,-136.8,-180,0,-127.6525803,-136.6538806
a-118.8x-136.8,-118.8,-136.8,-180,0,-124.5608368,-136.6574606
a-115.2x-136.8,-115.2,-136.8,-180,0,-121.4604111,-136.6627705
a-111.6x-136.8,-111.6,-136.8,-180,0,-118.3481445,-136.6698069
a-108x-136.8,-108,-136.8,-180,0,-115.2208176,-136.67856
a-104.4x-136.8,-104.4,-136.8,-180,0,-112.0730667,-136.6891394
a-100.8x-136.8,-100.8,-136.8,-180,0,-108.9000168,-136.7015163
a-97.2x-136.8,-97.2,-136.8,-180,0,-105.6996155,-136.7155406
a-93.6x-136.8,-93.6,-136.8,-180,0,-102.4664688,-136.7312132
a-90x-136.8,-90,-136.8,-180,0,-99.198616,-136.7483024
a-86.4x-136.8,-86.4,-136.8,-180,0,-95.8907776,-136.7667142
a-82.8x-136.8,-82.8,-136.8,-180,0,-92.5353775,-136.7863098
a-79.2x-136.8,-79.2,-136.8,-180,0,-89.1339874,-136.8067222
a-75.6x-136.8,-75.6,-136.8,-180,0,-85.6837006,-136.8277031
a-72x-136.8,-72,-136.8,-180,0,-82.1797256,-136.8489874
a-68.4x-136.8,-68.4,-136.8,-180,0,-78.6194077,-136.8702296
a-64.8x-136.8,-64.8,-136.8,-180,0,-75.0025482,-136.8910906
a-61.2x-136.8,-61.2,-136.8,-180,0,-71.325264,-136.9112054
a-57.6x-136.8,-57.6,-136.8,-180,0,-67.593483,-136.9303456
a-54x-136.8,-54,-136.8,-180,0,-63.8085403,-136.9483056
a-50.4x-136.8,-50.4,-136.8,-180,0,-59.9725037,-136.9649241
a-46.8x-136.8,-46.8,-136.8,-180,0,-56.0858917,-136.9800058
a-43.2x-136.8,-43.2,-136.8,-180,0,-52.1536522,-136.9935351
a-39.6x-136.8,-39.6,-136.8,-180,0,-48.1808548,-137.005574
a-36x-136.8,-36,-136.8,-180,0,-44.1694107,-137.0161125
a-32.4x-136.8,-32.4,-136.8,-180,0,-40.1242828,-137.0252691
a-28.8x-136.8,-28.8,-136.8,-180,0,-36.0506477,-137.0332063
a-25.2x-136.8,-25.2,-136.8,-180,0,-31.9519367,-137.0400443
a-21.6x-136.8,-21.6,-136.8,-180,0,-27.8305645,-137.0458399
a-18x-136.8,-18,-136.8,-180,0,-23.6906109,-137.0507459
a-14.4x-136.8,-14.4,-136.8,-180,0,-19.5349922,-137.0548364
a-10.8x-136.8,-10.8,-136.8,-180,0,-15.3662443,-137.0581571
a-7.2x-136.8,-7.2,-136.8,-180,0,-11.1868582,-137.060749
a-3.6x-136.8,-3.6,-136.8,-180,0,-6.9990616,-137.0626204
a0x-136.8,0,-136.8,-180,0,-2.8055892,-137.0637244
a3.6x-136.8,3.6,-136.8,-180,0,1.3897461,-137.0639582
a7.2x-136.8,7.2,-136.8,-180,0,5.5840187,-137.0633226
a10.8x-136.8,10.8,-136.8,-180,0,9.7741232,-137.0617792
a14.4x-136.8,14.4,-136.8,-180,0,13.9567909,-137.0592899
a18x-136.8,18,-136.8,-180,0,18.1286049,-137.0558207
a21.6x-136.8,21.6,-136.8,-180,0,22.2860241,-137.0513152
a25.2x-136.8,25.2,-136.8,-180,0,26.425066,-137.0456407
a28.8x-136.8,28.8,-136.8,-180,0,30.5401955,-137.0385965
a32.4x-136.8,32.4,-136.8,-180,0,34.6272316,-137.0302775
a36x-136.8,36,-136.8,-180,0,38.6843834,-137.0208879
a39.6x-136.8,39.6,-136.8,-180,0,42.7085381,-137.0104342
a43.2x-136.8,43.2,-136.8,-180,0,46.6968765,-136.9989351
a46.8x-136.8,46.8,-136.8,-180,0,50.6468773,-136.9864278
a50.4x-136.8,50.4,-136.8,-180,0,54.5549927,-136.9729416
a54x-136.8,54,-136.8,-180,0,58.4181099,-136.9585284
a57.6x-136.8,57.6,-136.8,-180,0,62.2352943,-136.9432616
a61.2x-136.8,61.2,-136.8,-180,0,66.0029526,-136.9271856
a64.8x-136.8,64.8,-136.8,-180,0,69.7239227,-136.9104417
a68.4x-136.8,68.4,-136.8,-180,0,73.397789,-136.8931065
a72x-136.8,72,-136.8,-180,0,77.0243912,-136.8752617
a75.6x-136.8,75.6,-136.8,-180,0,80.6016617,-136.8569959
a79.2x-136.8,79.2,-136.8,-180,0,84.1303787,-136.8384293
a82.8x-136.8,82.8,-136.8,-180,0,87.6060715,-136.819676
a86.4x-136.8,86.4,-136.8,-180,0,91.0362244,-136.8009072
a90x-136.8,90,-136.8,-180,0,94.4226837,-136.7822628
a93.6x-136.8,93.6,-136.8,-180,0,97.7671204,-136.7638889
a97.2x-136.8,97.2,-136.8,-180,0,101.0713196,-136.7459379
a100.8x-136.8,100.8,-136.8,-180,0,104.3316574,-136.7287148
a104.4x-136.8,104.4,-136.8,-180,0,107.5530701,-136.7124378
a108x-136.8,108,-136.8,-180,0,110.7425919,-136.6972258
a111.6x-136.8,111.6,-136.8,-180,0,113.9030991,-136.6832682
a115.2x-136.8,115.2,-136.8,-180,0,117.0375595,-136.6707544
a118.8x-136.8,118.8,-136.8,-180,0,120.1464005,-136.6600759
a122.4x-136.8,122.4,-136.8,-180,0,123.235405,-136.6514244
a126x-136.8,126,-136.8,-180,0,126.3100128,-136.6451153
a129.6x-136.8,129.6,-136.8,-180,0,129.3754272,-136.6411465
a133.2x-136.8,133.2,-136.8,-180,0,132.4358521,-136.6396446
a136.8x-136.8,136.8,-136.8,-180,0,135.4953308,-136.6411666
a140.4x-136.8,140.4,-136.8,-180,0,138.5608063,-136.6454461
a144x-136.8,144,-136.8,-180,0,141.637146,-136.652475
a147.6x-136.8,147.6,-136.8,-180,0,144.7295837,-136.6622709
a151.2x-136.8,151.2,-136.8,-180,0,147.8468628,-136.675017
a154.8x-136.8,154.8,-136.8,-180,0,150.9954681,-136.6906001
a158.4x-136.8,158.4,-136.8,-180,0,154.1784363,-136.7083641
a162x-136.8,162,-136.8,-180,0,157.4004517,-136.7280082
a165.6x-136.8,165.6,-136.8,-180,0,160.6659546,-136.7491803
a169.2x-136.8,169.2,-136.8,-180,0,163.9790192,-136.7714791
a172.8x-136.8,172.8,-136.8,-180,0,167.3482971,-136.7944851
a176.4x-136.8,176.4,-136.8,-180,0,170.7786102,-136.8174894
a-180x-133.2,-180,-133.2,-180,0,-178.6891937,-133.2080933
a-176.4x-133.2,-176.4,-133.2,-180,0,-175.2904968,-133.15132
a-172.8x-133.2,-172.8,-133.2,-180,0,-171.9292603,-133.094538
a-169.2x-133.2,-169.2,-133.2,-180,0,-168.6072388,-133.0388397
a-165.6x-133.2,-165.6,-133.2,-180,0,-165.3206177,-132.98508
a-162x-133.2,-162,-133.2,-180,0,-162.0662537,-132.9338353
a-158.4x-133.2,-158.4,-133.2,-180,0,-158.8439178,-132.8859497
a-154.8x-133.2,-154.8,-133.2,-180,0,-155.6499023,-132.8418698
a-151.2x-133.2,-151.2,-133.2,-180,0,-152.4803009,-132.8017999
a-147.6x-133.2,-147.6,-133.2,-180,0,-149.33255,-132.7661096
a-144x-133.2,-144,-133.2,-180,0,-146.2058105,-132.7356327
a-140.4x-133.2,-140.4,-133.2,-180,0,-143.0954285,-132.7106373
a-136.8x-133.2,-136.8,-133.2,-180,0,-139.9979095,-132.6917273
a-133.2x-133.2,-133.2,-133.2,-180,0,-136.9090576,-132.6785481
a-129.6x-133.2,-129.6,-133.2,-180,0,-133.8259583,-132.6712608
a-126x-133.2,-126,-133.2,-180,0,-130.7456665,-132.6699881
a-122.4x-133.2,-122.4,-133.2,-180,0,-127.6645126,-132.6752973
a-118.8x-133.2,-118.8,-133.2,-180,0,-124.5776062,-132.6879895
a-115.2x-133.2,-115.2,-133.2,-180,0,-121.482048,-132.706856
a-111.6x-133.2,-111.6,-133.2,-180,0,-118.3746414,-132.7318846
a-108x-133.2,-108,-133.2,-180,0,-115.2521591,-132.7630454
a-104.4x-133.2,-104.4,-133.2,-180,0,-112.1091232,-132.8007566
a-100.8x-133.2,-100.8,-133.2,-180,0,-108.9407196,-132.8449029
a-97.2x-133.2,-97.2,-133.2,-180,0,-105.7447968,-132.8949604
a-93.6x-133.2,-93.6,-133.2,-180,0,-102.5158768,-132.9509342
a-90x-133.2,-90,-133.2,-180,0,-99.2518997,-133.0119934
a-86.4x-133.2,-86.4,-133.2,-180,0,-95.9473038,-133.0778243
a-82.8x-133.2,-82.8,-133.2,-180,0,-92.5946884,-133.1479009
a-79.2x-133.2,-79.2,-133.2,-180,0,-89.1954346,-133.2209331
a-75.6x-133.2,-75.6,-133.2,-180,0,-85.7465286,-133.296032
a-72x-133.2,-72,-133.2,-180,0,-82.2430725,-133.3722403
a-68.4x-133.2,-68.4,-133.2,-180,0,-78.6823578,-133.4483013
a-64.8x-133.2,-64.8,-133.2,-180,0,-75.0639267,-133.5229705
a-61.2x-133.2,-61.2,-133.2,-180,0,-71.384491,-133.5949519
a-57.6x-133.2,-57.6,-133.2,-180,0,-67.649826,-133.6634218
a-54x-133.2,-54,-133.2,-180,0,-63.8614044,-133.727634
a-50.4x-133.2,-50.4,-133.2,-180,0,-60.0214272,-133.7870025
a-46.8x-133.2,-46.8,-133.2,-180,0,-56.1305733,-133.8408237
a-43.2x-133.2,-43.2,-133.2,-180,0,-52.1939697,-133.88905
a-39.6x-133.2,-39.6,-133.2,-180,0,-48.216835,-133.9319141
a-36x-133.2,-36,-133.2,-180,0,-44.2011414,-133.9693853
a-32.4x-133.2,-32.4,-133.2,-180,0,-40.1521072,-134.0019275
a-28.8x-133.2,-28.8,-133.2,-180,0,-36.0748558,-134.0301193
a-25.2x-133.2,-25.2,-133.2,-180,0,-31.972826,-134.0543923
a-21.6x-133.2,-21.6,-133.2,-180,0,-27.8484249,-134.0749559
a-18x-133.2,-18,-133.2,-180,0,-23.7056446,-134.0923729
a-14.4x-133.2,-14.4,-133.2,-180,0,-19.5473289,-134.1069311
a-10.8x-133.2,-10.8,-133.2,-180,0,-15.3759537,-134.1187936
a-7.2x-133.2,-7.2,-133.2,-180,0,-11.1939564,-134.1280706
a-3.6x-133.2,-3.6,-133.2,-180,0,-7.0034804,-134.1347304
a0x-133.2,0,-133.2,-180,0,-2.8071487,-134.1386115
a3.6x-133.2,3.6,-133.2,-180,0,1.3912787,-134.1394251
a7.2x-133.2,7.2,-133.2,-180,0,5.5888534,-134.1371712
a10.8x-133.2,10.8,-133.2,-180,0,9.7824688,-134.1316742
a14.4x-133.2,14.4,-133.2,-180,0,13.9688435,-134.1227577
a18x-133.2,18,-133.2,-180,0,18.1445503,-134.1102599
a21.6x-133.2,21.6,-133.2,-180,0,22.3060646,-134.0939901
a25.2x-133.2,25.2,-133.2,-180,0,26.4494114,-134.0736145
a28.8x-133.2,28.8,-133.2,-180,0,30.5689564,-134.0486337
a32.4x-133.2,32.4,-133.2,-180,0,34.6602211,-134.019174
a36x-133.2,36,-133.2,-180,0,38.7215042,-133.9857903
a39.6x-133.2,39.6,-133.2,-180,0,42.749691,-133.9485369
a43.2x-133.2,43.2,-133.2,-180,0,46.7419167,-133.9075132
a46.8x-133.2,46.8,-133.2,-180,0,50.6956139,-133.8628693
a50.4x-133.2,50.4,-133.2,-180,0,54.6071968,-133.8147157
a54x-133.2,54,-133.2,-180,0,58.4735298,-133.7632401
a57.6x-133.2,57.6,-133.2,-180,0,62.2938728,-133.7087234
a61.2x-133.2,61.2,-133.2,-180,0,66.0642014,-133.6512974
a64.8x-133.2,64.8,-133.2,-180,0,69.7875366,-133.5914782
a68.4x-133.2,68.4,-133.2,-180,0,73.4634476,-133.5295399
a72x-133.2,72,-133.2,-180,0,77.0917664,-133.4657768
a75.6x-133.2,75.6,-133.2,-180,0,80.6703568,-133.4005053
a79.2x-133.2,79.2,-133.2,-180,0,84.1999893,-133.334146
a82.8x-133.2,82.8,-133.2,-180,0,87.6763916,-133.2671043
a86.4x-133.2,86.4,-133.2,-180,0,91.1064682,-133.1999884
a90x-133.2,90,-133.2,-180,0,94.4923248,-133.1332986
a93.6x-133.2,93.6,-133.2,-180,0,97.8356018,-133.0675555
a97.2x-133.2,97.2,-133.2,-180,0,101.1380844,-133.0033052
a100.8x-133.2,100.8,-133.2,-180,0,104.3961868,-132.9416362
a104.4x-133.2,104.4,-133.2,-180,0,107.6144638,-132.8833555
a108x-133.2,108,-133.2,-180,0,110.8002243,-132.828872
a111.6x-133.2,111.6,-133.2,-180,0,113.9563141,-132.7788626
a115.2x-133.2,115.2,-133.2,-180,0,117.0857391,-132.7340103
a118.8x-133.2,118.8,-133.2,-180,0,120.1889114,-132.6957051
a122.4x-133.2,122.4,-133.2,-180,0,123.2715454,-132.6646732
a126x-133.2,126,-133.2,-180,0,126.3391953,-132.6420345
a129.6x-133.2,129.6,-133.2,-180,0,129.397171,-132.6277834
a133.2x-133.2,133.2,-133.2,-180,0,132.4497986,-132.6223797
a136.8x-133.2,136.8,-133.2,-180,0,135.5011292,-132.627831
a140.4x-133.2,140.4,-133.2,-180,0,138.5583649,-132.6431857
a144x-133.2,144,-133.2,-180,0,141.6264954,-132.6684211
a147.6x-133.2,147.6,-133.2,-180,0,144.7108917,-132.7036019
a151.2x-133.2,151.2,-133.2,-180,0,147.8206329,-132.7494253
a154.8x-133.2,154.8,-133.2,-180,0,150.962326,-132.8054115
a158.4x-133.2,158.4,-133.2,-180,0,154.1392059,-132.8692442
a162x-133.2,162,-133.2,-180,0,157.3560791,-132.9398426
a165.6x-133.2,165.6,-133.2,-180,0,160.6175232,-133.0159393
a169.2x-133.2,169.2,-133.2,-180,0,163.9277496,-133.0960857
a172.8x-133.2,172.8,-133.2,-180,0,167.2958679,-133.1787777
a176.4x-133.2,176.4,-133.2,-180,0,170.7263031,-133.26142
a-180x-129.6,-180,-129.6,-180,0,-178.612915,-129.6137504
a-176.4x-129.6,-176.4,-129.6,-180,0,-175.2138672,-129.5149681
a-172.8x-129.6,-172.8,-129.6,-180,0,-171.8537903,-129.4163088
a-169.2x-129.6,-169.2,-129.6,-180,0,-168.5342865,-129.3196958
a-165.6x-129.6,-165.6,-129.6,-180,0,-165.2512665,-129.2265746
a-162x-129.6,-162,-129.6,-180,0,-162.001358,-129.1378903
a-158.4x-129.6,-158.4,-129.6,-180,0,-158.7841339,-129.0550186
a-154.8x-129.6,-154.8,-129.6,-180,0,-155.5961304,-128.978779
a-151.2x-129.6,-151.2,-129.6,-180,0,-152.4331665,-128.9094476
a-147.6x-129.6,-147.6,-129.6,-180,0,-149.2926636,-128.8476381
a-144x-129.6,-144,-129.6,-180,0,-146.1738281,-128.7948108
a-140.4x-129.6,-140.4,-129.6,-180,0,-143.0718689,-128.7514115
a-136.8x-129.6,-136.8,-129.6,-180,0,-139.9833374,-128.7185623
a-133.2x-129.6,-133.2,-129.6,-180,0,-136.9038239,-128.6956099
a-129.6x-129.6,-129.6,-129.6,-180,0,-133.830368,-128.6828299
a-126x-129.6,-126,-129.6,-180,0,-130.7599335,-128.6804291
a-122.4x-129.6,-122.4,-129.6,-180,0,-127.6888046,-128.6893859
a-118.8x-129.6,-118.8,-129.6,-180,0,-124.61203,-128.7110636
a-115.2x-129.6,-115.2,-129.6,-180,0,-121.5266342,-128.7433629
a-111.6x-129.6,-111.6,-129.6,-180,0,-118.4294281,-128.7862633
a-108x-129.6,-108,-129.6,-180,0,-115.3171082,-128.8397345
a-104.4x-129.6,-104.4,-129.6,-180,0,-112.1839981,-128.904594
a-100.8x-129.6,-100.8,-129.6,-180,0,-109.0253983,-128.9805906
a-97.2x-129.6,-97.2,-129.6,-180,0,-105.8389511,-129.066877
a-93.6x-129.6,-93.6,-129.6,-180,0,-102.6189957,-129.1634786
a-90x-129.6,-90,-129.6,-180,0,-99.3632965,-129.2689753
a-86.4x-129.6,-86.4,-129.6,-180,0,-96.0656281,-129.38292
a-82.8x-129.6,-82.8,-129.6,-180,0,-92.7190323,-129.5042982
a-79.2x-129.6,-79.2,-129.6,-180,0,-89.3243942,-129.630945
a-75.6x-129.6,-75.6,-129.6,-180,0,-85.8785095,-129.7613171
a-72x-129.6,-72,-129.6,-180,0,-82.3762054,-129.8937262
a-68.4x-129.6,-68.4,-129.6,-180,0,-78.8146744,-130.025925
a-64.8x-129.6,-64.8,-129.6,-180,0,-75.1928787,-130.1556399
a-61.2x-129.6,-61.2,-129.6,-180,0,-71.5088043,-130.2806386
a-57.6x-129.6,-57.6,-129.6,-180,0,-67.7679672,-130.3994682
a-54x-129.6,-54,-129.6,-180,0,-63.9720497,-130.5107926
a-50.4x-129.6,-50.4,-129.6,-180,0,-60.1237869,-130.6135822
a-46.8x-129.6,-46.8,-129.6,-180,0,-56.2241631,-130.7066082
a-43.2x-129.6,-43.2,-129.6,-180,0,-52.2784386,-130.7897744
a-39.6x-129.6,-39.6,-129.6,-180,0,-48.2921715,-130.8635104
a-36x-129.6,-36,-129.6,-180,0,-44.2675056,-130.9277733
a-32.4x-129.6,-32.4,-129.6,-180,0,-40.2102165,-130.9835237
a-28.8x-129.6,-28.8,-129.6,-180,0,-36.1253052,-131.0317674
a-25.2x-129.6,-25.2,-129.6,-180,0,-32.0162621,-131.0732648
a-21.6x-129.6,-21.6,-129.6,-180,0,-27.8854923,-131.1084093
a-18x-129.6,-18,-129.6,-180,0,-23.7368183,-131.13824
a-14.4x-129.6,-14.4,-129.6,-180,0,-19.5729218,-131.1633488
a-10.8x-129.6,-10.8,-129.6,-180,0,-15.3960896,-131.184029
a-7.2x-129.6,-7.2,-129.6,-180,0,-11.2085762,-131.2003245
a-3.6x-129.6,-3.6,-129.6,-180,0,-7.0123696,-131.2119022
a0x-129.6,0,-129.6,-180,0,-2.8100204,-131.2185066
a3.6x-129.6,3.6,-129.6,-180,0,1.3948522,-131.2199789
a7.2x-129.6,7.2,-129.6,-180,0,5.5993729,-131.2162742
a10.8x-129.6,10.8,-129.6,-180,0,9.8004494,-131.2069045
a14.4x-129.6,14.4,-129.6,-180,0,13.9947739,-131.1913819
a18x-129.6,18,-129.6,-180,0,18.1788368,-131.1692397
a21.6x-129.6,21.6,-129.6,-180,0,22.3489418,-131.1402362
a25.2x-129.6,25.2,-129.6,-180,0,26.5009136,-131.1045174
a28.8x-129.6,28.8,-129.6,-180,0,30.6292324,-131.062202
a32.4x-129.6,32.4,-129.6,-180,0,34.7292671,-131.0124399
a36x-129.6,36,-129.6,-180,0,38.799118,-130.9553503
a39.6x-129.6,39.6,-129.6,-180,0,42.8355026,-130.8912303
a43.2x-129.6,43.2,-129.6,-180,0,46.8354836,-130.8204307
a46.8x-129.6,46.8,-129.6,-180,0,50.7965965,-130.7433097
a50.4x-129.6,50.4,-129.6,-180,0,54.7153053,-130.6600897
a54x-129.6,54,-129.6,-180,0,58.5882149,-130.5710921
a57.6x-129.6,57.6,-129.6,-180,0,62.4150162,-130.4768676
a61.2x-129.6,61.2,-129.6,-180,0,66.190773,-130.3775513
a64.8x-129.6,64.8,-129.6,-180,0,69.9189148,-130.2740834
a68.4x-129.6,68.4,-129.6,-180,0,73.5989761,-130.1669378
a72x-129.6,72,-129.6,-180,0,77.2307358,-130.0566294
a75.6x-129.6,75.6,-129.6,-180,0,80.8119888,-129.9437004
a79.2x-129.6,79.2,-129.6,-180,0,84.3434525,-129.828847
a82.8x-129.6,82.8,-129.6,-180,0,87.8212662,-129.7127604
a86.4x-129.6,86.4,-129.6,-180,0,91.2511444,-129.5964828
a90x-129.6,90,-129.6,-180,0,94.6357117,-129.4808818
a93.6x-129.6,93.6,-129.6,-180,0,97.9765778,-129.3668503
a97.2x-129.6,97.2,-129.6,-180,0,101.2754593,-129.2553358
a100.8x-129.6,100.8,-129.6,-180,0,104.5289383,-129.1481981
a104.4x-129.6,104.4,-129.6,-180,0,107.7407303,-129.0469261
a108x-129.6,108,-129.6,-180,0,110.9186935,-128.9521755
a111.6x-129.6,111.6,-129.6,-180,0,114.0656509,-128.8651167
a115.2x-129.6,115.2,-129.6,-180,0,117.1846085,-128.7869426
a118.8x-129.6,118.8,-129.6,-180,0,120.2760544,-128.7200197
a122.4x-129.6,122.4,-129.6,-180,0,123.3454361,-128.6657433
a126x-129.6,126,-129.6,-180,0,126.3986053,-128.6260057
a129.6x-129.6,129.6,-129.6,-180,0,129.4411011,-128.6008202
a133.2x-129.6,133.2,-129.6,-180,0,132.4774017,-128.5910058
a136.8x-129.6,136.8,-129.6,-180,0,135.5117035,-128.6001203
a140.4x-129.6,140.4,-129.6,-180,0,138.5516052,-128.6265016
a144x-129.6,144,-129.6,-180,0,141.6024475,-128.670136
a147.6x-129.6,147.6,-129.6,-180,0,144.6699066,-128.7311529
a151.2x-129.6,151.2,-129.6,-180,0,147.7636719,-128.8109183
a154.8x-129.6,154.8,-129.6,-180,0,150.8907166,-128.9083814
a158.4x-129.6,158.4,-129.6,-180,0,154.0546112,-129.0196129
a162x-129.6,162,-129.6,-180,0,157.2604675,-129.1427326
a165.6x-129.6,165.6,-129.6,-180,0,160.5131836,-129.2755295
a169.2x-129.6,169.2,-129.6,-180,0,163.8172607,-129.4154665
a172.8x-129.6,172.8,-129.6,-180,0,167.1828918,-129.5599378
a176.4x-129.6,176.4,-129.6,-180,0,170.6135254,-129.7042289
a-180x-126,-180,-126,-180,0,-178.4873352,-126.0188515
a-176.4x-126,-176.4,-126,-180,0,-175.0884857,-125.8756548
a-172.8x-126,-172.8,-126,-180,0,-171.7310791,-125.7331285
a-169.2x-126,-169.2,-126,-180,0,-168.4164124,-125.5941005
a-165.6x-126,-165.6,-126,-180,0,-165.1397858,-125.4605102
a-162x-126,-162,-126,-180,0,-161.8973083,-125.3334893
a-158.4x-126,-158.4,-126,-180,0,-158.6881561,-125.2146578
a-154.8x-126,-154.8,-126,-180,0,-155.5095825,-125.1053243
a-151.2x-126,-151.2,-126,-180,0,-152.3570557,-125.0057776
a-147.6x-126,-147.6,-126,-180,0,-149.227951,-124.9169265
a-144x-126,-144,-126,-180,0,-146.1215515,-124.840855
a-140.4x-126,-140.4,-126,-180,0,-143.0328674,-124.7781475
a-136.8x-126,-136.8,-126,-180,0,-139.9585114,-124.7306383
a-133.2x-126,-133.2,-126,-180,0,-136.8937531,-124.6973106
a-129.6x-126,-129.6,-126,-180,0,-133.8354797,-124.678544
a-126x-126,-126,-126,-180,0,-130.7805634,-124.6746071
a-122.4x-126,-122.4,-126,-180,0,-127.7252045,-124.6868747
a-118.8x-126,-118.8,-126,-180,0,-124.6643372,-124.7172495
a-115.2x-126,-115.2,-126,-180,0,-121.5949402,-124.762739
a-111.6x-126,-111.6,-126,-180,0,-118.5137558,-124.8233357
a-108x-126,-108,-126,-180,0,-115.4174728,-124.8990061
a-104.4x-126,-104.4,-126,-180,0,-112.3000259,-124.9910519
a-100.8x-126,-100.8,-126,-180,0,-109.1570282,-125.0989267
a-97.2x-126,-97.2,-126,-180,0,-105.9857254,-125.2216521
a-93.6x-126,-93.6,-126,-180,0,-102.7801819,-125.3594325
a-90x-126,-90,-126,-180,0,-99.5378952,-125.5103177
a-86.4x-126,-86.4,-126,-180,0,-96.2514267,-125.6739074
a-82.8x-126,-82.8,-126,-180,0,-92.9148483,-125.8484
a-79.2x-126,-79.2,-126,-180,0,-89.5289154,-126.0306524
a-75.6x-126,-75.6,-126,-180,0,-86.0892181,-126.2186203
a-72x-126,-72,-126,-180,0,-82.5901489,-126.4098387
a-68.4x-126,-68.4,-126,-180,0,-79.0285187,-126.6009845
a-64.8x-126,-64.8,-126,-180,0,-75.4022141,-126.7885777
a-61.2x-126,-61.2,-126,-180,0,-71.7114182,-126.9693139
a-57.6x-126,-57.6,-126,-180,0,-67.9610443,-127.1408935
a-54x-126,-54,-126,-180,0,-64.1531754,-127.301307
a-50.4x-126,-50.4,-126,-180,0,-60.2908287,-127.4489828
a-46.8x-126,-46.8,-126,-180,0,-56.3756638,-127.5820757
a-43.2x-126,-43.2,-126,-180,0,-52.4139977,-127.7005429
a-39.6x-126,-39.6,-126,-180,0,-48.4119759,-127.8050998
a-36x-126,-36,-126,-180,0,-44.3720589,-127.8956873
a-32.4x-126,-32.4,-126,-180,0,-40.3009377,-127.9739629
a-28.8x-126,-28.8,-126,-180,0,-36.2033997,-128.0414058
a-25.2x-126,-25.2,-126,-180,0,-32.0829697,-128.0992776
a-21.6x-126,-21.6,-126,-180,0,-27.9420357,-128.148275
a-18x-126,-18,-126,-180,0,-23.7840557,-128.1898573
a-14.4x-126,-14.4,-126,-180,0,-19.6114101,-128.2247451
a-10.8x-126,-10.8,-126,-180,0,-15.426116,-128.2533603
a-7.2x-126,-7.2,-126,-180,0,-11.2301521,-128.2760134
a-3.6x-126,-3.6,-126,-180,0,-7.0252051,-128.2926716
a0x-126,0,-126,-180,0,-2.8134999,-128.3028803
a3.6x-126,3.6,-126,-180,0,1.4015645,-128.3057276
a7.2x-126,7.2,-126,-180,0,5.6171036,-128.3010889
a10.8x-126,10.8,-126,-180,0,9.8300314,-128.2884892
a14.4x-126,14.4,-126,-180,0,14.0369892,-128.2674608
a18x-126,18,-126,-180,0,18.2343788,-128.2375837
a21.6x-126,21.6,-126,-180,0,22.4184265,-128.1983295
a25.2x-126,25.2,-126,-180,0,26.5848598,-128.1487108
a28.8x-126,28.8,-126,-180,0,30.7279434,-128.0873493
a32.4x-126,32.4,-126,-180,0,34.8424721,-128.0145367
a36x-126,36,-126,-180,0,38.9263535,-127.9318999
a39.6x-126,39.6,-126,-180,0,42.9762802,-127.8396128
a43.2x-126,43.2,-126,-180,0,46.9891548,-127.737939
a46.8x-126,46.8,-126,-180,0,50.9622383,-127.6272823
a50.4x-126,50.4,-126,-180,0,54.8917656,-127.5079479
a54x-126,54,-126,-180,0,58.7744598,-127.3804209
a57.6x-126,57.6,-126,-180,0,62.6107864,-127.245556
a61.2x-126,61.2,-126,-180,0,66.3942566,-127.1033235
a64.8x-126,64.8,-126,-180,0,70.1290588,-126.9551593
a68.4x-126,68.4,-126,-180,0,73.8146667,-126.8017036
a72x-126,72,-126,-180,0,77.4508209,-126.6436496
a75.6x-126,75.6,-126,-180,0,81.0351639,-126.4817457
a79.2x-126,79.2,-126,-180,0,84.5683365,-126.3170254
a82.8x-126,82.8,-126,-180,0,88.0473099,-126.1504789
a86.4x-126,86.4,-126,-180,0,91.4767456,-125.983433
a90x-126,90,-126,-180,0,94.8593292,-125.817237
a93.6x-126,93.6,-126,-180,0,98.1964188,-125.6532012
a97.2x-126,97.2,-126,-180,0,101.4896927,-125.4926747
a100.8x-126,100.8,-126,-180,0,104.7360687,-125.3381376
a104.4x-126,104.4,-126,-180,0,107.9377365,-125.1919234
a108x-126,108,-126,-180,0,111.1034927,-125.054958
a111.6x-126,111.6,-126,-180,0,114.2361298,-124.9289401
a115.2x-126,115.2,-126,-180,0,117.3386688,-124.8155809
a118.8x-126,118.8,-126,-180,0,120.4116898,-124.7181195
a122.4x-126,122.4,-126,-180,0,123.4601593,-124.6388957
a126x-126,126,-126,-180,0,126.4904099,-124.5805762
a129.6x-126,129.6,-126,-180,0,129.5083618,-124.5432213
a133.2x-126,133.2,-126,-180,0,132.5187531,-124.5280646
a136.8x-126,136.8,-126,-180,0,135.5258789,-124.5404117
a140.4x-126,140.4,-126,-180,0,138.538147,-124.5778561
a144x-126,144,-126,-180,0,141.5613403,-124.640439
a147.6x-126,147.6,-126,-180,0,144.6016693,-124.7284153
a151.2x-126,151.2,-126,-180,0,147.6698761,-124.8441983
a154.8x-126,154.8,-126,-180,0,150.7734528,-124.9856663
a158.4x-126,158.4,-126,-180,0,153.9165192,-125.147306
a162x-126,162,-126,-180,0,157.1047668,-125.3263782
a165.6x-126,165.6,-126,-180,0,160.3430481,-125.5194536
a169.2x-126,169.2,-126,-180,0,163.6360779,-125.7229301
a172.8x-126,172.8,-126,-180,0,166.9966431,-125.933456
a176.4x-126,176.4,-126,-180,0,170.4264832,-126.1437849
a-180x-122.4,-180,-122.4,-180,0,-178.3104248,-122.422137
a-176.4x-122.4,-176.4,-122.4,-180,0,-174.9117889,-122.2306793
a-172.8x-122.4,-172.8,-122.4,-180,0,-171.558197,-122.0410943
a-169.2x-122.4,-169.2,-122.4,-180,0,-168.2503204,-121.8572016
a-165.6x-122.4,-165.6,-122.4,-180,0,-164.9824982,-121.681221
a-162x-122.4,-162,-122.4,-180,0,-161.7504883,-121.5143287
a-158.4x-122.4,-158.4,-122.4,-180,0,-158.5529785,-121.3582464
a-154.8x-122.4,-154.8,-122.4,-180,0,-155.3878021,-121.2147191
a-151.2x-122.4,-151.2,-122.4,-180,0,-152.2498779,-121.0838346
a-147.6x-122.4,-147.6,-122.4,-180,0,-149.1366425,-120.9667362
a-144x-122.4,-144,-122.4,-180,0,-146.0474548,-120.8662504
a-140.4x-122.4,-140.4,-122.4,-180,0,-142.9771271,-120.7831085
a-136.8x-122.4,-136.8,-122.4,-180,0,-139.9222717,-120.7199895
a-133.2x-122.4,-133.2,-122.4,-180,0,-136.8777466,-120.6754002
a-129.6x-122.4,-129.6,-122.4,-180,0,-133.8403015,-120.6499177
a-126x-122.4,-126,-122.4,-180,0,-130.8066254,-120.6438506
a-122.4x-122.4,-122.4,-122.4,-180,0,-127.7727737,-120.6589589
a-118.8x-122.4,-118.8,-122.4,-180,0,-124.7335892,-120.6976267
a-115.2x-122.4,-115.2,-122.4,-180,0,-121.6859665,-120.7558743
a-111.6x-122.4,-111.6,-122.4,-180,0,-118.6266556,-120.833696
a-108x-122.4,-108,-122.4,-180,0,-115.5522995,-120.9311175
a-104.4x-122.4,-104.4,-122.4,-180,0,-112.4565506,-121.0501133
a-100.8x-122.4,-100.8,-122.4,-180,0,-109.3356094,-121.1896775
a-97.2x-122.4,-97.2,-122.4,-180,0,-106.1860733,-121.34895
a-93.6x-122.4,-93.6,-122.4,-180,0,-103.0016632,-121.5283556
a-90x-122.4,-90,-122.4,-180,0,-99.7795563,-121.7254814
a-86.4x-122.4,-86.4,-122.4,-180,0,-96.5104828,-121.9403205
a-82.8x-122.4,-82.8,-122.4,-180,0,-93.1895065,-122.1701235
a-79.2x-122.4,-79.2,-122.4,-180,0,-89.8152313,-122.4112737
a-75.6x-122.4,-75.6,-122.4,-180,0,-86.3834686,-122.6607598
a-72x-122.4,-72,-122.4,-180,0,-82.8878098,-122.9151943
a-68.4x-122.4,-68.4,-122.4,-180,0,-79.3246613,-123.1698674
a-64.8x-122.4,-64.8,-122.4,-180,0,-75.6903,-123.4196199
a-61.2x-122.4,-61.2,-122.4,-180,0,-71.9883575,-123.6600462
a-57.6x-122.4,-57.6,-122.4,-180,0,-68.2228851,-123.8878736
a-54x-122.4,-54,-122.4,-180,0,-64.3965988,-124.1002289
a-50.4x-122.4,-50.4,-122.4,-180,0,-60.5133438,-124.2948603
a-46.8x-122.4,-46.8,-122.4,-180,0,-56.5757256,-124.4692163
a-43.2x-122.4,-43.2,-122.4,-180,0,-52.5912437,-124.6233433
a-39.6x-122.4,-39.6,-122.4,-180,0,-48.5669365,-124.7583682
a-36x-122.4,-36,-122.4,-180,0,-44.505764,-124.8743101
a-32.4x-122.4,-32.4,-122.4,-180,0,-40.4156075,-124.9740083
a-28.8x-122.4,-28.8,-122.4,-180,0,-36.3010139,-125.0594902
a-25.2x-122.4,-25.2,-122.4,-180,0,-32.165493,-125.1325862
a-21.6x-122.4,-21.6,-122.4,-180,0,-28.0113621,-125.1944168
a-18x-122.4,-18,-122.4,-180,0,-23.8415337,-125.2470712
a-14.4x-122.4,-14.4,-122.4,-180,0,-19.6578941,-125.2916776
a-10.8x-122.4,-10.8,-122.4,-180,0,-15.4620066,-125.3287906
a-7.2x-122.4,-7.2,-122.4,-180,0,-11.255393,-125.358532
a-3.6x-122.4,-3.6,-122.4,-180,0,-7.0393267,-125.3804025
a0x-122.4,0,-122.4,-180,0,-2.8156846,-125.3937857
a3.6x-122.4,3.6,-122.4,-180,0,1.4124825,-125.3980018
a7.2x-122.4,7.2,-122.4,-180,0,5.6423836,-125.3927725
a10.8x-122.4,10.8,-122.4,-180,0,9.870966,-125.3771439
a14.4x-122.4,14.4,-122.4,-180,0,14.0948114,-125.3501663
a18x-122.4,18,-122.4,-180,0,18.3101711,-125.3109484
a21.6x-122.4,21.6,-122.4,-180,0,22.5130138,-125.2588283
a25.2x-122.4,25.2,-122.4,-180,0,26.6987419,-125.1933947
a28.8x-122.4,28.8,-122.4,-180,0,30.8612995,-125.1141306
a32.4x-122.4,32.4,-122.4,-180,0,34.9955482,-125.020395
a36x-122.4,36,-122.4,-180,0,39.0984192,-124.9127962
a39.6x-122.4,39.6,-122.4,-180,0,43.1665955,-124.7919888
a43.2x-122.4,43.2,-122.4,-180,0,47.1967888,-124.6585855
a46.8x-122.4,46.8,-122.4,-180,0,51.1861191,-124.5132819
a50.4x-122.4,50.4,-122.4,-180,0,55.1306992,-124.3565905
a54x-122.4,54,-122.4,-180,0,59.0271873,-124.189214
a57.6x-122.4,57.6,-122.4,-180,0,62.876442,-124.0123723
a61.2x-122.4,61.2,-122.4,-180,0,66.6719284,-123.8259276
a64.8x-122.4,64.8,-122.4,-180,0,70.4167328,-123.6315596
a68.4x-122.4,68.4,-122.4,-180,0,74.1109924,-123.4302236
a72x-122.4,72,-122.4,-180,0,77.7543411,-123.2228121
a75.6x-122.4,75.6,-122.4,-180,0,81.3442154,-123.0102597
a79.2x-122.4,79.2,-122.4,-180,0,84.8811111,-122.7938238
a82.8x-122.4,82.8,-122.4,-180,0,88.3630905,-122.5747726
a86.4x-122.4,86.4,-122.4,-180,0,91.7910614,-122.3549363
a90x-122.4,90,-122.4,-180,0,95.1697311,-122.1360466
a93.6x-122.4,93.6,-122.4,-180,0,98.5005112,-121.9197716
a97.2x-122.4,97.2,-122.4,-180,0,101.784996,-121.7078834
a100.8x-122.4,100.8,-122.4,-180,0,105.0207214,-121.5034794
a104.4x-122.4,104.4,-122.4,-180,0,108.2081299,-121.3098338
a108x-122.4,108,-122.4,-180,0,111.3573685,-121.1279118
a111.6x-122.4,111.6,-122.4,-180,0,114.4705658,-120.9600619
a115.2x-122.4,115.2,-122.4,-180,0,117.5507202,-120.8085699
a118.8x-122.4,118.8,-122.4,-180,0,120.5985107,-120.6774874
a122.4x-122.4,122.4,-122.4,-180,0,123.6181183,-120.5704728
a126x-122.4,126,-122.4,-180,0,126.6166229,-120.4909259
a129.6x-122.4,129.6,-122.4,-180,0,129.6004639,-120.4390571
a133.2x-122.4,133.2,-122.4,-180,0,132.5746765,-120.4166921
a136.8x-122.4,136.8,-122.4,-180,0,135.5438232,-120.4313034
a140.4x-122.4,140.4,-122.4,-180,0,138.517395,-120.4796995
a144x-122.4,144,-122.4,-180,0,141.5018158,-120.5619682
a147.6x-122.4,147.6,-122.4,-180,0,144.5040436,-120.6785265
a151.2x-122.4,151.2,-122.4,-180,0,147.536438,-120.8333153
a154.8x-122.4,154.8,-122.4,-180,0,150.6062927,-121.0214134
a158.4x-122.4,158.4,-122.4,-180,0,153.7189026,-121.236953
a162x-122.4,162,-122.4,-180,0,156.8807526,-121.4763988
a165.6x-122.4,165.6,-122.4,-180,0,160.0979919,-121.7355582
a169.2x-122.4,169.2,-122.4,-180,0,163.3768921,-122.0096915
a172.8x-122.4,172.8,-122.4,-180,0,166.7313843,-122.2936925
a176.4x-122.4,176.4,-122.4,-180,0,170.1618042,-122.5773972
a-180x-118.8,-180,-118.8,-180,0,-178.0785828,-118.8219975
a-176.4x-118.8,-176.4,-118.8,-180,0,-174.6810913,-118.577217
a-172.8x-118.8,-172.8,-118.8,-180,0,-171.3335419,-118.3368072
a-169.2x-118.8,-169.2,-118.8,-180,0,-168.0352783,-118.1055991
a-165.6x-118.8,-165.6,-118.8,-180,0,-164.7791748,-117.8855935
a-162x-118.8,-162,-118.8,-180,0,-161.560318,-117.6774773
a-158.4x-118.8,-158.4,-118.8,-180,0,-158.3768158,-117.4824464
a-154.8x-118.8,-154.8,-118.8,-180,0,-155.2279053,-117.3027327
a-151.2x-118.8,-151.2,-118.8,-180,0,-152.1079865,-117.1382169
a-147.6x-118.8,-147.6,-118.8,-180,0,-149.0146484,-116.9904731
a-144x-118.8,-144,-118.8,-180,0,-145.9474792,-116.8632072
a-140.4x-118.8,-140.4,-118.8,-180,0,-142.9009094,-116.7573384
a-136.8x-118.8,-136.8,-118.8,-180,0,-139.8716125,-116.6770852
a-133.2x-118.8,-133.2,-118.8,-180,0,-136.8536072,-116.6202449
a-129.6x-118.8,-129.6,-118.8,-180,0,-133.843277,-116.5873122
a-126x-118.8,-126,-118.8,-180,0,-130.8370972,-116.578539
a-122.4x-118.8,-122.4,-118.8,-180,0,-127.8309326,-116.5959653
a-118.8x-118.8,-118.8,-118.8,-180,0,-124.8196182,-116.6423417
a-115.2x-118.8,-115.2,-118.8,-180,0,-121.8000412,-116.7126875
a-111.6x-118.8,-111.6,-118.8,-180,0,-118.769043,-116.8070252
a-108x-118.8,-108,-118.8,-180,0,-115.72332,-116.9254405
a-104.4x-118.8,-104.4,-118.8,-180,0,-112.6559448,-117.0709632
a-100.8x-118.8,-100.8,-118.8,-180,0,-109.5634766,-117.2420212
a-97.2x-118.8,-97.2,-118.8,-180,0,-106.4421082,-117.4379897
a-93.6x-118.8,-93.6,-118.8,-180,0,-103.2850876,-117.6598437
a-90x-118.8,-90,-118.8,-180,0,-100.089035,-117.9048774
a-86.4x-118.8,-86.4,-118.8,-180,0,-96.8422318,-118.1739888
a-82.8x-118.8,-82.8,-118.8,-180,0,-93.5412827,-118.4628286
a-79.2x-118.8,-79.2,-118.8,-180,0,-90.1828461,-118.7672943
a-75.6x-118.8,-75.6,-118.8,-180,0,-86.7618256,-119.0834723
a-72x-118.8,-72,-118.8,-180,0,-83.2706833,-119.4069044
a-68.4x-118.8,-68.4,-118.8,-180,0,-79.7051315,-119.7311934
a-64.8x-118.8,-64.8,-118.8,-180,0,-76.0591202,-120.0489858
a-61.2x-118.8,-61.2,-118.8,-180,0,-72.3414459,-120.3545423
a-57.6x-118.8,-57.6,-118.8,-180,0,-68.5548172,-120.6432499
a-54x-118.8,-54,-118.8,-180,0,-64.7029037,-120.9112159
a-50.4x-118.8,-50.4,-118.8,-180,0,-60.7907104,-121.1554167
a-46.8x-118.8,-46.8,-118.8,-180,0,-56.8222618,-121.3724614
a-43.2x-118.8,-43.2,-118.8,-180,0,-52.8067436,-121.5625756
a-39.6x-118.8,-39.6,-118.8,-180,0,-48.7524719,-121.727458
a-36x-118.8,-36,-118.8,-180,0,-44.6633644,-121.8673528
a-32.4x-118.8,-32.4,-118.8,-180,0,-40.5485573,-121.9866819
a-28.8x-118.8,-28.8,-118.8,-180,0,-36.4123993,-122.0881946
a-25.2x-118.8,-25.2,-118.8,-180,0,-32.2582741,-122.1745785
a-21.6x-118.8,-21.6,-118.8,-180,0,-28.0883293,-122.2475915
a-18x-118.8,-18,-118.8,-180,0,-23.9046059,-122.3099204
a-14.4x-118.8,-14.4,-118.8,-180,0,-19.7082882,-122.3629465
a-10.8x-118.8,-10.8,-118.8,-180,0,-15.5003281,-122.407485
a-7.2x-118.8,-7.2,-118.8,-180,0,-11.2816334,-122.4439014
a-3.6x-118.8,-3.6,-118.8,-180,0,-7.052855,-122.4716792
a0x-118.8,0,-118.8,-180,0,-2.8152797,-122.4899049
a3.6x-118.8,3.6,-118.8,-180,0,1.4285462,-122.4971685
a7.2x-118.8,7.2,-118.8,-180,0,5.6759129,-122.4928321
a10.8x-118.8,10.8,-118.8,-180,0,9.923811,-122.4756889
a14.4x-118.8,14.4,-118.8,-180,0,14.1687298,-122.444522
a18x-118.8,18,-118.8,-180,0,18.4067059,-122.3981928
a21.6x-118.8,21.6,-118.8,-180,0,22.6333904,-122.3357798
a25.2x-118.8,25.2,-118.8,-180,0,26.8438187,-122.2564197
a28.8x-118.8,28.8,-118.8,-180,0,31.0314789,-122.1588052
a32.4x-118.8,32.4,-118.8,-180,0,35.1911049,-122.0427301
a36x-118.8,36,-118.8,-180,0,39.3183365,-121.9090222
a39.6x-118.8,39.6,-118.8,-180,0,43.4098587,-121.7588157
a43.2x-118.8,43.2,-118.8,-180,0,47.4621391,-121.5928925
a46.8x-118.8,46.8,-118.8,-180,0,51.4721031,-121.412168
a50.4x-118.8,50.4,-118.8,-180,0,55.4357414,-121.2173084
a54x-118.8,54,-118.8,-180,0,59.3497047,-121.00921
a57.6x-118.8,57.6,-118.8,-180,0,63.2149506,-120.7893361
a61.2x-118.8,61.2,-118.8,-180,0,67.0262451,-120.5577797
a64.8x-118.8,64.8,-118.8,-180,0,70.7839279,-120.3160013
a68.4x-118.8,68.4,-118.8,-180,0,74.4894257,-120.0653655
a72x-118.8,72,-118.8,-180,0,78.1422653,-119.8068802
a75.6x-118.8,75.6,-118.8,-180,0,81.7396317,-119.5416192
a79.2x-118.8,79.2,-118.8,-180,0,85.2818298,-119.2711332
a82.8x-118.8,82.8,-118.8,-180,0,88.7683258,-118.9970131
a86.4x-118.8,86.4,-118.8,-180,0,92.1962814,-118.7213716
a90x-118.8,90,-118.8,-180,0,95.5719223,-118.4465287
a93.6x-118.8,93.6,-118.8,-180,0,98.8964767,-118.1745591
a97.2x-118.8,97.2,-118.8,-180,0,102.1714783,-117.9076374
a100.8x-118.8,100.8,-118.8,-180,0,105.3953476,-117.6492327
a104.4x-118.8,104.4,-118.8,-180,0,108.5644836,-117.4040945
a108x-118.8,108,-118.8,-180,0,111.6912689,-117.1734227
a111.6x-118.8,111.6,-118.8,-180,0,114.7784424,-116.9599934
a115.2x-118.8,115.2,-118.8,-180,0,117.8289719,-116.7666149
a118.8x-118.8,118.8,-118.8,-180,0,120.84375,-116.5978597
a122.4x-118.8,122.4,-118.8,-180,0,123.8261414,-116.4588009
a126x-118.8,126,-118.8,-180,0,126.7835159,-116.3538973
a129.6x-118.8,129.6,-118.8,-180,0,129.7228699,-116.2836121
a133.2x-118.8,133.2,-118.8,-180,0,132.6496582,-116.250404
a136.8x-118.8,136.8,-118.8,-180,0,135.5684967,-116.2642991
a140.4x-118.8,140.4,-118.8,-180,0,138.4904633,-116.3207551
a144x-118.8,144,-118.8,-180,0,141.4226837,-116.4201749
a147.6x-118.8,147.6,-118.8,-180,0,144.3730164,-116.5638629
a151.2x-118.8,151.2,-118.8,-180,0,147.3560486,-116.7587569
a154.8x-118.8,154.8,-118.8,-180,0,150.3807678,-116.9982622
a158.4x-118.8,158.4,-118.8,-180,0,153.4534454,-117.2741948
a162x-118.8,162,-118.8,-180,0,156.5814514,-117.5817103
a165.6x-118.8,165.6,-118.8,-180,0,159.7718506,-117.9152091
a169.2x-118.8,169.2,-118.8,-180,0,163.0341797,-118.2692216
a172.8x-118.8,172.8,-118.8,-180,0,166.3800507,-118.6357406
a176.4x-118.8,176.4,-118.8,-180,0,169.8121185,-119.0024515
a-180x-115.2,-180,-115.2,-180,0,-177.7833405,-115.215295
a-176.4x-115.2,-176.4,-115.2,-180,0,-174.3884735,-114.910312
a-172.8x-115.2,-172.8,-115.2,-180,0,-171.0506897,-114.6147073
a-169.2x-115.2,-169.2,-115.2,-180,0,-167.7660065,-114.3339256
a-165.6x-115.2,-165.6,-115.2,-180,0,-164.5249786,-114.0686184
a-162x-115.2,-162,-115.2,-180,0,-161.3220215,-113.8180907
a-158.4x-115.2,-158.4,-115.2,-180,0,-158.1546783,-113.5823042
a-154.8x-115.2,-154.8,-115.2,-180,0,-155.0246277,-113.3640737
a-151.2x-115.2,-151.2,-115.2,-180,0,-151.9259644,-113.1630489
a-147.6x-115.2,-147.6,-115.2,-180,0,-148.8566589,-112.9814234
a-144x-115.2,-144,-115.2,-180,0,-145.8165894,-112.8241642
a-140.4x-115.2,-140.4,-115.2,-180,0,-142.7996674,-112.6925722
a-136.8x-115.2,-136.8,-115.2,-180,0,-139.802536,-112.5930135
a-133.2x-115.2,-133.2,-115.2,-180,0,-136.8178711,-112.5223605
a-129.6x-115.2,-129.6,-115.2,-180,0,-133.8415985,-112.4810816
a-126x-115.2,-126,-115.2,-180,0,-130.8697815,-112.4692483
a-122.4x-115.2,-122.4,-115.2,-180,0,-127.8980179,-112.4889675
a-118.8x-115.2,-118.8,-115.2,-180,0,-124.9210739,-112.543027
a-115.2x-115.2,-115.2,-115.2,-180,0,-121.935997,-112.6252811
a-111.6x-115.2,-111.6,-115.2,-180,0,-118.9397507,-112.7357237
a-108x-115.2,-108,-115.2,-180,0,-115.9291916,-112.874534
a-104.4x-115.2,-104.4,-115.2,-180,0,-112.8970261,-113.0461348
a-100.8x-115.2,-100.8,-115.2,-180,0,-109.8403397,-113.2481839
a-97.2x-115.2,-97.2,-115.2,-180,0,-106.754776,-113.4806902
a-93.6x-115.2,-93.6,-115.2,-180,0,-103.6330109,-113.7453652
a-90x-115.2,-90,-115.2,-180,0,-100.4709244,-114.0394082
a-86.4x-115.2,-86.4,-115.2,-180,0,-97.2534027,-114.3655523
a-82.8x-115.2,-82.8,-115.2,-180,0,-93.9790726,-114.7170797
a-79.2x-115.2,-79.2,-115.2,-180,0,-90.6417847,-115.0899531
a-75.6x-115.2,-75.6,-115.2,-180,0,-87.2350464,-115.4793218
a-72x-115.2,-72,-115.2,-180,0,-83.7495956,-115.8794506
a-68.4x-115.2,-68.4,-115.2,-180,0,-80.1775894,-116.2815363
a-64.8x-115.2,-64.8,-115.2,-180,0,-76.5173874,-116.67539
a-61.2x-115.2,-61.2,-115.2,-180,0,-72.7777786,-117.0534602
a-57.6x-115.2,-57.6,-115.2,-180,0,-68.961998,-117.4094795
a-54x-115.2,-54,-115.2,-180,0,-65.0750046,-117.7382055
a-50.4x-115.2,-50.4,-115.2,-180,0,-61.1234322,-118.0355779
a-46.8x-115.2,-46.8,-115.2,-180,0,-57.1133728,-118.2971438
a-43.2x-115.2,-43.2,-115.2,-180,0,-53.0564575,-118.5234348
a-39.6x-115.2,-39.6,-115.2,-180,0,-48.9623909,-118.7166855
a-36x-115.2,-36,-115.2,-180,0,-44.8379707,-118.8787138
a-32.4x-115.2,-32.4,-115.2,-180,0,-40.6923409,-119.0152917
a-28.8x-115.2,-28.8,-115.2,-180,0,-36.5301056,-119.1304511
a-25.2x-115.2,-25.2,-115.2,-180,0,-32.3543129,-119.2280123
a-21.6x-115.2,-21.6,-115.2,-180,0,-28.1666985,-119.310715
a-18x-115.2,-18,-115.2,-180,0,-23.9679832,-119.3818736
a-14.4x-115.2,-14.4,-115.2,-180,0,-19.7583141,-119.443229
a-10.8x-115.2,-10.8,-115.2,-180,0,-15.5377331,-119.4956716
a-7.2x-115.2,-7.2,-115.2,-180,0,-11.3062992,-119.5395312
a-3.6x-115.2,-3.6,-115.2,-180,0,-7.0638456,-119.5742401
a0x-115.2,0,-115.2,-180,0,-2.8108437,-119.5985565
a3.6x-115.2,3.6,-115.2,-180,0,1.4508568,-119.6103334
a7.2x-115.2,7.2,-115.2,-180,0,5.7186394,-119.6085857
a10.8x-115.2,10.8,-115.2,-180,0,9.9895544,-119.5917709
a14.4x-115.2,14.4,-115.2,-180,0,14.259964,-119.5582957
a18x-115.2,18,-115.2,-180,0,18.5256176,-119.5066889
a21.6x-115.2,21.6,-115.2,-180,0,22.7817745,-119.4354052
a25.2x-115.2,25.2,-115.2,-180,0,27.0229607,-119.3424271
a28.8x-115.2,28.8,-115.2,-180,0,31.2419052,-119.2255902
a32.4x-115.2,32.4,-115.2,-180,0,35.4330406,-119.0862427
a36x-115.2,36,-115.2,-180,0,39.5903587,-118.9254112
a39.6x-115.2,39.6,-115.2,-180,0,43.7105484,-118.7445886
a43.2x-115.2,43.2,-115.2,-180,0,47.7897034,-118.5446221
a46.8x-115.2,46.8,-115.2,-180,0,51.8245583,-118.3266819
a50.4x-115.2,50.4,-115.2,-180,0,55.8110085,-118.091699
a54x-115.2,54,-115.2,-180,0,59.7457733,-117.8408212
a57.6x-115.2,57.6,-115.2,-180,0,63.6300468,-117.5758046
a61.2x-115.2,61.2,-115.2,-180,0,67.4604034,-117.2971336
a64.8x-115.2,64.8,-115.2,-180,0,71.2336502,-117.0056017
a68.4x-115.2,68.4,-115.2,-180,0,74.952919,-116.7031438
a72x-115.2,72,-115.2,-180,0,78.617569,-116.3908769
a75.6x-115.2,75.6,-115.2,-180,0,82.2244949,-116.0699404
a79.2x-115.2,79.2,-115.2,-180,0,85.7736664,-115.7421256
a82.8x-115.2,82.8,-115.2,-180,0,89.2664413,-115.4093897
a86.4x-115.2,86.4,-115.2,-180,0,92.6949158,-115.0739803
a90x-115.2,90,-115.2,-180,0,96.0675583,-114.7389261
a93.6x-115.2,93.6,-115.2,-180,0,99.3852539,-114.406723
a97.2x-115.2,97.2,-115.2,-180,0,102.6492844,-114.0800297
a100.8x-115.2,100.8,-115.2,-180,0,105.8579254,-113.7629603
a104.4x-115.2,104.4,-115.2,-180,0,109.0074234,-113.4608837
a108x-115.2,108,-115.2,-180,0,112.108284,-113.176039
a111.6x-115.2,111.6,-115.2,-180,0,115.1647644,-112.9113953
a115.2x-115.2,115.2,-115.2,-180,0,118.1797638,-112.6703776
a118.8x-115.2,118.8,-115.2,-180,0,121.15448,-112.457993
a122.4x-115.2,122.4,-115.2,-180,0,124.0896759,-112.282298
a126x-115.2,126,-115.2,-180,0,126.994957,-112.1475582
a129.6x-115.2,129.6,-115.2,-180,0,129.8779602,-112.0544678
a133.2x-115.2,133.2,-115.2,-180,0,132.7444611,-112.0061436
a136.8x-115.2,136.8,-115.2,-180,0,135.598938,-112.0155584
a140.4x-115.2,140.4,-115.2,-180,0,138.4542236,-112.0780296
a144x-115.2,144,-115.2,-180,0,141.3187561,-112.1947694
a147.6x-115.2,147.6,-115.2,-180,0,144.201828,-112.3673855
a151.2x-115.2,151.2,-115.2,-180,0,147.1214142,-112.6069324
a154.8x-115.2,154.8,-115.2,-180,0,150.0875549,-112.9020194
a158.4x-115.2,158.4,-115.2,-180,0,153.1082611,-113.2438349
a162x-115.2,162,-115.2,-180,0,156.1923676,-113.6267247
a165.6x-115.2,165.6,-115.2,-180,0,159.3482666,-114.0439161
a169.2x-115.2,169.2,-115.2,-180,0,162.590683,-114.4898002
a172.8x-115.2,172.8,-115.2,-180,0,165.9262085,-114.9513703
a176.4x-115.2,176.4,-115.2,-180,0,169.3617401,-115.4144827
a-180x-111.6,-180,-111.6,-180,0,-177.4121857,-111.5968067
a-176.4x-111.6,-176.4,-111.6,-180,0,-174.0232849,-111.2224609
a-172.8x-111.6,-172.8,-111.6,-180,0,-170.7018127,-110.867715
a-169.2x-111.6,-169.2,-111.6,-180,0,-167.4362946,-110.5368177
a-165.6x-111.6,-165.6,-111.6,-180,0,-164.2140198,-110.2266931
a-162x-111.6,-162,-111.6,-180,0,-161.0289307,-109.9337077
a-158.4x-111.6,-158.4,-111.6,-180,0,-157.8791199,-109.6558412
a-154.8x-111.6,-154.8,-111.6,-180,0,-154.7687225,-109.3952961
a-151.2x-111.6,-151.2,-111.6,-180,0,-151.6938171,-109.1530035
a-147.6x-111.6,-147.6,-111.6,-180,0,-148.6526184,-108.9323844
a-144x-111.6,-144,-111.6,-180,0,-145.6456146,-108.7406944
a-140.4x-111.6,-140.4,-111.6,-180,0,-142.665741,-108.5800816
a-136.8x-111.6,-136.8,-111.6,-180,0,-139.7091675,-108.4597518
a-133.2x-111.6,-133.2,-111.6,-180,0,-136.7663727,-108.375089
a-129.6x-111.6,-129.6,-111.6,-180,0,-133.8323822,-108.3259162
a-126x-111.6,-126,-111.6,-180,0,-130.9026642,-108.3116779
a-122.4x-111.6,-122.4,-111.6,-180,0,-127.9723511,-108.334284
a-118.8x-111.6,-118.8,-111.6,-180,0,-125.036377,-108.3961954
a-115.2x-111.6,-115.2,-111.6,-180,0,-122.0923309,-108.4899216
a-111.6x-111.6,-111.6,-111.6,-180,0,-119.1375351,-108.6154834
a-108x-111.6,-108,-111.6,-180,0,-116.1691818,-108.7732669
a-104.4x-111.6,-104.4,-111.6,-180,0,-113.1798859,-108.9694585
a-100.8x-111.6,-100.8,-111.6,-180,0,-110.1674347,-109.200686
a-97.2x-111.6,-97.2,-111.6,-180,0,-107.1268005,-109.4681629
a-93.6x-111.6,-93.6,-111.6,-180,0,-104.0500793,-109.7747942
a-90x-111.6,-90,-111.6,-180,0,-100.9309921,-110.1189693
a-86.4x-111.6,-86.4,-111.6,-180,0,-97.7534943,-110.504396
a-82.8x-111.6,-82.8,-111.6,-180,0,-94.5149841,-110.9230914
a-79.2x-111.6,-79.2,-111.6,-180,0,-91.2064743,-111.3709829
a-75.6x-111.6,-75.6,-111.6,-180,0,-87.8192062,-111.8422443
a-72x-111.6,-72,-111.6,-180,0,-84.3413086,-112.3294999
a-68.4x-111.6,-68.4,-111.6,-180,0,-80.7584839,-112.820526
a-64.8x-111.6,-64.8,-111.6,-180,0,-77.0785294,-113.3011192
a-61.2x-111.6,-61.2,-111.6,-180,0,-73.3080902,-113.7613134
a-57.6x-111.6,-57.6,-111.6,-180,0,-69.4519958,-114.1928202
a-54x-111.6,-54,-111.6,-180,0,-65.5170898,-114.5887825
a-50.4x-111.6,-50.4,-111.6,-180,0,-61.5121536,-114.9438525
a-46.8x-111.6,-46.8,-111.6,-180,0,-57.4462318,-115.2521358
a-43.2x-111.6,-43.2,-111.6,-180,0,-53.3344727,-115.5145929
a-39.6x-111.6,-39.6,-111.6,-180,0,-49.1887856,-115.7340986
a-36x-111.6,-36,-111.6,-180,0,-45.0196228,-115.9151354
a-32.4x-111.6,-32.4,-111.6,-180,0,-40.8362541,-116.0654301
a-28.8x-111.6,-28.8,-111.6,-180,0,-36.6434402,-116.1909191
a-25.2x-111.6,-25.2,-111.6,-180,0,-32.4435387,-116.2969809
a-21.6x-111.6,-21.6,-111.6,-180,0,-28.237442,-116.3876216
a-18x-111.6,-18,-111.6,-180,0,-24.0238838,-116.4669131
a-14.4x-111.6,-14.4,-111.6,-180,0,-19.8015156,-116.5369299
a-10.8x-111.6,-10.8,-111.6,-180,0,-15.5690298,-116.5986774
a-7.2x-111.6,-7.2,-111.6,-180,0,-11.3253031,-116.6517555
a-3.6x-111.6,-3.6,-111.6,-180,0,-7.0691504,-116.6948613
a0x-111.6,0,-111.6,-180,0,-2.8000185,-116.726469
a3.6x-111.6,3.6,-111.6,-180,0,1.4812105,-116.7445087
a7.2x-111.6,7.2,-111.6,-180,0,5.7720809,-116.7471395
a10.8x-111.6,10.8,-111.6,-180,0,10.0697203,-116.7316658
a14.4x-111.6,14.4,-111.6,-180,0,14.3704004,-116.695564
a18x-111.6,18,-111.6,-180,0,18.6694412,-116.6363625
a21.6x-111.6,21.6,-111.6,-180,0,22.9614029,-116.5527242
a25.2x-111.6,25.2,-111.6,-180,0,27.2399273,-116.4445222
a28.8x-111.6,28.8,-111.6,-180,0,31.4967937,-116.3109552
a32.4x-111.6,32.4,-111.6,-180,0,35.7262497,-116.1510916
a36x-111.6,36,-111.6,-180,0,39.9199905,-115.9625962
a39.6x-111.6,39.6,-111.6,-180,0,44.074482,-115.7490647
a43.2x-111.6,43.2,-111.6,-180,0,48.1853485,-115.5123408
a46.8x-111.6,46.8,-111.6,-180,0,52.249157,-115.2542556
a50.4x-111.6,50.4,-111.6,-180,0,56.2617722,-114.9762282
a54x-111.6,54,-111.6,-180,0,60.2201691,-114.6798071
a57.6x-111.6,57.6,-111.6,-180,0,64.12603,-114.367054
a61.2x-111.6,61.2,-111.6,-180,0,67.9784012,-114.0389932
a64.8x-111.6,64.8,-111.6,-180,0,71.7697601,-113.6951402
a68.4x-111.6,68.4,-111.6,-180,0,75.5054626,-113.3381006
a72x-111.6,72,-111.6,-180,0,79.1846237,-112.968957
a75.6x-111.6,75.6,-111.6,-180,0,82.8036652,-112.5888043
a79.2x-111.6,79.2,-111.6,-180,0,86.3619843,-112.199683
a82.8x-111.6,82.8,-111.6,-180,0,89.8611755,-111.8038944
a86.4x-111.6,86.4,-111.6,-180,0,93.293663,-111.4038284
a90x-111.6,90,-111.6,-180,0,96.6638489,-111.0032258
a93.6x-111.6,93.6,-111.6,-180,0,99.9744644,-110.6052327
a97.2x-111.6,97.2,-111.6,-180,0,103.2264023,-110.2130045
a100.8x-111.6,100.8,-111.6,-180,0,106.4174576,-109.8312406
a104.4x-111.6,104.4,-111.6,-180,0,109.5452423,-109.4654542
a108x-111.6,108,-111.6,-180,0,112.6158524,-109.1197985
a111.6x-111.6,111.6,-111.6,-180,0,115.6361313,-108.7971838
a115.2x-111.6,115.2,-111.6,-180,0,118.6088028,-108.5016776
a118.8x-111.6,118.8,-111.6,-180,0,121.5358124,-108.2382842
a122.4x-111.6,122.4,-111.6,-180,0,124.4142685,-108.0184707
a126x-111.6,126,-111.6,-180,0,127.2558746,-107.8468481
a129.6x-111.6,129.6,-111.6,-180,0,130.0691223,-107.72452
a133.2x-111.6,133.2,-111.6,-180,0,132.8602753,-107.6554795
a136.8x-111.6,136.8,-111.6,-180,0,135.6332092,-107.6567587
a140.4x-111.6,140.4,-111.6,-180,0,138.4036102,-107.7227193
a144x-111.6,144,-111.6,-180,0,141.1815186,-107.8556629
a147.6x-111.6,147.6,-111.6,-180,0,143.9779816,-108.058431
a151.2x-111.6,151.2,-111.6,-180,0,146.8159637,-108.3491357
a154.8x-111.6,154.8,-111.6,-180,0,149.7069244,-108.7074241
a158.4x-111.6,158.4,-111.6,-180,0,152.6616364,-109.1247288
a162x-111.6,162,-111.6,-180,0,155.6907196,-109.5940092
a165.6x-111.6,165.6,-111.6,-180,0,158.8049011,-110.1073515
a169.2x-111.6,169.2,-111.6,-180,0,162.0233765,-110.6583519
a172.8x-111.6,172.8,-111.6,-180,0,165.3467255,-111.2298145
a176.4x-111.6,176.4,-111.6,-180,0,168.7882996,-111.8068472
a-180x-108,-180,-108,-180,0,-176.9459381,-107.959468
a-176.4x-108,-176.4,-108,-180,0,-173.5720367,-107.5049845
a-172.8x-108,-172.8,-108,-180,0,-170.2784882,-107.0905843
a-169.2x-108,-169.2,-108,-180,0,-167.0398712,-106.7138326
a-165.6x-108,-165.6,-108,-180,0,-163.8392944,-106.3632087
a-162x-108,-162,-108,-180,0,-160.6716156,-106.0296973
a-158.4x-108,-158.4,-108,-180,0,-157.5375366,-105.70848
a-154.8x-108,-154.8,-108,-180,0,-154.4444275,-105.4005339
a-151.2x-108,-151.2,-108,-180,0,-151.3943329,-105.1102942
a-147.6x-108,-147.6,-108,-180,0,-148.3855286,-104.843432
a-144x-108,-144,-108,-180,0,-145.4193115,-104.6107944
a-140.4x-108,-140.4,-108,-180,0,-142.4869843,-104.4168397
a-136.8x-108,-136.8,-108,-180,0,-139.5822449,-104.2732102
a-133.2x-108,-133.2,-108,-180,0,-136.6925507,-104.1746757
a-129.6x-108,-129.6,-108,-180,0,-133.8110504,-104.1189569
a-126x-108,-126,-108,-180,0,-130.9322815,-104.1042031
a-122.4x-108,-122.4,-108,-180,0,-128.0508728,-104.1310484
a-118.8x-108,-118.8,-108,-180,0,-125.1623459,-104.2010851
a-115.2x-108,-115.2,-108,-180,0,-122.2656784,-104.3053555
a-111.6x-108,-111.6,-108,-180,0,-119.3590088,-104.4440065
a-108x-108,-108,-108,-180,0,-116.4402313,-104.6177648
a-104.4x-108,-104.4,-108,-180,0,-113.5024414,-104.8352546
a-100.8x-108,-100.8,-108,-180,0,-110.5440445,-105.0921083
a-97.2x-108,-97.2,-108,-180,0,-107.5594482,-105.3912124
a-93.6x-108,-93.6,-108,-180,0,-104.5402756,-105.7371583
a-90x-108,-90,-108,-180,0,-101.4767761,-106.1314672
a-86.4x-108,-86.4,-108,-180,0,-98.3541031,-106.5772972
a-82.8x-108,-82.8,-108,-180,0,-95.1650391,-107.0677814
a-79.2x-108,-79.2,-108,-180,0,-91.8970108,-107.5988924
a-75.6x-108,-75.6,-108,-180,0,-88.5374451,-108.1639273
a-72x-108,-72,-108,-180,0,-85.0683594,-108.7534314
a-68.4x-108,-68.4,-108,-180,0,-81.4700546,-109.3493953
a-64.8x-108,-64.8,-108,-180,0,-77.7613449,-109.9316499
a-61.2x-108,-61.2,-108,-180,0,-73.9470673,-110.4869845
a-57.6x-108,-57.6,-108,-180,0,-70.0348129,-111.0045081
a-54x-108,-54,-108,-180,0,-66.0354156,-111.476342
a-50.4x-108,-50.4,-108,-180,0,-61.9601364,-111.8968442
a-46.8x-108,-46.8,-108,-180,0,-57.8191757,-112.2565647
a-43.2x-108,-43.2,-108,-180,0,-53.6331673,-112.5565159
a-39.6x-108,-39.6,-108,-180,0,-49.4185333,-112.8003641
a-36x-108,-36,-108,-180,0,-45.1906509,-112.9961845
a-32.4x-108,-32.4,-108,-180,0,-40.9597969,-113.1542791
a-28.8x-108,-28.8,-108,-180,0,-36.730835,-113.2836191
a-25.2x-108,-25.2,-108,-180,0,-32.5047493,-113.3924179
a-21.6x-108,-21.6,-108,-180,0,-28.2806034,-113.4862724
a-18x-108,-18,-108,-180,0,-24.0540028,-113.5700625
a-14.4x-108,-14.4,-108,-180,0,-19.8215237,-113.6455125
a-10.8x-108,-10.8,-108,-180,0,-15.5801334,-113.7135939
a-7.2x-108,-7.2,-108,-180,0,-11.3271074,-113.7745361
a-3.6x-108,-3.6,-108,-180,0,-7.0598197,-113.8271334
a0x-108,0,-108,-180,0,-2.7759879,-113.8688685
a3.6x-108,3.6,-108,-180,0,1.5250045,-113.8959894
a7.2x-108,7.2,-108,-180,0,5.8409448,-113.905843
a10.8x-108,10.8,-108,-180,0,10.1691198,-113.8954142
a14.4x-108,14.4,-108,-180,0,14.5054512,-113.8617381
a18x-108,18,-108,-180,0,18.8446026,-113.8021534
a21.6x-108,21.6,-108,-180,0,23.1802025,-113.713844
a25.2x-108,25.2,-108,-180,0,27.504776,-113.5930571
a28.8x-108,28.8,-108,-180,0,31.8084583,-113.4357471
a32.4x-108,32.4,-108,-180,0,36.0839767,-113.2454351
a36x-108,36,-108,-180,0,40.3210068,-113.0229394
a39.6x-108,39.6,-108,-180,0,44.5145187,-112.7714062
a43.2x-108,43.2,-108,-180,0,48.6600914,-112.4931869
a46.8x-108,46.8,-108,-180,0,52.754425,-112.1907839
a50.4x-108,50.4,-108,-180,0,56.7959976,-111.86669
a54x-108,54,-108,-180,0,60.7800102,-111.522422
a57.6x-108,57.6,-108,-180,0,64.7091522,-111.1601235
a61.2x-108,61.2,-108,-180,0,68.5832901,-110.7806729
a64.8x-108,64.8,-108,-180,0,72.3978806,-110.3836828
a68.4x-108,68.4,-108,-180,0,76.1529999,-109.970196
a72x-108,72,-108,-180,0,79.8500519,-109.5418182
a75.6x-108,75.6,-108,-180,0,83.484726,-109.0994902
a79.2x-108,79.2,-108,-180,0,87.0556183,-108.6454552
a82.8x-108,82.8,-108,-180,0,90.5637131,-108.1824731
a86.4x-108,86.4,-108,-180,0,94.0039825,-107.7132735
a90x-108,90,-108,-180,0,97.3731613,-107.2419593
a93.6x-108,93.6,-108,-180,0,100.6774902,-106.7725684
a97.2x-108,97.2,-108,-180,0,103.9173279,-106.3088279
a100.8x-108,100.8,-108,-180,0,107.0896301,-105.8560328
a104.4x-108,104.4,-108,-180,0,110.1943817,-105.4192611
a108x-108,108,-108,-180,0,113.2309113,-105.0050734
a111.6x-108,111.6,-108,-180,0,116.2097092,-104.6161171
a115.2x-108,115.2,-108,-180,0,119.133255,-104.2570649
a118.8x-108,118.8,-108,-180,0,122.0042877,-103.9327125
a122.4x-108,122.4,-108,-180,0,124.8151855,-103.6579283
a126x-108,126,-108,-180,0,127.5794144,-103.4383765
a129.6x-108,129.6,-108,-180,0,130.3067017,-103.2755969
a133.2x-108,133.2,-108,-180,0,133.0037537,-103.174869
a136.8x-108,136.8,-108,-180,0,135.6727753,-103.1581508
a140.4x-108,140.4,-108,-180,0,138.333725,-103.2197121
a144x-108,144,-108,-180,0,140.9987793,-103.3642835
a147.6x-108,147.6,-108,-180,0,143.6816254,-103.5973491
a151.2x-108,151.2,-108,-180,0,146.4127502,-103.94735
a154.8x-108,154.8,-108,-180,0,149.2065735,-104.3804168
a158.4x-108,158.4,-108,-180,0,152.077713,-104.8883143
a162x-108,162,-108,-180,0,155.0391083,-105.4610023
a165.6x-108,165.6,-108,-180,0,158.1102905,-106.0910622
a169.2x-108,169.2,-108,-180,0,161.2984619,-106.761245
a172.8x-108,172.8,-108,-180,0,164.6085663,-107.4593232
a176.4x-108,176.4,-108,-180,0,168.0600586,-108.171275
a-180x-104.4,-180,-104.4,-180,0,-176.3603668,-104.3019282
a-176.4x-104.4,-176.4,-104.4,-180,0,-173.0227509,-103.7659306
a-172.8x-104.4,-172.8,-104.4,-180,0,-169.7757721,-103.3047998
a-169.2x-104.4,-169.2,-104.4,-180,0,-166.5735931,-102.901648
a-165.6x-104.4,-165.6,-104.4,-180,0,-163.3942261,-102.5265125
a-162x-104.4,-162,-104.4,-180,0,-160.2371063,-102.1622847
a-158.4x-104.4,-158.4,-104.4,-180,0,-157.1093597,-101.8009521
a-154.8x-104.4,-154.8,-104.4,-180,0,-154.0244904,-101.4421969
a-151.2x-104.4,-151.2,-104.4,-180,0,-150.9964447,-101.0956438
a-147.6x-104.4,-147.6,-104.4,-180,0,-148.024292,-100.7730272
a-144x-104.4,-144,-104.4,-180,0,-145.1102448,-100.4912596
a-140.4x-104.4,-140.4,-104.4,-180,0,-142.2419281,-100.259457
a-136.8x-104.4,-136.8,-104.4,-180,0,-139.4070282,-100.0928115
a-133.2x-104.4,-133.2,-104.4,-180,0,-136.5866241,-99.9847027
a-129.6x-104.4,-129.6,-104.4,-180,0,-133.7710114,-99.92795637
a-126x-104.4,-126,-104.4,-180,0,-130.9533997,-99.91830701
a-122.4x-104.4,-122.4,-104.4,-180,0,-128.1277924,-99.95346152
a-118.8x-104.4,-118.8,-104.4,-180,0,-125.2916794,-100.0324296
a-115.2x-104.4,-115.2,-104.4,-180,0,-122.4472122,-100.1452989
a-111.6x-104.4,-111.6,-104.4,-180,0,-119.5942154,-100.2924775
a-108x-104.4,-108,-104.4,-180,0,-116.7319412,-100.4758961
a-104.4x-104.4,-104.4,-104.4,-180,0,-113.8556976,-100.7060063
a-100.8x-104.4,-100.8,-104.4,-180,0,-110.963089,-100.979253
a-97.2x-104.4,-97.2,-104.4,-180,0,-108.0483627,-101.3000011
a-93.6x-104.4,-93.6,-104.4,-180,0,-105.1029129,-101.6747729
a-90x-104.4,-90,-104.4,-180,0,-102.1136551,-102.1104506
a-86.4x-104.4,-86.4,-104.4,-180,0,-99.0668869,-102.6091126
a-82.8x-104.4,-82.8,-104.4,-180,0,-95.9486923,-103.1678967
a-79.2x-104.4,-79.2,-104.4,-180,0,-92.7405701,-103.7842867
a-75.6x-104.4,-75.6,-104.4,-180,0,-89.4228592,-104.451585
a-72x-104.4,-72,-104.4,-180,0,-85.9583664,-105.158801
a-68.4x-104.4,-68.4,-104.4,-180,0,-82.3414764,-105.8747234
a-64.8x-104.4,-64.8,-104.4,-180,0,-78.5909119,-106.5731068
a-61.2x-104.4,-61.2,-104.4,-180,0,-74.7225647,-107.2449098
a-57.6x-104.4,-57.6,-104.4,-180,0,-70.7368622,-107.8681379
a-54x-104.4,-54,-104.4,-180,0,-66.6472778,-108.4313908
a-50.4x-104.4,-50.4,-104.4,-180,0,-62.4686279,-108.9259985
a-46.8x-104.4,-46.8,-104.4,-180,0,-58.2189484,-109.3406883
a-43.2x-104.4,-43.2,-104.4,-180,0,-53.9270821,-109.6759631
a-39.6x-104.4,-39.6,-104.4,-180,0,-49.6170502,-109.9366582
a-36x-104.4,-36,-104.4,-180,0,-45.3112144,-110.1365139
a-32.4x-104.4,-32.4,-104.4,-180,0,-41.0218773,-110.2905815
a-28.8x-104.4,-28.8,-104.4,-180,0,-36.7530289,-110.4131504
a-25.2x-104.4,-25.2,-104.4,-180,0,-32.5022278,-110.5161295
a-21.6x-104.4,-21.6,-104.4,-180,0,-28.2647038,-110.6071702
a-18x-104.4,-18,-104.4,-180,0,-24.0311737,-110.69161
a-14.4x-104.4,-14.4,-104.4,-180,0,-19.7953854,-110.7711696
a-10.8x-104.4,-10.8,-104.4,-180,0,-15.552165,-110.8465864
a-7.2x-104.4,-7.2,-104.4,-180,0,-11.2968359,-110.9172826
a-3.6x-104.4,-3.6,-104.4,-180,0,-7.0248699,-110.9806184
a0x-104.4,0,-104.4,-180,0,-2.731391,-111.0333073
a3.6x-104.4,3.6,-104.4,-180,0,1.5865929,-111.0719985
a7.2x-104.4,7.2,-104.4,-180,0,5.9274192,-111.0925443
a10.8x-104.4,10.8,-104.4,-180,0,10.2887058,-111.0900259
a14.4x-104.4,14.4,-104.4,-180,0,14.6660986,-111.0596122
a18x-104.4,18,-104.4,-180,0,19.0534267,-110.9968202
a21.6x-104.4,21.6,-104.4,-180,0,23.4429073,-110.8981641
a25.2x-104.4,25.2,-104.4,-180,0,27.8251133,-110.7611423
a28.8x-104.4,28.8,-104.4,-180,0,32.1875992,-110.583228
a32.4x-104.4,32.4,-104.4,-180,0,36.520401,-110.3663829
a36x-104.4,36,-104.4,-180,0,40.8124771,-110.1101759
a39.6x-104.4,39.6,-104.4,-180,0,45.0537186,-109.8175659
a43.2x-104.4,43.2,-104.4,-180,0,49.2403107,-109.4942302
a46.8x-104.4,46.8,-104.4,-180,0,53.368927,-109.1440701
a50.4x-104.4,50.4,-104.4,-180,0,57.4364624,-108.7703406
a54x-104.4,54,-104.4,-180,0,61.4422112,-108.3755555
a57.6x-104.4,57.6,-104.4,-180,0,65.3909073,-107.961797
a61.2x-104.4,61.2,-104.4,-180,0,69.2839279,-107.5297547
a64.8x-104.4,64.8,-104.4,-180,0,73.1237335,-107.0843249
a68.4x-104.4,68.4,-104.4,-180,0,76.9008713,-106.6185735
a72x-104.4,72,-104.4,-180,0,80.6194687,-106.1345052
a75.6x-104.4,75.6,-104.4,-180,0,84.274086,-105.6326917
a79.2x-104.4,79.2,-104.4,-180,0,87.8618088,-105.1154464
a82.8x-104.4,82.8,-104.4,-180,0,91.3824005,-104.5861891
a86.4x-104.4,86.4,-104.4,-180,0,94.8340378,-104.0482885
a90x-104.4,90,-104.4,-180,0,98.2039871,-103.5060163
a93.6x-104.4,93.6,-104.4,-180,0,101.5026245,-102.9644181
a97.2x-104.4,97.2,-104.4,-180,0,104.7303314,-102.4276113
a100.8x-104.4,100.8,-104.4,-180,0,107.8828583,-101.9015648
a104.4x-104.4,104.4,-104.4,-180,0,110.9640274,-101.3905381
a108x-104.4,108,-104.4,-180,0,113.9631348,-100.9036018
a111.6x-104.4,111.6,-104.4,-180,0,116.895874,-100.4428262
a115.2x-104.4,115.2,-104.4,-180,0,119.7641602,-100.0133217
a118.8x-104.4,118.8,-104.4,-180,0,122.5701752,-99.62036809
a122.4x-104.4,122.4,-104.4,-180,0,125.3047485,-99.27867189
a126x-104.4,126,-104.4,-180,0,127.9771729,-98.99886468
a129.6x-104.4,129.6,-104.4,-180,0,130.6006012,-98.78162148
a133.2x-104.4,133.2,-104.4,-180,0,133.1818848,-98.63349783
a136.8x-104.4,136.8,-104.4,-180,0,135.7188416,-98.58276699
a140.4x-104.4,140.4,-104.4,-180,0,138.237793,-98.62440551
a144x-104.4,144,-104.4,-180,0,140.7536926,-98.76636308
a147.6x-104.4,147.6,-104.4,-180,0,143.284317,-99.02446368
a151.2x-104.4,151.2,-104.4,-180,0,145.8689423,-99.42750556
a154.8x-104.4,154.8,-104.4,-180,0,148.5320129,-99.93997029
a158.4x-104.4,158.4,-104.4,-180,0,151.2944489,-100.5505818
a162x-104.4,162,-104.4,-180,0,154.1762085,-101.2461356
a165.6x-104.4,165.6,-104.4,-180,0,157.2062531,-102.0112033
a169.2x-104.4,169.2,-104.4,-180,0,160.3671722,-102.811122
a172.8x-104.4,172.8,-104.4,-180,0,163.6664124,-103.6426173
a176.4x-104.4,176.4,-104.4,-180,0,167.1338348,-104.5024708
a-180x-100.8,-180,-100.8,-180,0,-175.6059113,-100.7177938
a-176.4x-100.8,-176.4,-100.8,-180,0,-172.3605042,-100.1211794
a-172.8x-100.8,-172.8,-100.8,-180,0,-169.2052307,-99.68352032
a-169.2x-100.8,-169.2,-100.8,-180,0,-166.0521393,-99.32180856
a-165.6x-100.8,-165.6,-100.8,-180,0,-162.8837585,-98.97489696
a-162x-100.8,-162,-100.8,-180,0,-159.7149353,-98.61875469
a-158.4x-100.8,-158.4,-100.8,-180,0,-156.5672913,-98.24458706
a-154.8x-100.8,-154.8,-100.8,-180,0,-153.4630127,-97.85258622
a-151.2x-100.8,-151.2,-100.8,-180,0,-150.4409332,-97.45387971
a-147.6x-100.8,-147.6,-100.8,-180,0,-147.5070496,-97.07626872
a-144x-100.8,-144,-100.8,-180,0,-144.6650696,-96.74915131
a-140.4x-100.8,-140.4,-100.8,-180,0,-141.8930359,-96.49097188
a-136.8x-100.8,-136.8,-100.8,-180,0,-139.1615601,-96.32017908
a-133.2x-100.8,-133.2,-100.8,-180,0,-136.4359741,-96.22586856
a-129.6x-100.8,-129.6,-100.8,-180,0,-133.7033691,-96.18907387
a-126x-100.8,-126,-100.8,-180,0,-130.9556427,-96.20066561
a-122.4x-100.8,-122.4,-100.8,-180,0,-128.1869354,-96.25364391
a-118.8x-100.8,-118.8,-100.8,-180,0,-125.400238,-96.34254302
a-115.2x-100.8,-115.2,-100.8,-180,0,-122.6051407,-96.45782978
a-111.6x-100.8,-111.6,-100.8,-180,0,-119.8054276,-96.60072669
a-108x-100.8,-108,-100.8,-180,0,-117.0040665,-96.77523344
a-104.4x-100.8,-104.4,-100.8,-180,0,-114.1999817,-96.99437708
a-100.8x-100.8,-100.8,-100.8,-180,0,-111.3868408,-97.25711347
a-97.2x-100.8,-97.2,-100.8,-180,0,-108.5583038,-97.56793641
a-93.6x-100.8,-93.6,-100.8,-180,0,-105.7065353,-97.93364566
a-90x-100.8,-90,-100.8,-180,0,-102.8186188,-98.36825256
a-86.4x-100.8,-86.4,-100.8,-180,0,-99.883194,-98.8723622
a-82.8x-100.8,-82.8,-100.8,-180,0,-96.8774185,-99.45298746
a-79.2x-100.8,-79.2,-100.8,-180,0,-93.7714767,-100.1139883
a-75.6x-100.8,-75.6,-100.8,-180,0,-90.5212631,-100.8573554
a-72x-100.8,-72,-100.8,-180,0,-87.0711136,-101.6637211
a-68.4x-100.8,-68.4,-100.8,-180,0,-83.440567,-102.5400786
a-64.8x-100.8,-64.8,-100.8,-180,0,-79.6319809,-103.3975035
a-61.2x-100.8,-61.2,-100.8,-180,0,-75.6635818,-104.2058596
a-57.6x-100.8,-57.6,-100.8,-180,0,-71.5571594,-104.9465543
a-54x-100.8,-54,-100.8,-180,0,-67.3317947,-105.608477
a-50.4x-100.8,-50.4,-100.8,-180,0,-63.0036621,-106.1828098
a-46.8x-100.8,-46.8,-100.8,-180,0,-58.5936241,-106.6534264
a-43.2x-100.8,-43.2,-100.8,-180,0,-54.1437035,-107.0172816
a-39.6x-100.8,-39.6,-100.8,-180,0,-49.6943932,-107.2800447
a-36x-100.8,-36,-100.8,-180,0,-45.2813148,-107.4630021
a-32.4x-100.8,-32.4,-100.8,-180,0,-40.9215927,-107.5910544
a-28.8x-100.8,-28.8,-100.8,-180,0,-36.615242,-107.6880692
a-25.2x-100.8,-25.2,-100.8,-180,0,-32.3507652,-107.7716739
a-21.6x-100.8,-21.6,-100.8,-180,0,-28.1142101,-107.8515181
a-18x-100.8,-18,-100.8,-180,0,-23.8884926,-107.9312235
a-14.4x-100.8,-14.4,-100.8,-180,0,-19.6645966,-108.0102217
a-10.8x-100.8,-10.8,-100.8,-180,0,-15.4358768,-108.0884018
a-7.2x-100.8,-7.2,-100.8,-180,0,-11.1957073,-108.1660717
a-3.6x-100.8,-3.6,-100.8,-180,0,-6.9367104,-108.2417874
a0x-100.8,0,-100.8,-180,0,-2.6489432,-108.3109877
a3.6x-100.8,3.6,-100.8,-180,0,1.6753614,-108.3678532
a7.2x-100.8,7.2,-100.8,-180,0,6.0354252,-108.4057823
a10.8x-100.8,10.8,-100.8,-180,0,10.4294462,-108.4182572
a14.4x-100.8,14.4,-100.8,-180,0,14.8526154,-108.3988227
a18x-100.8,18,-100.8,-180,0,19.2974777,-108.3416083
a21.6x-100.8,21.6,-100.8,-180,0,23.7541943,-108.2420033
a25.2x-100.8,25.2,-100.8,-180,0,28.2106056,-108.0959377
a28.8x-100.8,28.8,-100.8,-180,0,32.6503677,-107.8984145
a32.4x-100.8,32.4,-100.8,-180,0,37.0580139,-107.6519185
a36x-100.8,36,-100.8,-180,0,41.4191093,-107.3591564
a39.6x-100.8,39.6,-100.8,-180,0,45.7176666,-107.0234036
a43.2x-100.8,43.2,-100.8,-180,0,49.9469833,-106.6529238
a46.8x-100.8,46.8,-100.8,-180,0,54.105278,-106.2547259
a50.4x-100.8,50.4,-100.8,-180,0,58.1917191,-105.8339615
a54x-100.8,54,-100.8,-180,0,62.2104492,-105.3943167
a57.6x-100.8,57.6,-100.8,-180,0,66.1713333,-104.936942
a61.2x-100.8,61.2,-100.8,-180,0,70.0790405,-104.4609829
a64.8x-100.8,64.8,-100.8,-180,0,73.9360123,-103.964603
a68.4x-100.8,68.4,-100.8,-180,0,77.7374191,-103.4440692
a72x-100.8,72,-100.8,-180,0,81.4795303,-102.8980771
a75.6x-100.8,75.6,-100.8,-180,0,85.1567307,-102.3559565
a79.2x-100.8,79.2,-100.8,-180,0,88.7633514,-101.8017925
a82.8x-100.8,82.8,-100.8,-180,0,92.2967987,-101.2330276
a86.4x-100.8,86.4,-100.8,-180,0,95.7540588,-100.6540907
a90x-100.8,90,-100.8,-180,0,99.1271362,-100.0698962
a93.6x-100.8,93.6,-100.8,-180,0,102.4152985,-99.48608989
a97.2x-100.8,97.2,-100.8,-180,0,105.6259766,-98.90665489
a100.8x-100.8,100.8,-100.8,-180,0,108.7544556,-98.33726183
a104.4x-100.8,104.4,-100.8,-180,0,111.8047028,-97.78182208
a108x-100.8,108,-100.8,-180,0,114.7684174,-97.24751035
a111.6x-100.8,111.6,-100.8,-180,0,117.6519394,-96.73903178
a115.2x-100.8,115.2,-100.8,-180,0,120.4616318,-96.25982489
a118.8x-100.8,118.8,-100.8,-180,0,123.198761,-95.8148453
a122.4x-100.8,122.4,-100.8,-180,0,125.8534622,-95.41643221
a126x-100.8,126,-100.8,-180,0,128.4252167,-95.07907677
a129.6x-100.8,129.6,-100.8,-180,0,130.9317627,-94.80170762
a133.2x-100.8,133.2,-100.8,-180,0,133.3791351,-94.59127416
a136.8x-100.8,136.8,-100.8,-180,0,135.7541351,-94.4812701
a140.4x-100.8,140.4,-100.8,-180,0,138.0918274,-94.46757275
a144x-100.8,144,-100.8,-180,0,140.4097137,-94.56094921
a147.6x-100.8,147.6,-100.8,-180,0,142.7258759,-94.79670313
a151.2x-100.8,151.2,-100.8,-180,0,145.1008453,-95.20501967
a154.8x-100.8,154.8,-100.8,-180,0,147.5793762,-95.75569354
a158.4x-100.8,158.4,-100.8,-180,0,150.1947784,-96.43564386
a162x-100.8,162,-100.8,-180,0,153.0067444,-97.24350021
a165.6x-100.8,165.6,-100.8,-180,0,156.0057373,-98.10767962
a169.2x-100.8,169.2,-100.8,-180,0,159.1564484,-98.989643
a172.8x-100.8,172.8,-100.8,-180,0,162.4452362,-99.8890336
a176.4x-100.8,176.4,-100.8,-180,0,165.9026642,-100.9069488
a-180x-97.2,-180,-97.2,-180,0,-174.804245,-97.75210781
a-176.4x-97.2,-176.4,-97.2,-180,0,-171.7172852,-97.25334538
a-172.8x-97.2,-172.8,-97.2,-180,0,-168.695343,-96.89268891
a-169.2x-97.2,-169.2,-97.2,-180,0,-165.5798645,-96.59538605
a-165.6x-97.2,-165.6,-97.2,-180,0,-162.3867035,-96.27664863
a-162x-97.2,-162,-97.2,-180,0,-159.1656189,-95.91068812
a-158.4x-97.2,-158.4,-97.2,-180,0,-155.9605408,-95.55661282
a-154.8x-97.2,-154.8,-97.2,-180,0,-152.8050385,-95.1797784
a-151.2x-97.2,-151.2,-97.2,-180,0,-149.7488556,-94.78094172
a-147.6x-97.2,-147.6,-97.2,-180,0,-146.8445435,-94.40523183
a-144x-97.2,-144,-97.2,-180,0,-144.0963898,-94.09326691
a-140.4x-97.2,-140.4,-97.2,-180,0,-141.4619293,-93.86581793
a-136.8x-97.2,-136.8,-97.2,-180,0,-138.8742065,-93.73765138
a-133.2x-97.2,-133.2,-97.2,-180,0,-136.2631378,-93.6946787
a-129.6x-97.2,-129.6,-97.2,-180,0,-133.6198273,-93.70201039
a-126x-97.2,-126,-97.2,-180,0,-130.9365692,-93.7477527
a-122.4x-97.2,-122.4,-97.2,-180,0,-128.2098694,-93.82203073
a-118.8x-97.2,-118.8,-97.2,-180,0,-125.4525757,-93.91573825
a-115.2x-97.2,-115.2,-97.2,-180,0,-122.6868362,-94.02141358
a-111.6x-97.2,-111.6,-97.2,-180,0,-119.9251022,-94.1410416
a-108x-97.2,-108,-97.2,-180,0,-117.1795044,-94.28039004
a-104.4x-97.2,-104.4,-97.2,-180,0,-114.4545441,-94.45828173
a-100.8x-97.2,-100.8,-97.2,-180,0,-111.7291489,-94.67722267
a-97.2x-97.2,-97.2,-97.2,-180,0,-108.9916534,-94.93858589
a-93.6x-97.2,-93.6,-97.2,-180,0,-106.2346878,-95.24544263
a-90x-97.2,-90,-97.2,-180,0,-103.4620132,-95.60592423
a-86.4x-97.2,-86.4,-97.2,-180,0,-100.6701126,-96.02435051
a-82.8x-97.2,-82.8,-97.2,-180,0,-97.828064,-96.51766778
a-79.2x-97.2,-79.2,-97.2,-180,0,-94.88797,-97.1303322
a-75.6x-97.2,-75.6,-97.2,-180,0,-91.7510529,-97.99213601
a-72x-97.2,-72,-97.2,-180,0,-88.3561325,-98.95245722
a-68.4x-97.2,-68.4,-97.2,-180,0,-84.674469,-99.94935266
a-64.8x-97.2,-64.8,-97.2,-180,0,-80.7495804,-100.9161741
a-61.2x-97.2,-61.2,-97.2,-180,0,-76.6350784,-101.8124713
a-57.6x-97.2,-57.6,-97.2,-180,0,-72.3746872,-102.6229377
a-54x-97.2,-54,-97.2,-180,0,-67.9870682,-103.3444745
a-50.4x-97.2,-50.4,-97.2,-180,0,-63.4772606,-103.9707912
a-46.8x-97.2,-46.8,-97.2,-180,0,-58.8578949,-104.4796359
a-43.2x-97.2,-43.2,-97.2,-180,0,-54.190712,-104.8570671
a-39.6x-97.2,-39.6,-97.2,-180,0,-49.5509758,-105.1070811
a-36x-97.2,-36,-97.2,-180,0,-45.001255,-105.2537671
a-32.4x-97.2,-32.4,-97.2,-180,0,-40.5688133,-105.3376909
a-28.8x-97.2,-28.8,-97.2,-180,0,-36.2433472,-105.3963112
a-25.2x-97.2,-25.2,-97.2,-180,0,-31.9930592,-105.454234
a-21.6x-97.2,-21.6,-97.2,-180,0,-27.782114,-105.5214349
a-18x-97.2,-18,-97.2,-180,0,-23.5830803,-105.5953051
a-14.4x-97.2,-14.4,-97.2,-180,0,-19.3890667,-105.6719666
a-10.8x-97.2,-10.8,-97.2,-180,0,-15.1964979,-105.7509947
a-7.2x-97.2,-7.2,-97.2,-180,0,-10.9982271,-105.8334957
a-3.6x-97.2,-3.6,-97.2,-180,0,-6.7814159,-105.9188544
a0x-97.2,0,-97.2,-180,0,-2.5276701,-106.0028641
a3.6x-97.2,3.6,-97.2,-180,0,1.7821199,-106.0781456
a7.2x-97.2,7.2,-97.2,-180,0,6.147387,-106.1358611
a10.8x-97.2,10.8,-97.2,-180,0,10.5668888,-106.167752
a14.4x-97.2,14.4,-97.2,-180,0,15.0347137,-106.1660182
a18x-97.2,18,-97.2,-180,0,19.5416622,-106.1237306
a21.6x-97.2,21.6,-97.2,-180,0,24.0757694,-106.0336759
a25.2x-97.2,25.2,-97.2,-180,0,28.6218281,-105.8876801
a28.8x-97.2,28.8,-97.2,-180,0,33.1586342,-105.6788329
a32.4x-97.2,32.4,-97.2,-180,0,37.6606216,-105.4130442
a36x-97.2,36,-97.2,-180,0,42.1040039,-105.0956536
a39.6x-97.2,39.6,-97.2,-180,0,46.467495,-104.7330976
a43.2x-97.2,43.2,-97.2,-180,0,50.7311897,-104.3334058
a46.8x-97.2,46.8,-97.2,-180,0,54.8953972,-103.9097437
a50.4x-97.2,50.4,-97.2,-180,0,58.9660149,-103.4702877
a54x-97.2,54,-97.2,-180,0,62.9595642,-103.0198597
a57.6x-97.2,57.6,-97.2,-180,0,66.8983765,-102.5574124
a61.2x-97.2,61.2,-97.2,-180,0,70.7958679,-102.0791172
a64.8x-97.2,64.8,-97.2,-180,0,74.6593552,-101.5795134
a68.4x-97.2,68.4,-97.2,-180,0,78.4887314,-101.0526545
a72x-97.2,72,-97.2,-180,0,82.2666473,-100.4909744
a75.6x-97.2,75.6,-97.2,-180,0,85.9803925,-99.89812209
a79.2x-97.2,79.2,-97.2,-180,0,89.6145935,-99.28008445
a82.8x-97.2,82.8,-97.2,-180,0,93.1636276,-98.64486229
a86.4x-97.2,86.4,-97.2,-180,0,96.6251907,-97.99889438
a90x-97.2,90,-97.2,-180,0,99.9869537,-97.44287162
a93.6x-97.2,93.6,-97.2,-180,0,103.2481995,-96.89608353
a97.2x-97.2,97.2,-97.2,-180,0,106.4266586,-96.35543405
a100.8x-97.2,100.8,-97.2,-180,0,109.5190887,-95.82495687
a104.4x-97.2,104.4,-97.2,-180,0,112.5298691,-95.30721528
a108x-97.2,108,-97.2,-180,0,115.4554291,-94.80625834
a111.6x-97.2,111.6,-97.2,-180,0,118.2894592,-94.32871478
a115.2x-97.2,115.2,-97.2,-180,0,121.0437317,-93.87520615
a118.8x-97.2,118.8,-97.2,-180,0,123.71875,-93.44889921
a122.4x-97.2,122.4,-97.2,-180,0,126.306694,-93.05739723
a126x-97.2,126,-97.2,-180,0,128.7916565,-92.71509408
a129.6x-97.2,129.6,-97.2,-180,0,131.1961517,-92.41749101
a133.2x-97.2,133.2,-97.2,-180,0,133.5239868,-92.16888127
a136.8x-97.2,136.8,-97.2,-180,0,135.7430267,-92.00016017
a140.4x-97.2,140.4,-97.2,-180,0,137.8947296,-91.90574376
a144x-97.2,144,-97.2,-180,0,139.9974976,-91.89471112
a147.6x-97.2,147.6,-97.2,-180,0,142.0487976,-92.02205765
a151.2x-97.2,151.2,-97.2,-180,0,144.1564636,-92.30344872
a154.8x-97.2,154.8,-97.2,-180,0,146.3935699,-92.73642916
a158.4x-97.2,158.4,-97.2,-180,0,148.8492279,-93.35873326
a162x-97.2,162,-97.2,-180,0,151.6100922,-94.13448211
a165.6x-97.2,165.6,-97.2,-180,0,154.6186218,-94.97344693
a169.2x-97.2,169.2,-97.2,-180,0,157.7750854,-95.94217817
a172.8x-97.2,172.8,-97.2,-180,0,161.053299,-96.93169055
a176.4x-97.2,176.4,-97.2,-180,0,164.5261688,-97.93133869
a-180x-93.6,-180,-93.6,-180,0,-174.1763,-95.70406368
a-176.4x-93.6,-176.4,-93.6,-180,0,-171.254776,-95.43840537
a-172.8x-93.6,-172.8,-93.6,-180,0,-168.3592072,-95.25681945
a-169.2x-93.6,-169.2,-93.6,-180,0,-165.2574005,-95.08845933
a-165.6x-93.6,-165.6,-93.6,-180,0,-161.9962769,-94.86616282
a-162x-93.6,-162,-93.6,-180,0,-158.6818085,-94.58202938
a-158.4x-93.6,-158.4,-93.6,-180,0,-155.3873138,-94.24342691
a-154.8x-93.6,-154.8,-93.6,-180,0,-152.1558838,-93.86320396
a-151.2x-93.6,-151.2,-93.6,-180,0,-149.0267639,-93.44783697
a-147.6x-93.6,-147.6,-93.6,-180,0,-146.1428986,-93.04467153
a-144x-93.6,-144,-93.6,-180,0,-143.5028839,-92.71743751
a-140.4x-93.6,-140.4,-93.6,-180,0,-141.0231628,-92.48796369
a-136.8x-93.6,-136.8,-93.6,-180,0,-138.5972748,-92.36611951
a-133.2x-93.6,-133.2,-93.6,-180,0,-136.1032104,-92.34597391
a-129.6x-93.6,-129.6,-93.6,-180,0,-133.5428314,-92.3765823
a-126x-93.6,-126,-93.6,-180,0,-130.9097595,-92.44369485
a-122.4x-93.6,-122.4,-93.6,-180,0,-128.2055359,-92.53415717
a-118.8x-93.6,-118.8,-93.6,-180,0,-125.4540329,-92.63474274
a-115.2x-93.6,-115.2,-93.6,-180,0,-122.6926498,-92.73760522
a-111.6x-93.6,-111.6,-93.6,-180,0,-119.949234,-92.84537092
a-108x-93.6,-108,-93.6,-180,0,-117.2496109,-92.96688275
a-104.4x-93.6,-104.4,-93.6,-180,0,-114.6018143,-93.13029886
a-100.8x-93.6,-100.8,-93.6,-180,0,-111.9583435,-93.34369178
a-97.2x-93.6,-97.2,-93.6,-180,0,-109.290184,-93.60599235
a-93.6x-93.6,-93.6,-93.6,-180,0,-106.5927353,-93.91333301
a-90x-93.6,-90,-93.6,-180,0,-103.9066086,-94.26038833
a-86.4x-93.6,-86.4,-93.6,-180,0,-101.2500153,-94.65689974
a-82.8x-93.6,-82.8,-93.6,-180,0,-98.5868988,-95.12558233
a-79.2x-93.6,-79.2,-93.6,-180,0,-95.8441162,-95.71178414
a-75.6x-93.6,-75.6,-93.6,-180,0,-92.8656921,-96.43757286
a-72x-93.6,-72,-93.6,-180,0,-89.5383835,-97.28306352
a-68.4x-93.6,-68.4,-93.6,-180,0,-85.8101273,-98.21351191
a-64.8x-93.6,-64.8,-93.6,-180,0,-81.7595367,-99.1528661
a-61.2x-93.6,-61.2,-93.6,-180,0,-77.4898758,-100.1245623
a-57.6x-93.6,-57.6,-93.6,-180,0,-73.0717621,-101.0327233
a-54x-93.6,-54,-93.6,-180,0,-68.5251923,-101.8406713
a-50.4x-93.6,-50.4,-93.6,-180,0,-63.8299599,-102.5482427
a-46.8x-93.6,-46.8,-93.6,-180,0,-58.9654884,-103.1273914
a-43.2x-93.6,-43.2,-93.6,-180,0,-54.0112267,-103.5477739
a-39.6x-93.6,-39.6,-93.6,-180,0,-49.1127739,-103.806552
a-36x-93.6,-36,-93.6,-180,0,-44.3889732,-103.9342668
a-32.4x-93.6,-32.4,-93.6,-180,0,-39.8882141,-103.9834982
a-28.8x-93.6,-28.8,-93.6,-180,0,-35.5788536,-104.0081654
a-25.2x-93.6,-25.2,-93.6,-180,0,-31.394104,-104.0404956
a-21.6x-93.6,-21.6,-93.6,-180,0,-27.246191,-104.0949574
a-18x-93.6,-18,-93.6,-180,0,-23.0842552,-104.1604531
a-14.4x-93.6,-14.4,-93.6,-180,0,-18.9259319,-104.2292031
a-10.8x-93.6,-10.8,-93.6,-180,0,-14.7907057,-104.3025739
a-7.2x-93.6,-7.2,-93.6,-180,0,-10.6758242,-104.385395
a-3.6x-93.6,-3.6,-93.6,-180,0,-6.5525823,-104.4800788
a0x-93.6,0,-93.6,-180,0,-2.3801982,-104.5821823
a3.6x-93.6,3.6,-93.6,-180,0,1.8843066,-104.6801086
a7.2x-93.6,7.2,-93.6,-180,0,6.2332358,-104.7603064
a10.8x-93.6,10.8,-93.6,-180,0,10.6639194,-104.8120109
a14.4x-93.6,14.4,-93.6,-180,0,15.1671057,-104.8254224
a18x-93.6,18,-93.6,-180,0,19.7315922,-104.7916319
a21.6x-93.6,21.6,-93.6,-180,0,24.3445568,-104.7026105
a25.2x-93.6,25.2,-93.6,-180,0,28.9880886,-104.5505662
a28.8x-93.6,28.8,-93.6,-180,0,33.6393013,-104.3263833
a32.4x-93.6,32.4,-93.6,-180,0,38.2563591,-104.0327587
a36x-93.6,36,-93.6,-180,0,42.7981834,-103.6746866
a39.6x-93.6,39.6,-93.6,-180,0,47.2241287,-103.2647078
a43.2x-93.6,43.2,-93.6,-180,0,51.5081825,-102.8194544
a46.8x-93.6,46.8,-93.6,-180,0,55.639679,-102.3554707
a50.4x-93.6,50.4,-93.6,-180,0,59.6416512,-101.8869066
a54x-93.6,54,-93.6,-180,0,63.5594673,-101.417608
a57.6x-93.6,57.6,-93.6,-180,0,67.435318,-100.9434084
a61.2x-93.6,61.2,-93.6,-180,0,71.2823868,-100.5232498
a64.8x-93.6,64.8,-93.6,-180,0,75.1290436,-100.0823982
a68.4x-93.6,68.4,-93.6,-180,0,78.9793777,-99.61166638
a72x-93.6,72,-93.6,-180,0,82.8095398,-99.10172263
a75.6x-93.6,75.6,-93.6,-180,0,86.5726089,-98.55668831
a79.2x-93.6,79.2,-93.6,-180,0,90.2305069,-97.99022167
a82.8x-93.6,82.8,-93.6,-180,0,93.7749481,-97.41381843
a86.4x-93.6,86.4,-93.6,-180,0,97.211525,-96.83433243
a90x-93.6,90,-93.6,-180,0,100.550209,-96.2558477
a93.6x-93.6,93.6,-93.6,-180,0,103.7944489,-95.68136043
a97.2x-93.6,97.2,-93.6,-180,0,106.952034,-95.11304053
a100.8x-93.6,100.8,-93.6,-180,0,110.0248337,-94.55407482
a104.4x-93.6,104.4,-93.6,-180,0,113.0162964,-94.00673591
a108x-93.6,108,-93.6,-180,0,115.9250565,-93.47386979
a111.6x-93.6,111.6,-93.6,-180,0,118.7184525,-93.06238554
a115.2x-93.6,115.2,-93.6,-180,0,121.4289017,-92.67325979
a118.8x-93.6,118.8,-93.6,-180,0,124.056839,-92.30588111
a122.4x-93.6,122.4,-93.6,-180,0,126.5985336,-91.96378612
a126x-93.6,126,-93.6,-180,0,129.0223083,-91.66037601
a129.6x-93.6,129.6,-93.6,-180,0,131.3558502,-91.38738261
a133.2x-93.6,133.2,-93.6,-180,0,133.5992584,-91.14540862
a136.8x-93.6,136.8,-93.6,-180,0,135.7020569,-90.95959213
a140.4x-93.6,140.4,-93.6,-180,0,137.7055664,-90.81760758
a144x-93.6,144,-93.6,-180,0,139.6165314,-90.72595686
a147.6x-93.6,147.6,-93.6,-180,0,141.4055481,-90.72771249
a151.2x-93.6,151.2,-93.6,-180,0,143.2342072,-90.81953196
a154.8x-93.6,154.8,-93.6,-180,0,145.2134857,-91.04207625
a158.4x-93.6,158.4,-93.6,-180,0,147.5198212,-91.55403517
a162x-93.6,162,-93.6,-180,0,150.2082062,-92.39071787
a165.6x-93.6,165.6,-93.6,-180,0,153.2501984,-93.3193959
a169.2x-93.6,169.2,-93.6,-180,0,156.5156403,-94.23915782
a172.8x-93.6,172.8,-93.6,-180,0,159.8539886,-95.06646556
a176.4x-93.6,176.4,-93.6,-180,0,163.3127747,-95.84130822
a-180x-90,-180,-90,-180,0,-173.8539734,-94.33211077
a-176.4x-90,-176.4,-90,-180,0,-171.0237579,-94.26609708
a-172.8x-90,-172.8,-90,-180,0,-168.1830444,-94.21078684
a-169.2x-90,-169.2,-90,-180,0,-165.0577545,-94.11787942
a-165.6x-90,-165.6,-90,-180,0,-161.7061615,-93.94107614
a-162x-90,-162,-90,-180,0,-158.2814178,-93.6845839
a-158.4x-90,-158.4,-90,-180,0,-154.8926086,-93.36182508
a-154.8x-90,-154.8,-90,-180,0,-151.5936127,-93.0379855
a-151.2x-90,-151.2,-90,-180,0,-148.4143829,-92.68657813
a-147.6x-90,-147.6,-90,-180,0,-145.5204468,-92.35544157
a-144x-90,-144,-90,-180,0,-143.0009918,-92.13591745
a-140.4x-90,-140.4,-90,-180,0,-140.6806335,-92.0124247
a-136.8x-90,-136.8,-90,-180,0,-138.4044189,-91.96585832
a-133.2x-90,-133.2,-90,-180,0,-136.0077057,-91.99149122
a-129.6x-90,-129.6,-90,-180,0,-133.5023804,-92.04753221
a-126x-90,-126,-90,-180,0,-130.8944702,-92.12576151
a-122.4x-90,-122.4,-90,-180,0,-128.1921997,-92.21909523
a-118.8x-90,-118.8,-90,-180,0,-125.4271317,-92.31791038
a-115.2x-90,-115.2,-90,-180,0,-122.6430588,-92.41621374
a-111.6x-90,-111.6,-90,-180,0,-119.8925629,-92.51465082
a-108x-90,-108,-90,-180,0,-117.2263565,-92.61774786
a-104.4x-90,-104.4,-90,-180,0,-114.6618347,-92.74973748
a-100.8x-90,-100.8,-90,-180,0,-112.10009,-92.91881694
a-97.2x-90,-97.2,-90,-180,0,-109.4720001,-93.12895518
a-93.6x-90,-93.6,-90,-180,0,-106.7870331,-93.37850957
a-90x-90,-90,-90,-180,0,-104.1489105,-93.65068188
a-86.4x-90,-86.4,-90,-180,0,-101.613472,-93.94561948
a-82.8x-90,-82.8,-90,-180,0,-99.1389542,-94.27724346
a-79.2x-90,-79.2,-90,-180,0,-96.6002579,-94.80635545
a-75.6x-90,-75.6,-90,-180,0,-93.7856598,-95.50239237
a-72x-90,-72,-90,-180,0,-90.5565033,-96.34456017
a-68.4x-90,-68.4,-90,-180,0,-86.7863235,-97.30755307
a-64.8x-90,-64.8,-90,-180,0,-82.5832901,-98.30149908
a-61.2x-90,-61.2,-90,-180,0,-78.1449738,-99.23637495
a-57.6x-90,-57.6,-90,-180,0,-73.5955048,-100.0816546
a-54x-90,-54,-90,-180,0,-68.9274139,-100.8472867
a-50.4x-90,-50.4,-90,-180,0,-64.075264,-101.5713506
a-46.8x-90,-46.8,-90,-180,0,-58.9701385,-102.2220862
a-43.2x-90,-43.2,-90,-180,0,-53.7062111,-102.6998529
a-39.6x-90,-39.6,-90,-180,0,-48.5325432,-102.9842729
a-36x-90,-36,-90,-180,0,-43.6570816,-103.1094859
a-32.4x-90,-32.4,-90,-180,0,-39.1330528,-103.1471786
a-28.8x-90,-28.8,-90,-180,0,-34.8872566,-103.1643359
a-25.2x-90,-25.2,-90,-180,0,-30.8217773,-103.2018349
a-21.6x-90,-21.6,-90,-180,0,-26.7480335,-103.2710154
a-18x-90,-18,-90,-180,0,-22.5847893,-103.3495147
a-14.4x-90,-14.4,-90,-180,0,-18.4167175,-103.4260172
a-10.8x-90,-10.8,-90,-180,0,-14.3254204,-103.5027239
a-7.2x-90,-7.2,-90,-180,0,-10.3182125,-103.5878961
a-3.6x-90,-3.6,-90,-180,0,-6.3266716,-103.6882776
a0x-90,0,-90,-180,0,-2.259917,-103.8018154
a3.6x-90,3.6,-90,-180,0,1.9564122,-103.9144565
a7.2x-90,7.2,-90,-180,0,6.2834673,-104.0089967
a10.8x-90,10.8,-90,-180,0,10.7171078,-104.073379
a14.4x-90,14.4,-90,-180,0,15.2409611,-104.0966428
a18x-90,18,-90,-180,0,19.8418961,-104.0687531
a21.6x-90,21.6,-90,-180,0,24.5110722,-103.9811011
a25.2x-90,25.2,-90,-180,0,29.2278252,-103.8257035
a28.8x-90,28.8,-90,-180,0,33.98526,-103.5898365
a32.4x-90,32.4,-90,-180,0,38.7271996,-103.2722455
a36x-90,36,-90,-180,0,43.3943825,-102.876534
a39.6x-90,39.6,-90,-180,0,47.9067955,-102.4215807
a43.2x-90,43.2,-90,-180,0,52.2068977,-102.0000329
a46.8x-90,46.8,-90,-180,0,56.2708397,-101.5878987
a50.4x-90,50.4,-90,-180,0,60.1303101,-101.1852707
a54x-90,54,-90,-180,0,63.9057083,-100.7890924
a57.6x-90,57.6,-90,-180,0,67.6569366,-100.390724
a61.2x-90,61.2,-90,-180,0,71.428894,-99.98023321
a64.8x-90,64.8,-90,-180,0,75.2574387,-99.54432622
a68.4x-90,68.4,-90,-180,0,79.1585999,-99.06720225
a72x-90,72,-90,-180,0,83.1015244,-98.53507723
a75.6x-90,75.6,-90,-180,0,86.9697495,-97.95614138
a79.2x-90,79.2,-90,-180,0,90.6668549,-97.35966305
a82.8x-90,82.8,-90,-180,0,94.1985321,-96.76212078
a86.4x-90,86.4,-90,-180,0,97.6015396,-96.16748262
a90x-90,90,-90,-180,0,100.9059753,-95.5764211
a93.6x-90,93.6,-90,-180,0,104.1243591,-95.0029094
a97.2x-90,97.2,-90,-180,0,107.2438354,-94.53107457
a100.8x-90,100.8,-90,-180,0,110.2832642,-94.06916179
a104.4x-90,104.4,-90,-180,0,113.2463531,-93.61841228
a108x-90,108,-90,-180,0,116.127243,-93.18139435
a111.6x-90,111.6,-90,-180,0,118.912178,-92.76505342
a115.2x-90,115.2,-90,-180,0,121.6089249,-92.36961845
a118.8x-90,118.8,-90,-180,0,124.2200699,-91.99574859
a122.4x-90,122.4,-90,-180,0,126.7465134,-91.64523179
a126x-90,126,-90,-180,0,129.1429138,-91.3339553
a129.6x-90,129.6,-90,-180,0,131.4420929,-91.05167568
a133.2x-90,133.2,-90,-180,0,133.6379089,-90.79885958
a136.8x-90,136.8,-90,-180,0,135.6652832,-90.59943961
a140.4x-90,140.4,-90,-180,0,137.558197,-90.43981218
a144x-90,144,-90,-180,0,139.2970581,-90.33166881
a147.6x-90,147.6,-90,-180,0,140.8589478,-90.29966424
a151.2x-90,151.2,-90,-180,0,142.456131,-90.33679647
a154.8x-90,154.8,-90,-180,0,144.2088013,-90.52871768
a158.4x-90,158.4,-90,-180,0,146.3763885,-90.87550944
a162x-90,162,-90,-180,0,149.0209961,-91.42610622
a165.6x-90,165.6,-90,-180,0,152.1363831,-92.183712
a169.2x-90,169.2,-90,-180,0,155.5470123,-93.10439899
a172.8x-90,172.8,-90,-180,0,158.9791565,-93.89813206
a176.4x-90,176.4,-90,-180,0,162.4734192,-94.55269306
a-180x-86.4,-180,-86.4,-180,0,-173.9523315,-93.37061833
a-176.4x-86.4,-176.4,-86.4,-180,0,-171.0811462,-93.47326214
a-172.8x-86.4,-172.8,-86.4,-180,0,-168.1766815,-93.51906076
a-169.2x-86.4,-169.2,-86.4,-180,0,-164.9712524,-93.49546317
a-165.6x-86.4,-165.6,-86.4,-180,0,-161.5122986,-93.3874828
a-162x-86.4,-162,-86.4,-180,0,-157.977417,-93.20700036
a-158.4x-86.4,-158.4,-86.4,-180,0,-154.4929504,-92.96302051
a-154.8x-86.4,-154.8,-86.4,-180,0,-151.1339417,-92.6661224
a-151.2x-86.4,-151.2,-86.4,-180,0,-147.9478149,-92.33915605
a-147.6x-86.4,-147.6,-86.4,-180,0,-145.0586395,-92.0432867
a-144x-86.4,-144,-86.4,-180,0,-142.6362762,-91.88160236
a-140.4x-86.4,-140.4,-86.4,-180,0,-140.4332275,-91.80683065
a-136.8x-86.4,-136.8,-86.4,-180,0,-138.2716827,-91.78963866
a-133.2x-86.4,-133.2,-86.4,-180,0,-135.9552155,-91.82985043
a-129.6x-86.4,-129.6,-86.4,-180,0,-133.4870758,-91.89571387
a-126x-86.4,-126,-86.4,-180,0,-130.8907623,-91.98050308
a-122.4x-86.4,-122.4,-86.4,-180,0,-128.184906,-92.0788368
a-118.8x-86.4,-118.8,-86.4,-180,0,-125.400322,-92.18215341
a-115.2x-86.4,-115.2,-86.4,-180,0,-122.5822754,-92.28473906
a-111.6x-86.4,-111.6,-86.4,-180,0,-119.8114929,-92.38625458
a-108x-86.4,-108,-86.4,-180,0,-117.1762543,-92.48909783
a-104.4x-86.4,-104.4,-86.4,-180,0,-114.697998,-92.61680945
a-100.8x-86.4,-100.8,-86.4,-180,0,-112.2116623,-92.77889688
a-97.2x-86.4,-97.2,-86.4,-180,0,-109.5880585,-92.98506399
a-93.6x-86.4,-93.6,-86.4,-180,0,-106.872963,-93.23232045
a-90x-86.4,-90,-86.4,-180,0,-104.2353287,-93.49485416
a-86.4x-86.4,-86.4,-86.4,-180,0,-101.7776871,-93.76501041
a-82.8x-86.4,-82.8,-86.4,-180,0,-99.4537964,-94.05564322
a-79.2x-86.4,-79.2,-86.4,-180,0,-97.1099472,-94.43272432
a-75.6x-86.4,-75.6,-86.4,-180,0,-94.4506149,-94.93476014
a-72x-86.4,-72,-86.4,-180,0,-91.3112869,-95.6675753
a-68.4x-86.4,-68.4,-86.4,-180,0,-87.5473251,-96.59628012
a-64.8x-86.4,-64.8,-86.4,-180,0,-83.2728348,-97.58391667
a-61.2x-86.4,-61.2,-86.4,-180,0,-78.7259903,-98.53081435
a-57.6x-86.4,-57.6,-86.4,-180,0,-74.0758591,-99.40173013
a-54x-86.4,-54,-86.4,-180,0,-69.305336,-100.2082537
a-50.4x-86.4,-50.4,-86.4,-180,0,-64.3273468,-100.9512129
a-46.8x-86.4,-46.8,-86.4,-180,0,-59.0208397,-101.6014849
a-43.2x-86.4,-43.2,-86.4,-180,0,-53.4845123,-102.1051022
a-39.6x-86.4,-39.6,-86.4,-180,0,-48.0683784,-102.4206772
a-36x-86.4,-36,-86.4,-180,0,-43.0550232,-102.5778776
a-32.4x-86.4,-32.4,-86.4,-180,0,-38.5012207,-102.6521085
a-28.8x-86.4,-28.8,-86.4,-180,0,-34.3103065,-102.7074582
a-25.2x-86.4,-25.2,-86.4,-180,0,-30.3673897,-102.7814746
a-21.6x-86.4,-21.6,-86.4,-180,0,-26.3566837,-102.8895735
a-18x-86.4,-18,-86.4,-180,0,-22.1309071,-102.9993003
a-14.4x-86.4,-14.4,-86.4,-180,0,-17.8881512,-103.0966703
a-10.8x-86.4,-10.8,-86.4,-180,0,-13.8195667,-103.1827518
a-7.2x-86.4,-7.2,-86.4,-180,0,-9.946784,-103.2687154
a-3.6x-86.4,-3.6,-86.4,-180,0,-6.1262407,-103.3678774
a0x-86.4,0,-86.4,-180,0,-2.1788273,-103.4849165
a3.6x-86.4,3.6,-86.4,-180,0,2.0008903,-103.6042286
a7.2x-86.4,7.2,-86.4,-180,0,6.3066859,-103.7049979
a10.8x-86.4,10.8,-86.4,-180,0,10.7403297,-103.7749217
a14.4x-86.4,14.4,-86.4,-180,0,15.2729139,-103.8024877
a18x-86.4,18,-86.4,-180,0,19.8891468,-103.7772448
a21.6x-86.4,21.6,-86.4,-180,0,24.5913219,-103.6901967
a25.2x-86.4,25.2,-86.4,-180,0,29.3482037,-103.5331607
a28.8x-86.4,28.8,-86.4,-180,0,34.1924362,-103.2890971
a32.4x-86.4,32.4,-86.4,-180,0,39.0559349,-102.9527979
a36x-86.4,36,-86.4,-180,0,43.874424,-102.5731374
a39.6x-86.4,39.6,-86.4,-180,0,48.5026932,-102.1625591
a43.2x-86.4,43.2,-86.4,-180,0,52.8108292,-101.7351974
a46.8x-86.4,46.8,-86.4,-180,0,56.765522,-101.3210331
a50.4x-86.4,50.4,-86.4,-180,0,60.4477844,-100.9311683
a54x-86.4,54,-86.4,-180,0,64.0802536,-100.5479186
a57.6x-86.4,57.6,-86.4,-180,0,67.7088318,-100.162966
a61.2x-86.4,61.2,-86.4,-180,0,71.3842087,-99.7655452
a64.8x-86.4,64.8,-86.4,-180,0,75.1722641,-99.33845037
a68.4x-86.4,68.4,-86.4,-180,0,79.1277924,-98.8578327
a72x-86.4,72,-86.4,-180,0,83.2332001,-98.30222652
a75.6x-86.4,75.6,-86.4,-180,0,87.2548218,-97.69093432
a79.2x-86.4,79.2,-86.4,-180,0,90.9871597,-97.07591272
a82.8x-86.4,82.8,-86.4,-180,0,94.474617,-96.47477684
a86.4x-86.4,86.4,-86.4,-180,0,97.8183289,-95.88185286
a90x-86.4,90,-86.4,-180,0,101.0638733,-95.36749139
a93.6x-86.4,93.6,-86.4,-180,0,104.2390671,-94.88993237
a97.2x-86.4,97.2,-86.4,-180,0,107.3478394,-94.4173457
a100.8x-86.4,100.8,-86.4,-180,0,110.3786087,-93.95416339
a104.4x-86.4,104.4,-86.4,-180,0,113.338829,-93.50103775
a108x-86.4,108,-86.4,-180,0,116.2146149,-93.06180321
a111.6x-86.4,111.6,-86.4,-180,0,118.9969864,-92.6423669
a115.2x-86.4,115.2,-86.4,-180,0,121.6890259,-92.24409687
a118.8x-86.4,118.8,-86.4,-180,0,124.292984,-91.86746054
a122.4x-86.4,122.4,-86.4,-180,0,126.815506,-91.5129174
a126x-86.4,126,-86.4,-180,0,129.2003784,-91.19809709
a129.6x-86.4,129.6,-86.4,-180,0,131.4868317,-90.91119118
a133.2x-86.4,133.2,-86.4,-180,0,133.6610413,-90.65298481
a136.8x-86.4,136.8,-86.4,-180,0,135.6484985,-90.446617
a140.4x-86.4,140.4,-86.4,-180,0,137.4701538,-90.27796097
a144x-86.4,144,-86.4,-180,0,139.0748138,-90.1612201
a147.6x-86.4,147.6,-86.4,-180,0,140.4473114,-90.10582853
a151.2x-86.4,151.2,-86.4,-180,0,141.8048248,-90.11527224
a154.8x-86.4,154.8,-86.4,-180,0,143.4149323,-90.22255355
a158.4x-86.4,158.4,-86.4,-180,0,145.4308319,-90.45878252
a162x-86.4,162,-86.4,-180,0,147.9542999,-90.91284872
a165.6x-86.4,165.6,-86.4,-180,0,151.156601,-91.62758154
a169.2x-86.4,169.2,-86.4,-180,0,154.784729,-92.44329215
a172.8x-86.4,172.8,-86.4,-180,0,158.4309998,-93.13519228
a176.4x-86.4,176.4,-86.4,-180,0,162.090744,-93.648857
a-180x-82.8,-180,-82.8,-180,0,-174.3612823,-92.28261487
a-176.4x-82.8,-176.4,-82.8,-180,0,-171.3748779,-92.5532168
a-172.8x-82.8,-172.8,-82.8,-180,0,-168.3187561,-92.70742439
a-169.2x-82.8,-169.2,-82.8,-180,0,-164.9806061,-92.76643753
a-165.6x-82.8,-165.6,-82.8,-180,0,-161.4132385,-92.74207199
a-162x-82.8,-162,-82.8,-180,0,-157.7970734,-92.64316007
a-158.4x-82.8,-158.4,-82.8,-180,0,-154.2378387,-92.46923425
a-154.8x-82.8,-154.8,-82.8,-180,0,-150.8362885,-92.23413584
a-151.2x-82.8,-151.2,-82.8,-180,0,-147.6784973,-91.97669246
a-147.6x-82.8,-147.6,-82.8,-180,0,-144.8599701,-91.76708029
a-144x-82.8,-144,-82.8,-180,0,-142.4828186,-91.68738083
a-140.4x-82.8,-140.4,-82.8,-180,0,-140.318573,-91.66761864
a-136.8x-82.8,-136.8,-82.8,-180,0,-138.2055511,-91.68034295
a-133.2x-82.8,-133.2,-82.8,-180,0,-135.9297791,-91.73365316
a-129.6x-82.8,-129.6,-82.8,-180,0,-133.4812927,-91.80633473
a-126x-82.8,-126,-82.8,-180,0,-130.8886566,-91.89531084
a-122.4x-82.8,-122.4,-82.8,-180,0,-128.1808777,-91.99666419
a-118.8x-82.8,-118.8,-82.8,-180,0,-125.3770599,-92.10312738
a-115.2x-82.8,-115.2,-82.8,-180,0,-122.5234833,-92.20932631
a-111.6x-82.8,-111.6,-82.8,-180,0,-119.7256622,-92.31411318
a-108x-82.8,-108,-82.8,-180,0,-117.1194534,-92.41710811
a-104.4x-82.8,-104.4,-82.8,-180,0,-114.730423,-92.54079779
a-100.8x-82.8,-100.8,-82.8,-180,0,-112.3177109,-92.69584291
a-97.2x-82.8,-97.2,-82.8,-180,0,-109.6847229,-92.89925822
a-93.6x-82.8,-93.6,-82.8,-180,0,-106.9263077,-93.14680025
a-90x-82.8,-90,-82.8,-180,0,-104.2670746,-93.40503053
a-86.4x-82.8,-86.4,-82.8,-180,0,-101.848587,-93.65856801
a-82.8x-82.8,-82.8,-82.8,-180,0,-99.6238708,-93.91380817
a-79.2x-82.8,-79.2,-82.8,-180,0,-97.390686,-94.22806124
a-75.6x-82.8,-75.6,-82.8,-180,0,-94.7886658,-94.64992421
a-72x-82.8,-72,-82.8,-180,0,-91.6993103,-95.22739274
a-68.4x-82.8,-68.4,-82.8,-180,0,-88.061264,-95.95480585
a-64.8x-82.8,-64.8,-82.8,-180,0,-83.8765335,-96.76924029
a-61.2x-82.8,-61.2,-82.8,-180,0,-79.3899536,-97.58593801
a-57.6x-82.8,-57.6,-82.8,-180,0,-74.7258072,-98.4520782
a-54x-82.8,-54,-82.8,-180,0,-69.8842545,-99.30071645
a-50.4x-82.8,-50.4,-82.8,-180,0,-64.8009186,-100.1118391
a-46.8x-82.8,-46.8,-82.8,-180,0,-59.3634415,-100.8617812
a-43.2x-82.8,-43.2,-82.8,-180,0,-53.6529732,-101.4820597
a-39.6x-82.8,-39.6,-82.8,-180,0,-48.0594444,-101.9206061
a-36x-82.8,-36,-82.8,-180,0,-42.8829384,-102.1965609
a-32.4x-82.8,-32.4,-82.8,-180,0,-38.1992111,-102.3742652
a-28.8x-82.8,-28.8,-82.8,-180,0,-33.9465714,-102.5070292
a-25.2x-82.8,-25.2,-82.8,-180,0,-30.0455608,-102.6228377
a-21.6x-82.8,-21.6,-82.8,-180,0,-26.0522461,-102.7392158
a-18x-82.8,-18,-82.8,-180,0,-21.7211208,-102.8533303
a-14.4x-82.8,-14.4,-82.8,-180,0,-17.3794956,-102.953855
a-10.8x-82.8,-10.8,-82.8,-180,0,-13.3359003,-103.0388017
a-7.2x-82.8,-7.2,-82.8,-180,0,-9.6150227,-103.1168361
a-3.6x-82.8,-3.6,-82.8,-180,0,-5.9753518,-103.202363
a0x-82.8,0,-82.8,-180,0,-2.13411,-103.3096237
a3.6x-82.8,3.6,-82.8,-180,0,2.0261087,-103.4339961
a7.2x-82.8,7.2,-82.8,-180,0,6.3165255,-103.5387044
a10.8x-82.8,10.8,-82.8,-180,0,10.7517042,-103.6119393
a14.4x-82.8,14.4,-82.8,-180,0,15.2892332,-103.6421259
a18x-82.8,18,-82.8,-180,0,19.9117451,-103.6188779
a21.6x-82.8,21.6,-82.8,-180,0,24.6350288,-103.5331027
a25.2x-82.8,25.2,-82.8,-180,0,29.4109135,-103.3768287
a28.8x-82.8,28.8,-82.8,-180,0,34.3192024,-103.1292469
a32.4x-82.8,32.4,-82.8,-180,0,39.2902298,-102.8283409
a36x-82.8,36,-82.8,-180,0,44.2608414,-102.4526925
a39.6x-82.8,39.6,-82.8,-180,0,49.0052948,-102.0288218
a43.2x-82.8,43.2,-82.8,-180,0,53.3171806,-101.602714
a46.8x-82.8,46.8,-82.8,-180,0,57.1457596,-101.2070317
a50.4x-82.8,50.4,-82.8,-180,0,60.6368828,-100.8422759
a54x-82.8,54,-82.8,-180,0,64.1548691,-100.4730041
a57.6x-82.8,57.6,-82.8,-180,0,67.6805573,-100.0989935
a61.2x-82.8,61.2,-82.8,-180,0,71.2510605,-99.71166873
a64.8x-82.8,64.8,-82.8,-180,0,74.9759598,-99.2903004
a68.4x-82.8,68.4,-82.8,-180,0,78.9829636,-98.80180753
a72x-82.8,72,-82.8,-180,0,83.2939453,-98.21625157
a75.6x-82.8,75.6,-82.8,-180,0,87.5072021,-97.57401864
a79.2x-82.8,79.2,-82.8,-180,0,91.2546997,-96.95539285
a82.8x-82.8,82.8,-82.8,-180,0,94.6606522,-96.36836092
a86.4x-82.8,86.4,-82.8,-180,0,97.9214859,-95.80760777
a90x-82.8,90,-82.8,-180,0,101.1167297,-95.33245557
a93.6x-82.8,93.6,-82.8,-180,0,104.2735901,-94.85732606
a97.2x-82.8,97.2,-82.8,-180,0,107.3794403,-94.38459165
a100.8x-82.8,100.8,-82.8,-180,0,110.4048767,-93.92152528
a104.4x-82.8,104.4,-82.8,-180,0,113.3658752,-93.46747847
a108x-82.8,108,-82.8,-180,0,116.2393875,-93.02773079
a111.6x-82.8,111.6,-82.8,-180,0,119.0211029,-92.60740483
a115.2x-82.8,115.2,-82.8,-180,0,121.7123871,-92.20823965
a118.8x-82.8,118.8,-82.8,-180,0,124.3132324,-91.8309563
a122.4x-82.8,122.4,-82.8,-180,0,126.836319,-91.47501372
a126x-82.8,126,-82.8,-180,0,129.2165833,-91.15935317
a129.6x-82.8,129.6,-82.8,-180,0,131.5006104,-90.87090053
a133.2x-82.8,133.2,-82.8,-180,0,133.6685638,-90.6109296
a136.8x-82.8,136.8,-82.8,-180,0,135.6431732,-90.401948
a140.4x-82.8,140.4,-82.8,-180,0,137.4357605,-90.22900367
a144x-82.8,144,-82.8,-180,0,138.9706573,-90.11360794
a147.6x-82.8,147.6,-82.8,-180,0,140.2230835,-90.03820498
a151.2x-82.8,151.2,-82.8,-180,0,141.3886261,-90.00047004
a154.8x-82.8,154.8,-82.8,-180,0,142.8534393,-90.01101814
a158.4x-82.8,158.4,-82.8,-180,0,144.6812286,-90.12293295
a162x-82.8,162,-82.8,-180,0,147.065094,-90.45403173
a165.6x-82.8,165.6,-82.8,-180,0,150.2113037,-91.02819709
a169.2x-82.8,169.2,-82.8,-180,0,154.02005,-91.76257131
a172.8x-82.8,172.8,-82.8,-180,0,158.0585632,-92.43013722
a176.4x-82.8,176.4,-82.8,-180,0,162.0718079,-92.87581359
a-180x-79.2,-180,-79.2,-180,0,-175.1455231,-90.25696846
a-176.4x-79.2,-176.4,-79.2,-180,0,-171.9359894,-90.7784295
a-172.8x-79.2,-172.8,-79.2,-180,0,-168.6862488,-91.14412381
a-169.2x-79.2,-169.2,-79.2,-180,0,-165.2142334,-91.4002844
a-165.6x-79.2,-165.6,-79.2,-180,0,-161.5674133,-91.58801528
a-162x-79.2,-162,-79.2,-180,0,-157.8869476,-91.70308602
a-158.4x-79.2,-158.4,-79.2,-180,0,-154.2567749,-91.72286662
a-154.8x-79.2,-154.8,-79.2,-180,0,-150.7813721,-91.64162519
a-151.2x-79.2,-151.2,-79.2,-180,0,-147.5916901,-91.48679171
a-147.6x-79.2,-147.6,-79.2,-180,0,-144.8774414,-91.35274022
a-144x-79.2,-144,-79.2,-180,0,-142.5617828,-91.34963729
a-140.4x-79.2,-140.4,-79.2,-180,0,-140.39534,-91.39294196
a-136.8x-79.2,-136.8,-79.2,-180,0,-138.2479858,-91.44904721
a-133.2x-79.2,-133.2,-79.2,-180,0,-135.9395294,-91.52768579
a-129.6x-79.2,-129.6,-79.2,-180,0,-133.4848328,-91.61471513
a-126x-79.2,-126,-79.2,-180,0,-130.8914795,-91.71270205
a-122.4x-79.2,-122.4,-79.2,-180,0,-128.1791687,-91.82055592
a-118.8x-79.2,-118.8,-79.2,-180,0,-125.3599701,-91.93306875
a-115.2x-79.2,-115.2,-79.2,-180,0,-122.4865646,-92.04587158
a-111.6x-79.2,-111.6,-79.2,-180,0,-119.6828156,-92.15724802
a-108x-79.2,-108,-79.2,-180,0,-117.0971069,-92.26443018
a-104.4x-79.2,-104.4,-79.2,-180,0,-114.7578583,-92.38668949
a-100.8x-79.2,-100.8,-79.2,-180,0,-112.3919983,-92.53371304
a-97.2x-79.2,-97.2,-79.2,-180,0,-109.7802429,-92.72760375
a-93.6x-79.2,-93.6,-79.2,-180,0,-107.0029297,-92.96837584
a-90x-79.2,-90,-79.2,-180,0,-104.3125992,-93.21735931
a-86.4x-79.2,-86.4,-79.2,-180,0,-101.8497162,-93.45583528
a-82.8x-79.2,-82.8,-79.2,-180,0,-99.5997086,-93.67782973
a-79.2x-79.2,-79.2,-79.2,-180,0,-97.4056702,-93.92855039
a-75.6x-79.2,-75.6,-79.2,-180,0,-94.8774185,-94.26006296
a-72x-79.2,-72,-79.2,-180,0,-91.8517303,-94.7396664
a-68.4x-79.2,-68.4,-79.2,-180,0,-88.3838043,-95.36265868
a-64.8x-79.2,-64.8,-79.2,-180,0,-84.3886795,-96.0750385
a-61.2x-79.2,-61.2,-79.2,-180,0,-80.0549622,-96.80414309
a-57.6x-79.2,-57.6,-79.2,-180,0,-75.4880295,-97.55698939
a-54x-79.2,-54,-79.2,-180,0,-70.6683044,-98.33446879
a-50.4x-79.2,-50.4,-79.2,-180,0,-65.5670776,-99.11142672
a-46.8x-79.2,-46.8,-79.2,-180,0,-60.1106567,-99.85632656
a-43.2x-79.2,-43.2,-79.2,-180,0,-54.3575363,-100.5531222
a-39.6x-79.2,-39.6,-79.2,-180,0,-48.6042747,-101.1381571
a-36x-79.2,-36,-79.2,-180,0,-43.2303619,-101.5555273
a-32.4x-79.2,-32.4,-79.2,-180,0,-38.3768578,-101.8604569
a-28.8x-79.2,-28.8,-79.2,-180,0,-33.9997177,-102.0980709
a-25.2x-79.2,-25.2,-79.2,-180,0,-29.9833527,-102.2912229
a-21.6x-79.2,-21.6,-79.2,-180,0,-25.8628139,-102.45872
a-18x-79.2,-18,-79.2,-180,0,-21.4490108,-102.6141001
a-14.4x-79.2,-14.4,-79.2,-180,0,-17.1191959,-102.7522155
a-10.8x-79.2,-10.8,-79.2,-180,0,-13.1573067,-102.8732434
a-7.2x-79.2,-7.2,-79.2,-180,0,-9.5302029,-102.9818597
a-3.6x-79.2,-3.6,-79.2,-180,0,-5.9494286,-103.0871347
a0x-79.2,0,-79.2,-180,0,-2.1208005,-103.198014
a3.6x-79.2,3.6,-79.2,-180,0,2.0230155,-103.3063109
a7.2x-79.2,7.2,-79.2,-180,0,6.3178496,-103.3970611
a10.8x-79.2,10.8,-79.2,-180,0,10.7537069,-103.459912
a14.4x-79.2,14.4,-79.2,-180,0,15.2971811,-103.4862505
a18x-79.2,18,-79.2,-180,0,19.9324112,-103.4653393
a21.6x-79.2,21.6,-79.2,-180,0,24.6641502,-103.3853198
a25.2x-79.2,25.2,-79.2,-180,0,29.4706097,-103.2478687
a28.8x-79.2,28.8,-79.2,-180,0,34.4249535,-103.035491
a32.4x-79.2,32.4,-79.2,-180,0,39.5107613,-102.7376804
a36x-79.2,36,-79.2,-180,0,44.6383018,-102.356291
a39.6x-79.2,39.6,-79.2,-180,0,49.5106125,-101.929069
a43.2x-79.2,43.2,-79.2,-180,0,53.8346252,-101.5102164
a46.8x-79.2,46.8,-79.2,-180,0,57.5070572,-101.1368574
a50.4x-79.2,50.4,-79.2,-180,0,60.7879448,-100.7970771
a54x-79.2,54,-79.2,-180,0,64.1989822,-100.4397142
a57.6x-79.2,57.6,-79.2,-180,0,67.6337738,-100.0752324
a61.2x-79.2,61.2,-79.2,-180,0,71.0746536,-99.7013614
a64.8x-79.2,64.8,-79.2,-180,0,74.7009811,-99.29059223
a68.4x-79.2,68.4,-79.2,-180,0,78.7609558,-98.79256643
a72x-79.2,72,-79.2,-180,0,83.3345413,-98.17041319
a75.6x-79.2,75.6,-79.2,-180,0,87.8088303,-97.48892854
a79.2x-79.2,79.2,-79.2,-180,0,91.5494003,-96.87154519
a82.8x-79.2,82.8,-79.2,-180,0,94.837677,-96.30509833
a86.4x-79.2,86.4,-79.2,-180,0,97.9930878,-95.78532541
a90x-79.2,90,-79.2,-180,0,101.1433868,-95.31683519
a93.6x-79.2,93.6,-79.2,-180,0,104.2902527,-94.84307021
a97.2x-79.2,97.2,-79.2,-180,0,107.3913803,-94.37077065
a100.8x-79.2,100.8,-79.2,-180,0,110.4175034,-93.90729018
a104.4x-79.2,104.4,-79.2,-180,0,113.3767242,-93.4531851
a108x-79.2,108,-79.2,-180,0,116.2502518,-93.01308081
a111.6x-79.2,111.6,-79.2,-180,0,119.0316467,-92.59237788
a115.2x-79.2,115.2,-79.2,-180,0,121.7218933,-92.1929284
a118.8x-79.2,118.8,-79.2,-180,0,124.3227005,-91.8151847
a122.4x-79.2,122.4,-79.2,-180,0,126.8442307,-91.45890696
a126x-79.2,126,-79.2,-180,0,129.2241821,-91.142652
a129.6x-79.2,129.6,-79.2,-180,0,131.5062103,-90.8536523
a133.2x-79.2,133.2,-79.2,-180,0,133.6716919,-90.59290326
a136.8x-79.2,136.8,-79.2,-180,0,135.6396484,-90.38291926
a140.4x-79.2,140.4,-79.2,-180,0,137.4155273,-90.22323731
a144x-79.2,144,-79.2,-180,0,138.9205933,-90.11182455
a147.6x-79.2,147.6,-79.2,-180,0,140.1508789,-90.03308473
a151.2x-79.2,151.2,-79.2,-180,0,141.3452606,-89.97940341
a154.8x-79.2,154.8,-79.2,-180,0,142.8041534,-89.93636528
a158.4x-79.2,158.4,-79.2,-180,0,144.490387,-89.95502962
a162x-79.2,162,-79.2,-180,0,146.6019745,-90.13124599
a165.6x-79.2,165.6,-79.2,-180,0,149.4864044,-90.49517811
a169.2x-79.2,169.2,-79.2,-180,0,153.3415222,-91.02185179
a172.8x-79.2,172.8,-79.2,-180,0,157.7831573,-91.51308657
a176.4x-79.2,176.4,-79.2,-180,0,162.23349,-91.75018503
a-180x-75.6,-180,-75.6,-180,0,-176.081192,-87.39510207
a-176.4x-75.6,-176.4,-75.6,-180,0,-172.6874542,-88.13217148
a-172.8x-75.6,-172.8,-75.6,-180,0,-169.2742767,-88.7298835
a-169.2x-75.6,-169.2,-75.6,-180,0,-165.7318115,-89.25390839
a-165.6x-75.6,-165.6,-75.6,-180,0,-162.0574188,-89.74866933
a-162x-75.6,-162,-75.6,-180,0,-158.3387604,-90.21090587
a-158.4x-75.6,-158.4,-75.6,-180,0,-154.6522522,-90.60678079
a-154.8x-75.6,-154.8,-75.6,-180,0,-151.1226501,-90.80496314
a-151.2x-75.6,-151.2,-75.6,-180,0,-147.8422546,-90.9183809
a-147.6x-75.6,-147.6,-75.6,-180,0,-145.1923676,-90.99077211
a-144x-75.6,-144,-75.6,-180,0,-142.867157,-91.04599405
a-140.4x-75.6,-140.4,-75.6,-180,0,-140.6804962,-91.09845817
a-136.8x-75.6,-136.8,-75.6,-180,0,-138.4699707,-91.15856126
a-133.2x-75.6,-133.2,-75.6,-180,0,-136.0743408,-91.24131773
a-129.6x-75.6,-129.6,-75.6,-180,0,-133.5741119,-91.33061303
a-126x-75.6,-126,-75.6,-180,0,-130.9590759,-91.42884062
a-122.4x-75.6,-122.4,-75.6,-180,0,-128.2324219,-91.53545483
a-118.8x-75.6,-118.8,-75.6,-180,0,-125.4075775,-91.64640619
a-115.2x-75.6,-115.2,-75.6,-180,0,-122.5326385,-91.75834002
a-111.6x-75.6,-111.6,-75.6,-180,0,-119.7261429,-91.86855043
a-108x-75.6,-108,-75.6,-180,0,-117.1246414,-91.9729424
a-104.4x-75.6,-104.4,-75.6,-180,0,-114.77565,-92.0864759
a-100.8x-75.6,-100.8,-75.6,-180,0,-112.412323,-92.21878422
a-97.2x-75.6,-97.2,-75.6,-180,0,-109.8436356,-92.38950471
a-93.6x-75.6,-93.6,-75.6,-180,0,-107.0711975,-92.60569152
a-90x-75.6,-90,-75.6,-180,0,-104.345787,-92.83160026
a-86.4x-75.6,-86.4,-75.6,-180,0,-101.8010559,-93.05280973
a-82.8x-75.6,-82.8,-75.6,-180,0,-99.4475784,-93.26149315
a-79.2x-75.6,-79.2,-75.6,-180,0,-97.2482071,-93.4893567
a-75.6x-75.6,-75.6,-75.6,-180,0,-94.7990875,-93.77677643
a-72x-75.6,-72,-75.6,-180,0,-91.8571548,-94.17435024
a-68.4x-75.6,-68.4,-75.6,-180,0,-88.4894333,-94.67022263
a-64.8x-75.6,-64.8,-75.6,-180,0,-84.6871414,-95.22275662
a-61.2x-75.6,-61.2,-75.6,-180,0,-80.593895,-95.81775596
a-57.6x-75.6,-57.6,-75.6,-180,0,-76.2427673,-96.5172004
a-54x-75.6,-54,-75.6,-180,0,-71.5567398,-97.33940712
a-50.4x-75.6,-50.4,-75.6,-180,0,-66.5355301,-98.18487818
a-46.8x-75.6,-46.8,-75.6,-180,0,-61.1677856,-98.98511795
a-43.2x-75.6,-43.2,-75.6,-180,0,-55.4771004,-99.71901486
a-39.6x-75.6,-39.6,-75.6,-180,0,-49.6613197,-100.3043406
a-36x-75.6,-36,-75.6,-180,0,-44.1406136,-100.6939724
a-32.4x-75.6,-32.4,-75.6,-180,0,-39.1739845,-100.9457813
a-28.8x-75.6,-28.8,-75.6,-180,0,-34.6452332,-101.279088
a-25.2x-75.6,-25.2,-75.6,-180,0,-30.4263973,-101.5647705
a-21.6x-75.6,-21.6,-75.6,-180,0,-26.1352406,-101.8222236
a-18x-75.6,-18,-75.6,-180,0,-21.6708622,-102.0717897
a-14.4x-75.6,-14.4,-75.6,-180,0,-17.3443718,-102.3016557
a-10.8x-75.6,-10.8,-75.6,-180,0,-13.3593855,-102.5038594
a-7.2x-75.6,-7.2,-75.6,-180,0,-9.6559944,-102.6753871
a-3.6x-75.6,-3.6,-75.6,-180,0,-5.9909329,-102.8219286
a0x-75.6,0,-75.6,-180,0,-2.1272523,-102.9567092
a3.6x-75.6,3.6,-75.6,-180,0,2.0121326,-103.0780516
a7.2x-75.6,7.2,-75.6,-180,0,6.3125148,-103.1781838
a10.8x-75.6,10.8,-75.6,-180,0,10.7540808,-103.2481017
a14.4x-75.6,14.4,-75.6,-180,0,15.3104019,-103.2787707
a18x-75.6,18,-75.6,-180,0,19.9677467,-103.2614648
a21.6x-75.6,21.6,-75.6,-180,0,24.725853,-103.1888401
a25.2x-75.6,25.2,-75.6,-180,0,29.581131,-103.0543176
a28.8x-75.6,28.8,-75.6,-180,0,34.6006775,-102.8441423
a32.4x-75.6,32.4,-75.6,-180,0,39.7755814,-102.549172
a36x-75.6,36,-75.6,-180,0,44.9685135,-102.1767104
a39.6x-75.6,39.6,-75.6,-180,0,49.8426628,-101.7687907
a43.2x-75.6,43.2,-75.6,-180,0,54.1022873,-101.377973
a46.8x-75.6,46.8,-75.6,-180,0,57.680027,-101.0323307
a50.4x-75.6,50.4,-75.6,-180,0,60.9074135,-100.7079074
a54x-75.6,54,-75.6,-180,0,64.2559204,-100.3602996
a57.6x-75.6,57.6,-75.6,-180,0,67.6520996,-99.99957916
a61.2x-75.6,61.2,-75.6,-180,0,71.0665207,-99.62421358
a64.8x-75.6,64.8,-75.6,-180,0,74.6816254,-99.20620686
a68.4x-75.6,68.4,-75.6,-180,0,78.7611694,-98.6946776
a72x-75.6,72,-75.6,-180,0,83.3952179,-98.05655698
a75.6x-75.6,75.6,-75.6,-180,0,87.9257813,-97.36967245
a79.2x-75.6,79.2,-75.6,-180,0,91.658638,-96.7627731
a82.8x-75.6,82.8,-75.6,-180,0,94.9334869,-96.20499441
a86.4x-75.6,86.4,-75.6,-180,0,98.0594406,-95.74573412
a90x-75.6,90,-75.6,-180,0,101.19104,-95.28012598
a93.6x-75.6,93.6,-75.6,-180,0,104.3298187,-94.80725286
a97.2x-75.6,97.2,-75.6,-180,0,107.4214096,-94.33579199
a100.8x-75.6,100.8,-75.6,-180,0,110.4494247,-93.87124701
a104.4x-75.6,104.4,-75.6,-180,0,113.4042969,-93.41693133
a108x-75.6,108,-75.6,-180,0,116.2778854,-92.97588502
a111.6x-75.6,111.6,-75.6,-180,0,119.058342,-92.55424362
a115.2x-75.6,115.2,-75.6,-180,0,121.7459793,-92.15408216
a118.8x-75.6,118.8,-75.6,-180,0,124.3469315,-91.77512902
a122.4x-75.6,122.4,-75.6,-180,0,126.8640137,-91.4180586
a126x-75.6,126,-75.6,-180,0,129.2437744,-91.10020475
a129.6x-75.6,129.6,-75.6,-180,0,131.5203705,-90.80988387
a133.2x-75.6,133.2,-75.6,-180,0,133.6808014,-90.55022139
a136.8x-75.6,136.8,-75.6,-180,0,135.6392822,-90.36720529
a140.4x-75.6,140.4,-75.6,-180,0,137.4109497,-90.21290118
a144x-75.6,144,-75.6,-180,0,138.9343109,-90.09743986
a147.6x-75.6,147.6,-75.6,-180,0,140.2280121,-90.01096641
a151.2x-75.6,151.2,-75.6,-180,0,141.5380249,-89.93996889
a154.8x-75.6,154.8,-75.6,-180,0,143.0500488,-89.8865489
a158.4x-75.6,158.4,-75.6,-180,0,144.6985474,-89.86660786
a162x-75.6,162,-75.6,-180,0,146.5981598,-89.93711873
a165.6x-75.6,165.6,-75.6,-180,0,149.2560425,-90.09479729
a169.2x-75.6,169.2,-75.6,-180,0,153.0767212,-90.30701207
a172.8x-75.6,172.8,-75.6,-180,0,157.7884521,-90.42609977
a176.4x-75.6,176.4,-75.6,-180,0,162.6107025,-90.27680303
a-180x-72,-180,-72,-180,0,-177.0529938,-84.02794097
a-176.4x-72,-176.4,-72,-180,0,-173.5443115,-84.84647234
a-172.8x-72,-172.8,-72,-180,0,-170.0391388,-85.5988853
a-169.2x-72,-169.2,-72,-180,0,-166.4717102,-86.32884784
a-165.6x-72,-165.6,-72,-180,0,-162.8187408,-87.08246203
a-162x-72,-162,-72,-180,0,-159.1270447,-87.8293314
a-158.4x-72,-158.4,-72,-180,0,-155.4780731,-88.50785582
a-154.8x-72,-154.8,-72,-180,0,-151.89328,-89.12584567
a-151.2x-72,-151.2,-72,-180,0,-148.5880432,-89.66906877
a-147.6x-72,-147.6,-72,-180,0,-145.7628479,-90.09461652
a-144x-72,-144,-72,-180,0,-143.2985687,-90.40556697
a-140.4x-72,-140.4,-72,-180,0,-141.0539703,-90.62413835
a-136.8x-72,-136.8,-72,-180,0,-138.7612762,-90.78487512
a-133.2x-72,-133.2,-72,-180,0,-136.3075104,-90.92842116
a-129.6x-72,-129.6,-72,-180,0,-133.7566833,-91.06332962
a-126x-72,-126,-72,-180,0,-131.1106567,-91.18639455
a-122.4x-72,-122.4,-72,-180,0,-128.363327,-91.3012137
a-118.8x-72,-118.8,-72,-180,0,-125.5316238,-91.41924913
a-115.2x-72,-115.2,-72,-180,0,-122.6489639,-91.53880431
a-111.6x-72,-111.6,-72,-180,0,-119.8123627,-91.65719793
a-108x-72,-108,-72,-180,0,-117.1509247,-91.76996498
a-104.4x-72,-104.4,-72,-180,0,-114.7761993,-91.88506472
a-100.8x-72,-100.8,-72,-180,0,-112.4139786,-92.01499632
a-97.2x-72,-97.2,-72,-180,0,-109.902565,-92.17675572
a-93.6x-72,-93.6,-72,-180,0,-107.1203918,-92.38414743
a-90x-72,-90,-72,-180,0,-104.3493423,-92.60251778
a-86.4x-72,-86.4,-72,-180,0,-101.731926,-92.81589744
a-82.8x-72,-82.8,-72,-180,0,-99.3052139,-93.01541962
a-79.2x-72,-79.2,-72,-180,0,-97.0930176,-93.19883942
a-75.6x-72,-75.6,-72,-180,0,-94.707283,-93.38669514
a-72x-72,-72,-72,-180,0,-91.8556671,-93.60793751
a-68.4x-72,-68.4,-72,-180,0,-88.5559998,-93.87863388
a-64.8x-72,-64.8,-72,-180,0,-84.8629608,-94.19486604
a-61.2x-72,-61.2,-72,-180,0,-80.9861298,-94.58673662
a-57.6x-72,-57.6,-72,-180,0,-76.9364853,-95.1220359
a-54x-72,-54,-72,-180,0,-72.5469971,-95.8540969
a-50.4x-72,-50.4,-72,-180,0,-67.7070923,-96.75202658
a-46.8x-72,-46.8,-72,-180,0,-62.4364014,-97.71793198
a-43.2x-72,-43.2,-72,-180,0,-56.8154678,-98.65868507
a-39.6x-72,-39.6,-72,-180,0,-50.9308929,-99.47903983
a-36x-72,-36,-72,-180,0,-45.2008057,-100.0256325
a-32.4x-72,-32.4,-72,-180,0,-40.0830574,-100.3432871
a-28.8x-72,-28.8,-72,-180,0,-35.4791527,-100.5756903
a-25.2x-72,-25.2,-72,-180,0,-31.1531582,-100.7789021
a-21.6x-72,-21.6,-72,-180,0,-26.7919178,-100.967832
a-18x-72,-18,-72,-180,0,-22.3233795,-101.1447939
a-14.4x-72,-14.4,-72,-180,0,-17.9805202,-101.4328435
a-10.8x-72,-10.8,-72,-180,0,-13.9052372,-101.7071367
a-7.2x-72,-7.2,-72,-180,0,-10.0469065,-101.9431664
a-3.6x-72,-3.6,-72,-180,0,-6.2234931,-102.1432373
a0x-72,0,-72,-180,0,-2.2600307,-102.3184667
a3.6x-72,3.6,-72,-180,0,1.920287,-102.4685554
a7.2x-72,7.2,-72,-180,0,6.2550864,-102.5915341
a10.8x-72,10.8,-72,-180,0,10.7287369,-102.6799257
a14.4x-72,14.4,-72,-180,0,15.3217726,-102.7260284
a18x-72,18,-72,-180,0,20.0232525,-102.7222724
a21.6x-72,21.6,-72,-180,0,24.8300819,-102.6614117
a25.2x-72,25.2,-72,-180,0,29.742054,-102.5359137
a28.8x-72,28.8,-72,-180,0,34.8000488,-102.3359504
a32.4x-72,32.4,-72,-180,0,39.9685326,-102.0601271
a36x-72,36,-72,-180,0,45.0834541,-101.7243435
a39.6x-72,39.6,-72,-180,0,49.8462563,-101.3702531
a43.2x-72,43.2,-72,-180,0,54.0375366,-101.0367927
a46.8x-72,46.8,-72,-180,0,57.6465187,-100.7315976
a50.4x-72,50.4,-72,-180,0,60.9752007,-100.422433
a54x-72,54,-72,-180,0,64.371254,-100.0800994
a57.6x-72,57.6,-72,-180,0,67.8210144,-99.7131399
a61.2x-72,61.2,-72,-180,0,71.3189697,-99.31711448
a64.8x-72,64.8,-72,-180,0,75.0056,-98.86878854
a68.4x-72,68.4,-72,-180,0,79.0741882,-98.33342819
a72x-72,72,-72,-180,0,83.5666122,-97.693758
a75.6x-72,75.6,-72,-180,0,87.9447784,-97.06182471
a79.2x-72,79.2,-72,-180,0,91.6479416,-96.55609995
a82.8x-72,82.8,-72,-180,0,94.9665527,-96.08665945
a86.4x-72,86.4,-72,-180,0,98.1455612,-95.62431163
a90x-72,90,-72,-180,0,101.3002548,-95.1554663
a93.6x-72,93.6,-72,-180,0,104.444397,-94.68057724
a97.2x-72,97.2,-72,-180,0,107.5317535,-94.20745654
a100.8x-72,100.8,-72,-180,0,110.5577087,-93.74036744
a104.4x-72,104.4,-72,-180,0,113.5080338,-93.28356915
a108x-72,108,-72,-180,0,116.3779678,-92.83966705
a111.6x-72,111.6,-72,-180,0,119.1558609,-92.41445596
a115.2x-72,115.2,-72,-180,0,121.837616,-92.01114701
a118.8x-72,118.8,-72,-180,0,124.4331512,-91.62865504
a122.4x-72,122.4,-72,-180,0,126.9427643,-91.2742278
a126x-72,126,-72,-180,0,129.3099976,-90.99724674
a129.6x-72,129.6,-72,-180,0,131.5744934,-90.7446651
a133.2x-72,133.2,-72,-180,0,133.7297668,-90.51503116
a136.8x-72,136.8,-72,-180,0,135.6987915,-90.32817994
a140.4x-72,140.4,-72,-180,0,137.5059052,-90.16793202
a144x-72,144,-72,-180,0,139.1233215,-90.03855762
a147.6x-72,147.6,-72,-180,0,140.538269,-89.93966949
a151.2x-72,151.2,-72,-180,0,141.9848938,-89.84087237
a154.8x-72,154.8,-72,-180,0,143.4443207,-89.77193311
a158.4x-72,158.4,-72,-180,0,145.0007019,-89.71243891
a162x-72,162,-72,-180,0,146.8961334,-89.68795922
a165.6x-72,165.6,-72,-180,0,149.740097,-89.63904262
a169.2x-72,169.2,-72,-180,0,153.7265015,-89.40084951
a172.8x-72,172.8,-72,-180,0,158.4292603,-88.92760279
a176.4x-72,176.4,-72,-180,0,163.3083496,-88.30607141
a-180x-68.4,-180,-68.4,-180,0,-177.9825134,-80.44075214
a-176.4x-68.4,-176.4,-68.4,-180,0,-174.4375153,-81.25161076
a-172.8x-68.4,-172.8,-68.4,-180,0,-170.9091797,-82.05044334
a-169.2x-68.4,-169.2,-68.4,-180,0,-167.3649597,-82.86205737
a-165.6x-68.4,-165.6,-68.4,-180,0,-163.7897186,-83.69968467
a-162x-68.4,-162,-68.4,-180,0,-160.1874237,-84.58376824
a-158.4x-68.4,-158.4,-68.4,-180,0,-156.5898285,-85.50944761
a-154.8x-68.4,-154.8,-68.4,-180,0,-153.0393829,-86.46309032
a-151.2x-68.4,-151.2,-68.4,-180,0,-149.7088165,-87.3947898
a-147.6x-68.4,-147.6,-68.4,-180,0,-146.7071228,-88.22150166
a-144x-68.4,-144,-68.4,-180,0,-144.0262604,-88.90305535
a-140.4x-68.4,-140.4,-68.4,-180,0,-141.5822144,-89.41804766
a-136.8x-68.4,-136.8,-68.4,-180,0,-139.1330109,-89.78374864
a-133.2x-68.4,-133.2,-68.4,-180,0,-136.6118774,-90.04394438
a-129.6x-68.4,-129.6,-68.4,-180,0,-134.0156097,-90.21570697
a-126x-68.4,-126,-68.4,-180,0,-131.3369751,-90.37730816
a-122.4x-68.4,-122.4,-68.4,-180,0,-128.5675812,-90.53598887
a-118.8x-68.4,-118.8,-68.4,-180,0,-125.7251282,-90.69480726
a-115.2x-68.4,-115.2,-68.4,-180,0,-122.8383636,-90.85667874
a-111.6x-68.4,-111.6,-68.4,-180,0,-119.9731674,-91.01927536
a-108x-68.4,-108,-68.4,-180,0,-117.2548599,-91.17486078
a-104.4x-68.4,-104.4,-68.4,-180,0,-114.8247986,-91.31457864
a-100.8x-68.4,-100.8,-68.4,-180,0,-112.437851,-91.44613036
a-97.2x-68.4,-97.2,-68.4,-180,0,-109.947403,-91.5871985
a-93.6x-68.4,-93.6,-68.4,-180,0,-107.1718369,-91.76306363
a-90x-68.4,-90,-68.4,-180,0,-104.3741684,-91.94889934
a-86.4x-68.4,-86.4,-68.4,-180,0,-101.7025375,-92.12038075
a-82.8x-68.4,-82.8,-68.4,-180,0,-99.1999283,-92.25766968
a-79.2x-68.4,-79.2,-68.4,-180,0,-96.8748093,-92.3305633
a-75.6x-68.4,-75.6,-68.4,-180,0,-94.4075317,-92.32529413
a-72x-68.4,-72,-68.4,-180,0,-91.5767441,-92.31059983
a-68.4x-68.4,-68.4,-68.4,-180,0,-88.3779602,-92.34881654
a-64.8x-68.4,-64.8,-68.4,-180,0,-84.825119,-92.46627779
a-61.2x-68.4,-61.2,-68.4,-180,0,-81.2391891,-92.71961567
a-57.6x-68.4,-57.6,-68.4,-180,0,-77.5737305,-93.16446556
a-54x-68.4,-54,-68.4,-180,0,-73.5827332,-93.87701248
a-50.4x-68.4,-50.4,-68.4,-180,0,-69.0102539,-94.86544198
a-46.8x-68.4,-46.8,-68.4,-180,0,-63.8743706,-96.01714181
a-43.2x-68.4,-43.2,-68.4,-180,0,-58.347847,-97.20793933
a-39.6x-68.4,-39.6,-68.4,-180,0,-52.5652313,-98.22682051
a-36x-68.4,-36,-68.4,-180,0,-46.7372742,-99.06998964
a-32.4x-68.4,-32.4,-68.4,-180,0,-41.2661819,-99.65842756
a-28.8x-68.4,-28.8,-68.4,-180,0,-36.3792496,-99.99201904
a-25.2x-68.4,-25.2,-68.4,-180,0,-31.9423447,-100.1927725
a-21.6x-68.4,-21.6,-68.4,-180,0,-27.6364384,-100.4261687
a-18x-68.4,-18,-68.4,-180,0,-23.195879,-100.6707204
a-14.4x-68.4,-14.4,-68.4,-180,0,-18.7580471,-100.8771477
a-10.8x-68.4,-10.8,-68.4,-180,0,-14.5458384,-101.0409598
a-7.2x-68.4,-7.2,-68.4,-180,0,-10.5642042,-101.1815771
a-3.6x-68.4,-3.6,-68.4,-180,0,-6.6279507,-101.3187641
a0x-68.4,0,-68.4,-180,0,-2.5636225,-101.4573484
a3.6x-68.4,3.6,-68.4,-180,0,1.6829045,-101.5857605
a7.2x-68.4,7.2,-68.4,-180,0,6.0793905,-101.695174
a10.8x-68.4,10.8,-68.4,-180,0,10.6132736,-101.7762725
a14.4x-68.4,14.4,-68.4,-180,0,15.267767,-101.8270828
a18x-68.4,18,-68.4,-180,0,20.0323143,-101.8451418
a21.6x-68.4,21.6,-68.4,-180,0,24.9015961,-101.8032939
a25.2x-68.4,25.2,-68.4,-180,0,29.8719025,-101.6919926
a28.8x-68.4,28.8,-68.4,-180,0,34.9516144,-101.5048991
a32.4x-68.4,32.4,-68.4,-180,0,40.0743484,-101.2487732
a36x-68.4,36,-68.4,-180,0,45.0712967,-100.9467189
a39.6x-68.4,39.6,-68.4,-180,0,49.7115631,-100.637376
a43.2x-68.4,43.2,-68.4,-180,0,53.8677597,-100.3467003
a46.8x-68.4,46.8,-68.4,-180,0,57.5770149,-100.0669588
a50.4x-68.4,50.4,-68.4,-180,0,61.0712624,-99.76425124
a54x-68.4,54,-68.4,-180,0,64.5821381,-99.42202854
a57.6x-68.4,57.6,-68.4,-180,0,68.1410294,-99.05122946
a61.2x-68.4,61.2,-68.4,-180,0,71.746666,-98.70700409
a64.8x-68.4,64.8,-68.4,-180,0,75.5124588,-98.32239156
a68.4x-68.4,68.4,-68.4,-180,0,79.5674591,-97.87138405
a72x-68.4,72,-68.4,-180,0,83.8954239,-97.3400963
a75.6x-68.4,75.6,-68.4,-180,0,88.072876,-96.79028507
a79.2x-68.4,79.2,-68.4,-180,0,91.729599,-96.28750181
a82.8x-68.4,82.8,-68.4,-180,0,95.1047821,-95.80932734
a86.4x-68.4,86.4,-68.4,-180,0,98.3511581,-95.33580977
a90x-68.4,90,-68.4,-180,0,101.546196,-94.85815409
a93.6x-68.4,93.6,-68.4,-180,0,104.7072678,-94.37637438
a97.2x-68.4,97.2,-68.4,-180,0,107.8021851,-93.89636104
a100.8x-68.4,100.8,-68.4,-180,0,110.8283234,-93.42214343
a104.4x-68.4,104.4,-68.4,-180,0,113.7748489,-92.95807615
a108x-68.4,108,-68.4,-180,0,116.6284103,-92.5624211
a111.6x-68.4,111.6,-68.4,-180,0,119.394577,-92.18677784
a115.2x-68.4,115.2,-68.4,-180,0,122.0561371,-91.83447446
a118.8x-68.4,118.8,-68.4,-180,0,124.6329041,-91.50207377
a122.4x-68.4,122.4,-68.4,-180,0,127.1267929,-91.18946398
a126x-68.4,126,-68.4,-180,0,129.4880219,-90.91035298
a129.6x-68.4,129.6,-68.4,-180,0,131.7488556,-90.6564271
a133.2x-68.4,133.2,-68.4,-180,0,133.9104004,-90.42400442
a136.8x-68.4,136.8,-68.4,-180,0,135.9117432,-90.22811919
a140.4x-68.4,140.4,-68.4,-180,0,137.772583,-90.05875383
a144x-68.4,144,-68.4,-180,0,139.5117493,-89.90827387
a147.6x-68.4,147.6,-68.4,-180,0,141.0118866,-89.79313827
a151.2x-68.4,151.2,-68.4,-180,0,142.5075684,-89.69355435
a154.8x-68.4,154.8,-68.4,-180,0,143.9125214,-89.62458102
a158.4x-68.4,158.4,-68.4,-180,0,145.5618286,-89.54591031
a162x-68.4,162,-68.4,-180,0,147.7803955,-89.36433001
a165.6x-68.4,165.6,-68.4,-180,0,150.8903351,-88.90780595
a169.2x-68.4,169.2,-68.4,-180,0,154.9901428,-88.09383101
a172.8x-68.4,172.8,-68.4,-180,0,159.6429443,-87.06877675
a176.4x-68.4,176.4,-68.4,-180,0,164.4794769,-85.97338669
a-180x-64.8,-180,-64.8,-180,0,-178.833252,-76.81918478
a-176.4x-64.8,-176.4,-64.8,-180,0,-175.2970581,-77.59499224
a-172.8x-64.8,-172.8,-64.8,-180,0,-171.7843323,-78.38365853
a-169.2x-64.8,-169.2,-64.8,-180,0,-168.2817383,-79.19349404
a-165.6x-64.8,-165.6,-64.8,-180,0,-164.77771,-80.0424586
a-162x-64.8,-162,-64.8,-180,0,-161.2709656,-80.94742765
a-158.4x-64.8,-158.4,-64.8,-180,0,-157.7755127,-81.92309029
a-154.8x-64.8,-154.8,-64.8,-180,0,-154.332901,-82.97513881
a-151.2x-64.8,-151.2,-64.8,-180,0,-151.0305786,-84.05854712
a-147.6x-64.8,-147.6,-64.8,-180,0,-147.9308014,-85.10621919
a-144x-64.8,-144,-64.8,-180,0,-145.0626526,-86.05029376
a-140.4x-64.8,-140.4,-64.8,-180,0,-142.3769684,-86.82123413
a-136.8x-64.8,-136.8,-64.8,-180,0,-139.7333679,-87.41760224
a-133.2x-64.8,-133.2,-64.8,-180,0,-137.0931854,-87.80612452
a-129.6x-64.8,-129.6,-64.8,-180,0,-134.414444,-88.13297716
a-126x-64.8,-126,-64.8,-180,0,-131.6844025,-88.42190301
a-122.4x-64.8,-122.4,-64.8,-180,0,-128.8831024,-88.68959242
a-118.8x-64.8,-118.8,-64.8,-180,0,-126.0301819,-88.95048361
a-115.2x-64.8,-115.2,-64.8,-180,0,-123.1424789,-89.21352751
a-111.6x-64.8,-111.6,-64.8,-180,0,-120.2573547,-89.47699758
a-108x-64.8,-108,-64.8,-180,0,-117.4924698,-89.72994636
a-104.4x-64.8,-104.4,-64.8,-180,0,-114.9666214,-89.93295793
a-100.8x-64.8,-100.8,-64.8,-180,0,-112.5020218,-90.07915546
a-97.2x-64.8,-97.2,-64.8,-180,0,-109.9700851,-90.18283761
a-93.6x-64.8,-93.6,-64.8,-180,0,-107.1934509,-90.28083494
a-90x-64.8,-90,-64.8,-180,0,-104.3688812,-90.37538234
a-86.4x-64.8,-86.4,-64.8,-180,0,-101.6267929,-90.43265578
a-82.8x-64.8,-82.8,-64.8,-180,0,-99.0024338,-90.4241377
a-79.2x-64.8,-79.2,-64.8,-180,0,-96.4969406,-90.32264111
a-75.6x-64.8,-75.6,-64.8,-180,0,-93.927681,-90.12617427
a-72x-64.8,-72,-64.8,-180,0,-91.19487,-89.99187582
a-68.4x-64.8,-68.4,-64.8,-180,0,-88.2061996,-89.98992245
a-64.8x-64.8,-64.8,-64.8,-180,0,-84.8850327,-90.13584214
a-61.2x-64.8,-61.2,-64.8,-180,0,-81.5667648,-90.42850072
a-57.6x-64.8,-57.6,-64.8,-180,0,-78.2098236,-90.87131442
a-54x-64.8,-54,-64.8,-180,0,-74.6212997,-91.5398928
a-50.4x-64.8,-50.4,-64.8,-180,0,-70.4161301,-92.52191307
a-46.8x-64.8,-46.8,-64.8,-180,0,-65.5002518,-93.76619695
a-43.2x-64.8,-43.2,-64.8,-180,0,-60.1747475,-95.03261311
a-39.6x-64.8,-39.6,-64.8,-180,0,-54.52314,-96.3260909
a-36x-64.8,-36,-64.8,-180,0,-48.6301422,-97.57736661
a-32.4x-64.8,-32.4,-64.8,-180,0,-42.8395615,-98.6539316
a-28.8x-64.8,-28.8,-64.8,-180,0,-37.5040588,-99.44413344
a-25.2x-64.8,-25.2,-64.8,-180,0,-32.8446655,-99.84019566
a-21.6x-64.8,-21.6,-64.8,-180,0,-28.5706406,-100.1071411
a-18x-64.8,-18,-64.8,-180,0,-24.1832161,-100.3282027
a-14.4x-64.8,-14.4,-64.8,-180,0,-19.5691853,-100.5114773
a-10.8x-64.8,-10.8,-64.8,-180,0,-15.1186867,-100.6472728
a-7.2x-64.8,-7.2,-64.8,-180,0,-11.0510798,-100.7574678
a-3.6x-64.8,-3.6,-64.8,-180,0,-7.0825272,-100.8964575
a0x-64.8,0,-64.8,-180,0,-2.9867604,-101.0485928
a3.6x-64.8,3.6,-64.8,-180,0,1.3124102,-101.1928756
a7.2x-64.8,7.2,-64.8,-180,0,5.7762537,-101.3175474
a10.8x-64.8,10.8,-64.8,-180,0,10.3800106,-101.4113856
a14.4x-64.8,14.4,-64.8,-180,0,15.0985851,-101.465733
a18x-64.8,18,-64.8,-180,0,19.9220428,-101.4729777
a21.6x-64.8,21.6,-64.8,-180,0,24.8456898,-101.4254507
a25.2x-64.8,25.2,-64.8,-180,0,29.869421,-101.3134224
a28.8x-64.8,28.8,-64.8,-180,0,34.9918213,-101.1257871
a32.4x-64.8,32.4,-64.8,-180,0,40.1324921,-100.8578215
a36x-64.8,36,-64.8,-180,0,45.1016235,-100.5276459
a39.6x-64.8,39.6,-64.8,-180,0,49.6740265,-100.1819713
a43.2x-64.8,43.2,-64.8,-180,0,53.7899857,-99.85934048
a46.8x-64.8,46.8,-64.8,-180,0,57.5507622,-99.56200247
a50.4x-64.8,50.4,-64.8,-180,0,61.1547432,-99.26760966
a54x-64.8,54,-64.8,-180,0,64.7428589,-98.96238761
a57.6x-64.8,57.6,-64.8,-180,0,68.373909,-98.64140994
a61.2x-64.8,61.2,-64.8,-180,0,72.1027451,-98.29369861
a64.8x-64.8,64.8,-64.8,-180,0,76.0137711,-97.89869299
a68.4x-64.8,68.4,-64.8,-180,0,80.1577682,-97.43255709
a72x-64.8,72,-64.8,-180,0,84.4132996,-96.89301693
a75.6x-64.8,75.6,-64.8,-180,0,88.4441757,-96.34033323
a79.2x-64.8,79.2,-64.8,-180,0,92.0476532,-95.84374476
a82.8x-64.8,82.8,-64.8,-180,0,95.4392319,-95.39089381
a86.4x-64.8,86.4,-64.8,-180,0,98.7215424,-94.94844443
a90x-64.8,90,-64.8,-180,0,101.9444733,-94.50928063
a93.6x-64.8,93.6,-64.8,-180,0,105.1204834,-94.07194808
a97.2x-64.8,97.2,-64.8,-180,0,108.2202911,-93.64074014
a100.8x-64.8,100.8,-64.8,-180,0,111.2449341,-93.21821037
a104.4x-64.8,104.4,-64.8,-180,0,114.1786041,-92.80929622
a108x-64.8,108,-64.8,-180,0,117.0260315,-92.41504657
a111.6x-64.8,111.6,-64.8,-180,0,119.7973557,-92.03554304
a115.2x-64.8,115.2,-64.8,-180,0,122.4419556,-91.6834538
a118.8x-64.8,118.8,-64.8,-180,0,125.0067978,-91.3508946
a122.4x-64.8,122.4,-64.8,-180,0,127.4849243,-91.04925815
a126x-64.8,126,-64.8,-180,0,129.8402557,-90.77686972
a129.6x-64.8,129.6,-64.8,-180,0,132.0979614,-90.53210824
a133.2x-64.8,133.2,-64.8,-180,0,134.2633362,-90.30849169
a136.8x-64.8,136.8,-64.8,-180,0,136.306366,-90.11356715
a140.4x-64.8,140.4,-64.8,-180,0,138.2109833,-89.95146799
a144x-64.8,144,-64.8,-180,0,140.0096436,-89.80814014
a147.6x-64.8,147.6,-64.8,-180,0,141.5846558,-89.69991077
a151.2x-64.8,151.2,-64.8,-180,0,143.0271454,-89.60123623
a154.8x-64.8,154.8,-64.8,-180,0,144.5614624,-89.4273621
a158.4x-64.8,158.4,-64.8,-180,0,146.455368,-89.12223948
a162x-64.8,162,-64.8,-180,0,149.1699524,-88.53058827
a165.6x-64.8,165.6,-64.8,-180,0,152.6356659,-87.59142962
a169.2x-64.8,169.2,-64.8,-180,0,156.7453308,-86.22939124
a172.8x-64.8,172.8,-64.8,-180,0,161.2618103,-84.71597251
a176.4x-64.8,176.4,-64.8,-180,0,165.9223633,-83.29057197
a-180x-61.2,-180,-61.2,-180,0,-179.6109314,-73.1936439
a-176.4x-61.2,-176.4,-61.2,-180,0,-176.1002197,-73.9259231
a-172.8x-61.2,-172.8,-61.2,-180,0,-172.6171112,-74.68103578
a-169.2x-61.2,-169.2,-61.2,-180,0,-169.1571808,-75.46394722
a-165.6x-61.2,-165.6,-61.2,-180,0,-165.714325,-76.28232129
a-162x-61.2,-162,-61.2,-180,0,-162.288147,-77.14568246
a-158.4x-61.2,-158.4,-61.2,-180,0,-158.893219,-78.07388134
a-154.8x-61.2,-154.8,-61.2,-180,0,-155.5520782,-79.05918958
a-151.2x-61.2,-151.2,-61.2,-180,0,-152.3028564,-80.0793863
a-147.6x-61.2,-147.6,-61.2,-180,0,-149.1757965,-81.09536649
a-144x-61.2,-144,-61.2,-180,0,-146.1955872,-82.0514474
a-140.4x-61.2,-140.4,-61.2,-180,0,-143.3414001,-82.87580779
a-136.8x-61.2,-136.8,-61.2,-180,0,-140.540451,-83.55514319
a-133.2x-61.2,-133.2,-61.2,-180,0,-137.7640991,-84.12989062
a-129.6x-61.2,-129.6,-61.2,-180,0,-134.9859619,-84.62980505
a-126x-61.2,-126,-61.2,-180,0,-132.1847229,-85.07307442
a-122.4x-61.2,-122.4,-61.2,-180,0,-129.3469238,-85.48036918
a-118.8x-61.2,-118.8,-61.2,-180,0,-126.4783401,-85.86868652
a-115.2x-61.2,-115.2,-61.2,-180,0,-123.5875931,-86.25023076
a-111.6x-61.2,-111.6,-61.2,-180,0,-120.6916428,-86.62676642
a-108x-61.2,-108,-61.2,-180,0,-117.8830185,-86.98954291
a-104.4x-61.2,-104.4,-61.2,-180,0,-115.2293701,-87.27639589
a-100.8x-61.2,-100.8,-61.2,-180,0,-112.6316833,-87.46148996
a-97.2x-61.2,-97.2,-61.2,-180,0,-109.9954681,-87.54423084
a-93.6x-61.2,-93.6,-61.2,-180,0,-107.1845627,-87.56009068
a-90x-61.2,-90,-61.2,-180,0,-104.3138885,-87.53862348
a-86.4x-61.2,-86.4,-61.2,-180,0,-101.4799194,-87.44014071
a-82.8x-61.2,-82.8,-61.2,-180,0,-98.7248993,-87.23788919
a-79.2x-61.2,-79.2,-61.2,-180,0,-96.0839157,-86.94215015
a-75.6x-61.2,-75.6,-61.2,-180,0,-93.5152512,-86.62174786
a-72x-61.2,-72,-61.2,-180,0,-90.9990158,-86.52889829
a-68.4x-61.2,-68.4,-61.2,-180,0,-88.2807159,-86.72706401
a-64.8x-61.2,-64.8,-61.2,-180,0,-85.2404633,-87.14323712
a-61.2x-61.2,-61.2,-61.2,-180,0,-82.0985565,-87.65238556
a-57.6x-61.2,-57.6,-61.2,-180,0,-78.9132004,-88.22407772
a-54x-61.2,-54,-61.2,-180,0,-75.6564941,-88.90407479
a-50.4x-61.2,-50.4,-61.2,-180,0,-71.8397369,-89.83305187
a-46.8x-61.2,-46.8,-61.2,-180,0,-67.2215042,-91.04732953
a-43.2x-61.2,-43.2,-61.2,-180,0,-62.1111336,-92.43700291
a-39.6x-61.2,-39.6,-61.2,-180,0,-56.6414871,-93.92829993
a-36x-61.2,-36,-61.2,-180,0,-50.8610764,-95.47955232
a-32.4x-61.2,-32.4,-61.2,-180,0,-44.9485207,-96.99512352
a-28.8x-61.2,-28.8,-61.2,-180,0,-39.3473053,-98.14730542
a-25.2x-61.2,-25.2,-61.2,-180,0,-34.2334061,-98.99956115
a-21.6x-61.2,-21.6,-61.2,-180,0,-29.6528606,-99.57903492
a-18x-61.2,-18,-61.2,-180,0,-25.1651058,-99.98436725
a-14.4x-61.2,-14.4,-61.2,-180,0,-20.3945923,-100.284803
a-10.8x-61.2,-10.8,-61.2,-180,0,-15.6619158,-100.4711606
a-7.2x-61.2,-7.2,-61.2,-180,0,-11.4455338,-100.5779132
a-3.6x-61.2,-3.6,-61.2,-180,0,-7.5183825,-100.6794991
a0x-61.2,0,-61.2,-180,0,-3.4709334,-100.8028142
a3.6x-61.2,3.6,-61.2,-180,0,0.8595604,-100.9354083
a7.2x-61.2,7.2,-61.2,-180,0,5.390667,-101.0552948
a10.8x-61.2,10.8,-61.2,-180,0,10.0664425,-101.1477527
a14.4x-61.2,14.4,-61.2,-180,0,14.8518362,-101.2035862
a18x-61.2,18,-61.2,-180,0,19.7309685,-101.2149304
a21.6x-61.2,21.6,-61.2,-180,0,24.7061558,-101.1714739
a25.2x-61.2,25.2,-61.2,-180,0,29.7793217,-101.057582
a28.8x-61.2,28.8,-61.2,-180,0,34.9617348,-100.8590201
a32.4x-61.2,32.4,-61.2,-180,0,40.1759262,-100.570967
a36x-61.2,36,-61.2,-180,0,45.2178841,-100.2120742
a39.6x-61.2,39.6,-61.2,-180,0,49.8088379,-99.83378262
a43.2x-61.2,43.2,-61.2,-180,0,53.8937225,-99.48339628
a46.8x-61.2,46.8,-61.2,-180,0,57.6281624,-99.17203878
a50.4x-61.2,50.4,-61.2,-180,0,61.272728,-98.87780255
a54x-61.2,54,-61.2,-180,0,64.8902283,-98.58879006
a57.6x-61.2,57.6,-61.2,-180,0,68.5532837,-98.29386524
a61.2x-61.2,61.2,-61.2,-180,0,72.3718338,-97.97365437
a64.8x-61.2,64.8,-61.2,-180,0,76.4667892,-97.59662125
a68.4x-61.2,68.4,-61.2,-180,0,80.8008804,-97.14377684
a72x-61.2,72,-61.2,-180,0,85.0976334,-96.63495615
a75.6x-61.2,75.6,-61.2,-180,0,89.0235672,-96.13297095
a79.2x-61.2,79.2,-61.2,-180,0,92.5078506,-95.67438934
a82.8x-61.2,82.8,-61.2,-180,0,95.8821106,-95.22439725
a86.4x-61.2,86.4,-61.2,-180,0,99.1873856,-94.77756255
a90x-61.2,90,-61.2,-180,0,102.4497299,-94.3347388
a93.6x-61.2,93.6,-61.2,-180,0,105.6550903,-93.90066874
a97.2x-61.2,97.2,-61.2,-180,0,108.7758789,-93.47464579
a100.8x-61.2,100.8,-61.2,-180,0,111.8220825,-93.0575987
a104.4x-61.2,104.4,-61.2,-180,0,114.7540207,-92.65825921
a108x-61.2,108,-61.2,-180,0,117.6008148,-92.27452079
a111.6x-61.2,111.6,-61.2,-180,0,120.3602142,-91.90786906
a115.2x-61.2,115.2,-61.2,-180,0,123.0022507,-91.56539023
a118.8x-61.2,118.8,-61.2,-180,0,125.5522614,-91.24719266
a122.4x-61.2,122.4,-61.2,-180,0,128.0074615,-90.95000213
a126x-61.2,126,-61.2,-180,0,130.3641357,-90.6632048
a129.6x-61.2,129.6,-61.2,-180,0,132.6134796,-90.40909035
a133.2x-61.2,133.2,-61.2,-180,0,134.7696381,-90.17570108
a136.8x-61.2,136.8,-61.2,-180,0,136.8448639,-89.96005965
a140.4x-61.2,140.4,-61.2,-180,0,138.7602692,-89.78010799
a144x-61.2,144,-61.2,-180,0,140.539566,-89.61190311
a147.6x-61.2,147.6,-61.2,-180,0,142.2121887,-89.44683721
a151.2x-61.2,151.2,-61.2,-180,0,143.7449799,-89.23172096
a154.8x-61.2,154.8,-61.2,-180,0,145.6748505,-88.67391354
a158.4x-61.2,158.4,-61.2,-180,0,148.095932,-87.82835496
a162x-61.2,162,-61.2,-180,0,151.1453247,-86.65562133
a165.6x-61.2,165.6,-61.2,-180,0,154.826355,-85.17089632
a169.2x-61.2,169.2,-61.2,-180,0,158.8459778,-83.53915572
a172.8x-61.2,172.8,-61.2,-180,0,163.1085663,-81.80897934
a176.4x-61.2,176.4,-61.2,-180,0,167.4777222,-80.26613467
a-180x-57.6,-180,-57.6,-180,0,-180.3232422,-69.55228714
a-176.4x-57.6,-176.4,-57.6,-180,0,-176.8473053,-70.2406816
a-172.8x-57.6,-172.8,-57.6,-180,0,-173.3992615,-70.95553054
a-169.2x-57.6,-169.2,-57.6,-180,0,-169.9794312,-71.69892394
a-165.6x-57.6,-165.6,-57.6,-180,0,-166.5856018,-72.47280907
a-162x-57.6,-162,-57.6,-180,0,-163.2212372,-73.28444519
a-158.4x-57.6,-158.4,-57.6,-180,0,-159.8956451,-74.13641814
a-154.8x-57.6,-154.8,-57.6,-180,0,-156.6206665,-75.022255
a-151.2x-57.6,-151.2,-57.6,-180,0,-153.4120789,-75.9284359
a-147.6x-57.6,-147.6,-57.6,-180,0,-150.2834015,-76.83395105
a-144x-57.6,-144,-57.6,-180,0,-147.2517548,-77.70118606
a-140.4x-57.6,-140.4,-57.6,-180,0,-144.2996826,-78.49091914
a-136.8x-57.6,-136.8,-57.6,-180,0,-141.3948822,-79.20779396
a-133.2x-57.6,-133.2,-57.6,-180,0,-138.5219116,-79.85406003
a-129.6x-57.6,-129.6,-57.6,-180,0,-135.6626892,-80.43705069
a-126x-57.6,-126,-57.6,-180,0,-132.7985535,-80.96404482
a-122.4x-57.6,-122.4,-57.6,-180,0,-129.9212952,-81.453315
a-118.8x-57.6,-118.8,-57.6,-180,0,-127.0302811,-81.91545492
a-115.2x-57.6,-115.2,-57.6,-180,0,-124.1283035,-82.36065097
a-111.6x-57.6,-111.6,-57.6,-180,0,-121.2226181,-82.79323774
a-108x-57.6,-108,-57.6,-180,0,-118.3670425,-83.20459686
a-104.4x-57.6,-104.4,-57.6,-180,0,-115.5881271,-83.54076861
a-100.8x-57.6,-100.8,-57.6,-180,0,-112.8423691,-83.77008619
a-97.2x-57.6,-97.2,-57.6,-180,0,-110.0737228,-83.87664184
a-93.6x-57.6,-93.6,-57.6,-180,0,-107.1958618,-83.87719676
a-90x-57.6,-90,-57.6,-180,0,-104.2578125,-83.8030437
a-86.4x-57.6,-86.4,-57.6,-180,0,-101.3238297,-83.61398627
a-82.8x-57.6,-82.8,-57.6,-180,0,-98.4622574,-83.28084378
a-79.2x-57.6,-79.2,-57.6,-180,0,-95.7730331,-82.83447781
a-75.6x-57.6,-75.6,-57.6,-180,0,-93.3379059,-82.40315794
a-72x-57.6,-72,-57.6,-180,0,-91.1560898,-82.32281334
a-68.4x-57.6,-68.4,-57.6,-180,0,-88.7561722,-82.73967533
a-64.8x-57.6,-64.8,-57.6,-180,0,-85.997406,-83.44822243
a-61.2x-57.6,-61.2,-57.6,-180,0,-82.9757538,-84.27437754
a-57.6x-57.6,-57.6,-57.6,-180,0,-79.8299713,-85.14818626
a-54x-57.6,-54,-57.6,-180,0,-76.7025223,-86.01090113
a-50.4x-57.6,-50.4,-57.6,-180,0,-73.164444,-86.94748492
a-46.8x-57.6,-46.8,-57.6,-180,0,-68.9354248,-88.14431365
a-43.2x-57.6,-43.2,-57.6,-180,0,-64.1152115,-89.57133593
a-39.6x-57.6,-39.6,-57.6,-180,0,-58.8798904,-91.153546
a-36x-57.6,-36,-57.6,-180,0,-53.3247414,-92.83841959
a-32.4x-57.6,-32.4,-57.6,-180,0,-47.5536041,-94.50565197
a-28.8x-57.6,-28.8,-57.6,-180,0,-41.7408943,-96.10135943
a-25.2x-57.6,-25.2,-57.6,-180,0,-36.1799278,-97.48738681
a-21.6x-57.6,-21.6,-57.6,-180,0,-31.0854263,-98.56328219
a-18x-57.6,-18,-57.6,-180,0,-26.2555027,-99.34180183
a-14.4x-57.6,-14.4,-57.6,-180,0,-21.390892,-99.77445029
a-10.8x-57.6,-10.8,-57.6,-180,0,-16.5113602,-100.0864007
a-7.2x-57.6,-7.2,-57.6,-180,0,-12.0722437,-100.3027844
a-3.6x-57.6,-3.6,-57.6,-180,0,-8.0513487,-100.4576371
a0x-57.6,0,-57.6,-180,0,-3.996918,-100.5991707
a3.6x-57.6,3.6,-57.6,-180,0,0.3647568,-100.7423276
a7.2x-57.6,7.2,-57.6,-180,0,4.9677291,-100.8715709
a10.8x-57.6,10.8,-57.6,-180,0,9.7124147,-100.9722879
a14.4x-57.6,14.4,-57.6,-180,0,14.5663729,-101.0374727
a18x-57.6,18,-57.6,-180,0,19.4969025,-101.0614886
a21.6x-57.6,21.6,-57.6,-180,0,24.5212059,-101.0326465
a25.2x-57.6,25.2,-57.6,-180,0,29.6378269,-100.9247068
a28.8x-57.6,28.8,-57.6,-180,0,34.8921242,-100.7177396
a32.4x-57.6,32.4,-57.6,-180,0,40.2239876,-100.4152872
a36x-57.6,36,-57.6,-180,0,45.4227104,-100.0461116
a39.6x-57.6,39.6,-57.6,-180,0,50.0877609,-99.67316319
a43.2x-57.6,43.2,-57.6,-180,0,54.1215973,-99.34343508
a46.8x-57.6,46.8,-57.6,-180,0,57.7418747,-99.05268216
a50.4x-57.6,50.4,-57.6,-180,0,61.3899078,-98.76340101
a54x-57.6,54,-57.6,-180,0,64.9978409,-98.47687947
a57.6x-57.6,57.6,-57.6,-180,0,68.6368866,-98.18211003
a61.2x-57.6,61.2,-57.6,-180,0,72.5301285,-97.85228351
a64.8x-57.6,64.8,-57.6,-180,0,76.8879929,-97.44725314
a68.4x-57.6,68.4,-57.6,-180,0,81.495163,-96.96456922
a72x-57.6,72,-57.6,-180,0,85.882019,-96.45373279
a75.6x-57.6,75.6,-57.6,-180,0,89.707428,-95.97826063
a79.2x-57.6,79.2,-57.6,-180,0,93.0659027,-95.54759873
a82.8x-57.6,82.8,-57.6,-180,0,96.4100952,-95.11038609
a86.4x-57.6,86.4,-57.6,-180,0,99.7463531,-94.66698694
a90x-57.6,90,-57.6,-180,0,103.0531845,-94.22194541
a93.6x-57.6,93.6,-57.6,-180,0,106.2893219,-93.77829401
a97.2x-57.6,97.2,-57.6,-180,0,109.4453659,-93.33361891
a100.8x-57.6,100.8,-57.6,-180,0,112.5189056,-92.89814884
a104.4x-57.6,104.4,-57.6,-180,0,115.467041,-92.48122586
a108x-57.6,108,-57.6,-180,0,118.3212891,-92.0814248
a111.6x-57.6,111.6,-57.6,-180,0,121.0711288,-91.70131851
a115.2x-57.6,115.2,-57.6,-180,0,123.7180862,-91.34156092
a118.8x-57.6,118.8,-57.6,-180,0,126.2526627,-91.00913019
a122.4x-57.6,122.4,-57.6,-180,0,128.6861572,-90.66283169
a126x-57.6,126,-57.6,-180,0,131.0288391,-90.2872181
a129.6x-57.6,129.6,-57.6,-180,0,133.2757416,-89.9345047
a133.2x-57.6,133.2,-57.6,-180,0,135.4114838,-89.60422253
a136.8x-57.6,136.8,-57.6,-180,0,137.4693451,-89.28193883
a140.4x-57.6,140.4,-57.6,-180,0,139.4350433,-88.96406949
a144x-57.6,144,-57.6,-180,0,141.2857819,-88.61967305
a147.6x-57.6,147.6,-57.6,-180,0,143.142868,-88.20472721
a151.2x-57.6,151.2,-57.6,-180,0,145.0939636,-87.60407948
a154.8x-57.6,154.8,-57.6,-180,0,147.4525299,-86.47453932
a158.4x-57.6,158.4,-57.6,-180,0,150.2663879,-85.06994388
a162x-57.6,162,-57.6,-180,0,153.5271301,-83.43455283
a165.6x-57.6,165.6,-57.6,-180,0,157.1469269,-81.67751134
a169.2x-57.6,169.2,-57.6,-180,0,160.9808197,-79.944927
a172.8x-57.6,172.8,-57.6,-180,0,164.9431458,-78.36466951
a176.4x-57.6,176.4,-57.6,-180,0,168.9848785,-76.94606038
a-180x-54,-180,-54,-180,0,-180.9838104,-65.89131388
a-176.4x-54,-176.4,-54,-180,0,-177.542572,-66.53718797
a-172.8x-54,-172.8,-54,-180,0,-174.1288605,-67.20957321
a-169.2x-54,-169.2,-54,-180,0,-170.745163,-67.90908945
a-165.6x-54,-165.6,-54,-180,0,-167.3910675,-68.63535217
a-162x-54,-162,-54,-180,0,-164.0724182,-69.39238683
a-158.4x-54,-158.4,-54,-180,0,-160.7916565,-70.17479825
a-154.8x-54,-154.8,-54,-180,0,-157.555603,-70.97730132
a-151.2x-54,-151.2,-54,-180,0,-154.3712769,-71.79096356
a-147.6x-54,-147.6,-54,-180,0,-151.2446899,-72.60366019
a-144x-54,-144,-54,-180,0,-148.1867218,-73.39116961
a-140.4x-54,-140.4,-54,-180,0,-145.1820526,-74.13825695
a-136.8x-54,-136.8,-54,-180,0,-142.2189026,-74.83887172
a-133.2x-54,-133.2,-54,-180,0,-139.2855988,-75.49044903
a-129.6x-54,-129.6,-54,-180,0,-136.3703766,-76.09434324
a-126x-54,-126,-54,-180,0,-133.4594727,-76.65031298
a-122.4x-54,-122.4,-54,-180,0,-130.5468445,-77.17341867
a-118.8x-54,-118.8,-54,-180,0,-127.6296463,-77.6668907
a-115.2x-54,-115.2,-54,-180,0,-124.7072449,-78.13727089
a-111.6x-54,-111.6,-54,-180,0,-121.7835464,-78.58679209
a-108x-54,-108,-54,-180,0,-118.8796234,-79.00456694
a-104.4x-54,-104.4,-54,-180,0,-116.0017395,-79.36004504
a-100.8x-54,-100.8,-54,-180,0,-113.1322708,-79.62941851
a-97.2x-54,-97.2,-54,-180,0,-110.2420883,-79.79340366
a-93.6x-54,-93.6,-54,-180,0,-107.2824249,-79.8464696
a-90x-54,-90,-54,-180,0,-104.263504,-79.80356459
a-86.4x-54,-86.4,-54,-180,0,-101.2249451,-79.62770034
a-82.8x-54,-82.8,-54,-180,0,-98.2685013,-79.28135947
a-79.2x-54,-79.2,-54,-180,0,-95.5649414,-78.7906653
a-75.6x-54,-75.6,-54,-180,0,-93.3075943,-78.28522051
a-72x-54,-72,-54,-180,0,-91.4957275,-78.08114938
a-68.4x-54,-68.4,-54,-180,0,-89.4680634,-78.45970086
a-64.8x-54,-64.8,-54,-180,0,-87.0173264,-79.22434267
a-61.2x-54,-61.2,-54,-180,0,-84.1939468,-80.24067589
a-57.6x-54,-57.6,-54,-180,0,-81.1262131,-81.45782366
a-54x-54,-54,-54,-180,0,-77.9892731,-82.61149963
a-50.4x-54,-50.4,-54,-180,0,-74.6149368,-83.75170539
a-46.8x-54,-46.8,-54,-180,0,-70.7131882,-85.02378527
a-43.2x-54,-43.2,-54,-180,0,-66.1813965,-86.49837394
a-39.6x-54,-39.6,-54,-180,0,-61.1702271,-88.14640626
a-36x-54,-36,-54,-180,0,-55.828064,-89.87626954
a-32.4x-54,-32.4,-54,-180,0,-50.2047501,-91.68384948
a-28.8x-54,-28.8,-54,-180,0,-44.3988762,-93.51984729
a-25.2x-54,-25.2,-54,-180,0,-38.6098862,-95.29334641
a-21.6x-54,-21.6,-54,-180,0,-33.1050682,-96.81126424
a-18x-54,-18,-54,-180,0,-27.9494381,-97.89273947
a-14.4x-54,-14.4,-54,-180,0,-22.7943516,-98.71635538
a-10.8x-54,-10.8,-54,-180,0,-17.6352386,-99.35055207
a-7.2x-54,-7.2,-54,-180,0,-12.9031162,-99.80787639
a-3.6x-54,-3.6,-54,-180,0,-8.7076855,-100.1180091
a0x-54,0,-54,-180,0,-4.5737305,-100.3466993
a3.6x-54,3.6,-54,-180,0,-0.1490831,-100.5389745
a7.2x-54,7.2,-54,-180,0,4.5290747,-100.6969258
a10.8x-54,10.8,-54,-180,0,9.3481216,-100.8057017
a14.4x-54,14.4,-54,-180,0,14.2711382,-100.8729318
a18x-54,18,-54,-180,0,19.2637653,-100.891676
a21.6x-54,21.6,-54,-180,0,24.3400993,-100.8549462
a25.2x-54,25.2,-54,-180,0,29.5104961,-100.7520823
a28.8x-54,28.8,-54,-180,0,34.8376732,-100.5680892
a32.4x-54,32.4,-54,-180,0,40.3028183,-100.2926664
a36x-54,36,-54,-180,0,45.6674767,-99.9464516
a39.6x-54,39.6,-54,-180,0,50.4281235,-99.59455893
a43.2x-54,43.2,-54,-180,0,54.3894463,-99.28713002
a46.8x-54,46.8,-54,-180,0,57.8890495,-99.01211038
a50.4x-54,50.4,-54,-180,0,61.5337372,-98.72422781
a54x-54,54,-54,-180,0,65.1399002,-98.4367825
a57.6x-54,57.6,-54,-180,0,68.6992111,-98.14329372
a61.2x-54,61.2,-54,-180,0,72.6747513,-97.79273561
a64.8x-54,64.8,-54,-180,0,77.3588715,-97.33270218
a68.4x-54,68.4,-54,-180,0,82.2308655,-96.80120825
a72x-54,72,-54,-180,0,86.6277313,-96.281598
a75.6x-54,75.6,-54,-180,0,90.3330383,-95.81917543
a79.2x-54,79.2,-54,-180,0,93.6606216,-95.38720311
a82.8x-54,82.8,-54,-180,0,97.0141373,-94.93911581
a86.4x-54,86.4,-54,-180,0,100.399231,-94.47664624
a90x-54,90,-54,-180,0,103.7470016,-94.01090818
a93.6x-54,93.6,-54,-180,0,107.0184708,-93.54968718
a97.2x-54,97.2,-54,-180,0,110.2184143,-93.04258229
a100.8x-54,100.8,-54,-180,0,113.3258286,-92.50467183
a104.4x-54,104.4,-54,-180,0,116.3277588,-91.97430893
a108x-54,108,-54,-180,0,119.2053146,-91.45962972
a111.6x-54,111.6,-54,-180,0,121.965744,-90.96209998
a115.2x-54,115.2,-54,-180,0,124.612114,-90.48363218
a118.8x-54,118.8,-54,-180,0,127.1483383,-90.02574237
a122.4x-54,122.4,-54,-180,0,129.5948334,-89.37710329
a126x-54,126,-54,-180,0,131.935257,-88.74450252
a129.6x-54,129.6,-54,-180,0,134.1955109,-88.13023938
a133.2x-54,133.2,-54,-180,0,136.3554688,-87.53304899
a136.8x-54,136.8,-54,-180,0,138.4532318,-86.93651289
a140.4x-54,140.4,-54,-180,0,140.5224915,-86.33315553
a144x-54,144,-54,-180,0,142.5628052,-85.67681423
a147.6x-54,147.6,-54,-180,0,144.6774902,-84.91896725
a151.2x-54,151.2,-54,-180,0,146.9707336,-83.91230988
a154.8x-54,154.8,-54,-180,0,149.550766,-82.57142162
a158.4x-54,158.4,-54,-180,0,152.5206604,-80.995616
a162x-54,162,-54,-180,0,155.7996979,-79.30016944
a165.6x-54,165.6,-54,-180,0,159.2886047,-77.59989604
a169.2x-54,169.2,-54,-180,0,162.8724213,-76.01578285
a172.8x-54,172.8,-54,-180,0,166.5263519,-74.63655085
a176.4x-54,176.4,-54,-180,0,170.3062286,-73.44095935
a-180x-50.4,-180,-50.4,-180,0,-181.5964355,-62.20842166
a-176.4x-50.4,-176.4,-50.4,-180,0,-178.1879272,-62.81377537
a-172.8x-50.4,-172.8,-50.4,-180,0,-174.8061981,-63.44436387
a-169.2x-50.4,-169.2,-50.4,-180,0,-171.4546051,-64.10005662
a-165.6x-50.4,-165.6,-50.4,-180,0,-168.1352539,-64.78059512
a-162x-50.4,-162,-50.4,-180,0,-164.8500366,-65.48412556
a-158.4x-50.4,-158.4,-50.4,-180,0,-161.6004944,-66.20619056
a-154.8x-50.4,-154.8,-50.4,-180,0,-158.3900604,-66.94216644
a-151.2x-50.4,-151.2,-50.4,-180,0,-155.2219543,-67.68569897
a-147.6x-50.4,-147.6,-50.4,-180,0,-152.0966187,-68.42937969
a-144x-50.4,-144,-50.4,-180,0,-149.0258789,-69.15639398
a-140.4x-50.4,-140.4,-50.4,-180,0,-145.9954987,-69.85894505
a-136.8x-50.4,-136.8,-50.4,-180,0,-142.9987335,-70.53143277
a-133.2x-50.4,-133.2,-50.4,-180,0,-140.0279999,-71.17042175
a-129.6x-50.4,-129.6,-50.4,-180,0,-137.0754242,-71.77318885
a-126x-50.4,-126,-50.4,-180,0,-134.1312866,-72.33990339
a-122.4x-50.4,-122.4,-50.4,-180,0,-131.1895447,-72.87861755
a-118.8x-50.4,-118.8,-50.4,-180,0,-128.2467651,-73.38918226
a-115.2x-50.4,-115.2,-50.4,-180,0,-125.3001633,-73.87510653
a-111.6x-50.4,-111.6,-50.4,-180,0,-122.3507385,-74.33387002
a-108x-50.4,-108,-50.4,-180,0,-119.4029999,-74.75689785
a-104.4x-50.4,-104.4,-50.4,-180,0,-116.4551926,-75.13047137
a-100.8x-50.4,-100.8,-50.4,-180,0,-113.4984589,-75.44088173
a-97.2x-50.4,-97.2,-50.4,-180,0,-110.5162506,-75.67327027
a-93.6x-50.4,-93.6,-50.4,-180,0,-107.4787064,-75.80988303
a-90x-50.4,-90,-50.4,-180,0,-104.3813553,-75.85358022
a-86.4x-50.4,-86.4,-50.4,-180,0,-101.2488861,-75.77691281
a-82.8x-50.4,-82.8,-50.4,-180,0,-98.2037506,-75.54397677
a-79.2x-50.4,-79.2,-50.4,-180,0,-95.4638977,-75.15765363
a-75.6x-50.4,-75.6,-50.4,-180,0,-93.2988205,-74.67405358
a-72x-50.4,-72,-50.4,-180,0,-91.7320404,-74.2688998
a-68.4x-50.4,-68.4,-50.4,-180,0,-90.086113,-74.30890559
a-64.8x-50.4,-64.8,-50.4,-180,0,-88.0086823,-74.79740875
a-61.2x-50.4,-61.2,-50.4,-180,0,-85.5737762,-75.76774144
a-57.6x-50.4,-57.6,-50.4,-180,0,-82.7369385,-77.15647416
a-54x-50.4,-54,-50.4,-180,0,-79.6456223,-78.64086923
a-50.4x-50.4,-50.4,-50.4,-180,0,-76.3278732,-80.13206618
a-46.8x-50.4,-46.8,-50.4,-180,0,-72.6308136,-81.61816342
a-43.2x-50.4,-43.2,-50.4,-180,0,-68.3365707,-83.21306232
a-39.6x-50.4,-39.6,-50.4,-180,0,-63.5293808,-84.93112312
a-36x-50.4,-36,-50.4,-180,0,-58.3465309,-86.7605962
a-32.4x-50.4,-32.4,-50.4,-180,0,-52.8605766,-88.66675533
a-28.8x-50.4,-28.8,-50.4,-180,0,-47.1432495,-90.6114058
a-25.2x-50.4,-25.2,-50.4,-180,0,-41.3125229,-92.52426397
a-21.6x-50.4,-21.6,-50.4,-180,0,-35.5770454,-94.27196055
a-18x-50.4,-18,-50.4,-180,0,-30.0512791,-95.77431808
a-14.4x-50.4,-14.4,-50.4,-180,0,-24.5631313,-97.03541274
a-10.8x-50.4,-10.8,-50.4,-180,0,-19.0817833,-98.1072558
a-7.2x-50.4,-7.2,-50.4,-180,0,-13.9928637,-98.97382014
a-3.6x-50.4,-3.6,-50.4,-180,0,-9.5058432,-99.546544
a0x-50.4,0,-50.4,-180,0,-5.1978321,-99.87029494
a3.6x-50.4,3.6,-50.4,-180,0,-0.6700218,-100.1094958
a7.2x-50.4,7.2,-50.4,-180,0,4.0912156,-100.2975975
a10.8x-50.4,10.8,-50.4,-180,0,8.991642,-100.4381091
a14.4x-50.4,14.4,-50.4,-180,0,13.9887295,-100.528481
a18x-50.4,18,-50.4,-180,0,19.0505924,-100.5646932
a21.6x-50.4,21.6,-50.4,-180,0,24.1894531,-100.5420665
a25.2x-50.4,25.2,-50.4,-180,0,29.4297295,-100.4536212
a28.8x-50.4,28.8,-50.4,-180,0,34.8425179,-100.289653
a32.4x-50.4,32.4,-50.4,-180,0,40.4200554,-100.0452597
a36x-50.4,36,-50.4,-180,0,45.8752556,-99.74234509
a39.6x-50.4,39.6,-50.4,-180,0,50.6512146,-99.43770731
a43.2x-50.4,43.2,-50.4,-180,0,54.5695724,-99.16568046
a46.8x-50.4,46.8,-50.4,-180,0,58.0799599,-98.90302684
a50.4x-50.4,50.4,-50.4,-180,0,61.733284,-98.61475448
a54x-50.4,54,-50.4,-180,0,65.3906784,-98.31480271
a57.6x-50.4,57.6,-50.4,-180,0,69.0212326,-97.99378944
a61.2x-50.4,61.2,-50.4,-180,0,73.1296997,-97.59774084
a64.8x-50.4,64.8,-50.4,-180,0,77.9851761,-97.09619952
a68.4x-50.4,68.4,-50.4,-180,0,82.9246445,-96.55131198
a72x-50.4,72,-50.4,-180,0,87.2161713,-95.99242207
a75.6x-50.4,75.6,-50.4,-180,0,90.8713074,-95.48571956
a79.2x-50.4,79.2,-50.4,-180,0,94.288765,-94.98203146
a82.8x-50.4,82.8,-50.4,-180,0,97.726059,-94.4512748
a86.4x-50.4,86.4,-50.4,-180,0,101.1786804,-93.89819246
a90x-50.4,90,-50.4,-180,0,104.5861969,-93.33305424
a93.6x-50.4,93.6,-50.4,-180,0,107.9142303,-92.76237904
a97.2x-50.4,97.2,-50.4,-180,0,111.1560593,-92.18352389
a100.8x-50.4,100.8,-50.4,-180,0,114.3449478,-91.37742036
a104.4x-50.4,104.4,-50.4,-180,0,117.4260406,-90.55312345
a108x-50.4,108,-50.4,-180,0,120.3896255,-89.71740636
a111.6x-50.4,111.6,-50.4,-180,0,123.2084274,-88.88488406
a115.2x-50.4,115.2,-50.4,-180,0,125.8905792,-88.06430597
a118.8x-50.4,118.8,-50.4,-180,0,128.4777985,-87.12583845
a122.4x-50.4,122.4,-50.4,-180,0,130.9821014,-86.05314856
a126x-50.4,126,-50.4,-180,0,133.3481903,-85.03860292
a129.6x-50.4,129.6,-50.4,-180,0,135.6362457,-84.0621341
a133.2x-50.4,133.2,-50.4,-180,0,137.8568573,-83.12389516
a136.8x-50.4,136.8,-50.4,-180,0,140.0131683,-82.22183316
a140.4x-50.4,140.4,-50.4,-180,0,142.1471558,-81.37413577
a144x-50.4,144,-50.4,-180,0,144.282074,-80.58022435
a147.6x-50.4,147.6,-50.4,-180,0,146.4930878,-79.76857094
a151.2x-50.4,151.2,-50.4,-180,0,148.8818207,-78.85721661
a154.8x-50.4,154.8,-50.4,-180,0,151.5068512,-77.7505178
a158.4x-50.4,158.4,-50.4,-180,0,154.4804077,-76.40512552
a162x-50.4,162,-50.4,-180,0,157.7075348,-74.93879966
a165.6x-50.4,165.6,-50.4,-180,0,161.0723572,-73.46092516
a169.2x-50.4,169.2,-50.4,-180,0,164.4510803,-72.08913544
a172.8x-50.4,172.8,-50.4,-180,0,167.8300934,-70.9055189
a176.4x-50.4,176.4,-50.4,-180,0,171.3919067,-69.89147181
a-180x-46.8,-180,-46.8,-180,0,-182.1678925,-58.50542453
a-176.4x-46.8,-176.4,-46.8,-180,0,-178.7895813,-59.07208113
a-172.8x-46.8,-172.8,-46.8,-180,0,-175.4372406,-59.66207887
a-169.2x-46.8,-169.2,-46.8,-180,0,-172.1143799,-60.27495538
a-165.6x-46.8,-165.6,-46.8,-180,0,-168.8249664,-60.91088314
a-162x-46.8,-162,-46.8,-180,0,-165.5668335,-61.56497537
a-158.4x-46.8,-158.4,-46.8,-180,0,-162.341568,-62.23407242
a-154.8x-46.8,-154.8,-46.8,-180,0,-159.1508636,-62.9142989
a-151.2x-46.8,-151.2,-46.8,-180,0,-155.9931946,-63.60104359
a-147.6x-46.8,-147.6,-46.8,-180,0,-152.8753815,-64.28869881
a-144x-46.8,-144,-46.8,-180,0,-149.7997894,-64.96657128
a-140.4x-46.8,-140.4,-46.8,-180,0,-146.7565155,-65.62958273
a-136.8x-46.8,-136.8,-46.8,-180,0,-143.7409363,-66.27352141
a-133.2x-46.8,-133.2,-46.8,-180,0,-140.7475891,-66.89529429
a-129.6x-46.8,-129.6,-46.8,-180,0,-137.7713623,-67.49027854
a-126x-46.8,-126,-46.8,-180,0,-134.8039703,-68.060143
a-122.4x-46.8,-122.4,-46.8,-180,0,-131.8401337,-68.60773648
a-118.8x-46.8,-118.8,-46.8,-180,0,-128.8757172,-69.13168812
a-115.2x-46.8,-115.2,-46.8,-180,0,-125.9066467,-69.63357544
a-111.6x-46.8,-111.6,-46.8,-180,0,-122.9308548,-70.10762829
a-108x-46.8,-108,-46.8,-180,0,-119.9464264,-70.55025175
a-104.4x-46.8,-104.4,-46.8,-180,0,-116.94944,-70.95411065
a-100.8x-46.8,-100.8,-46.8,-180,0,-113.9333725,-71.31097921
a-97.2x-46.8,-97.2,-46.8,-180,0,-110.8861465,-71.61067916
a-93.6x-46.8,-93.6,-46.8,-180,0,-107.7846603,-71.83352635
a-90x-46.8,-90,-46.8,-180,0,-104.6224289,-71.98052585
a-86.4x-46.8,-86.4,-46.8,-180,0,-101.4181519,-72.03112825
a-82.8x-46.8,-82.8,-46.8,-180,0,-98.2949142,-71.95073828
a-79.2x-46.8,-79.2,-46.8,-180,0,-95.4860001,-71.71643261
a-75.6x-46.8,-75.6,-46.8,-180,0,-93.3062363,-71.30260526
a-72x-46.8,-72,-46.8,-180,0,-91.8104401,-70.7581235
a-68.4x-46.8,-68.4,-46.8,-180,0,-90.5007477,-70.38421173
a-64.8x-46.8,-64.8,-46.8,-180,0,-88.8043137,-70.44512749
a-61.2x-46.8,-61.2,-46.8,-180,0,-86.8660431,-71.09355222
a-57.6x-46.8,-57.6,-46.8,-180,0,-84.4893341,-72.30043645
a-54x-46.8,-54,-46.8,-180,0,-81.6786957,-74.00618693
a-50.4x-46.8,-50.4,-46.8,-180,0,-78.3982773,-75.94237453
a-46.8x-46.8,-46.8,-46.8,-180,0,-74.700943,-77.84069773
a-43.2x-46.8,-43.2,-46.8,-180,0,-70.5435562,-79.69414281
a-39.6x-46.8,-39.6,-46.8,-180,0,-65.9252777,-81.56398011
a-36x-46.8,-36,-46.8,-180,0,-60.8709564,-83.53031243
a-32.4x-46.8,-32.4,-46.8,-180,0,-55.4819527,-85.55092747
a-28.8x-46.8,-28.8,-46.8,-180,0,-49.8394661,-87.57379446
a-25.2x-46.8,-25.2,-46.8,-180,0,-44.0223885,-89.56837637
a-21.6x-46.8,-21.6,-46.8,-180,0,-38.1650429,-91.47851606
a-18x-46.8,-18,-46.8,-180,0,-32.3841133,-93.22578145
a-14.4x-46.8,-14.4,-46.8,-180,0,-26.6380157,-94.78743492
a-10.8x-46.8,-10.8,-46.8,-180,0,-20.9391251,-96.14902025
a-7.2x-46.8,-7.2,-46.8,-180,0,-15.5544682,-97.25944358
a-3.6x-46.8,-3.6,-46.8,-180,0,-10.6795673,-98.09218078
a0x-46.8,0,-46.8,-180,0,-6.0223522,-98.67664663
a3.6x-46.8,3.6,-46.8,-180,0,-1.27693,-99.09218857
a7.2x-46.8,7.2,-46.8,-180,0,3.6259732,-99.40231286
a10.8x-46.8,10.8,-46.8,-180,0,8.6382742,-99.62780452
a14.4x-46.8,14.4,-46.8,-180,0,13.7266769,-99.77753962
a18x-46.8,18,-46.8,-180,0,18.8674164,-99.85626095
a21.6x-46.8,21.6,-46.8,-180,0,24.0724354,-99.86691093
a25.2x-46.8,25.2,-46.8,-180,0,29.3769703,-99.80938832
a28.8x-46.8,28.8,-46.8,-180,0,34.8508568,-99.68112059
a32.4x-46.8,32.4,-46.8,-180,0,40.4761696,-99.48905021
a36x-46.8,36,-46.8,-180,0,45.9310074,-99.25993427
a39.6x-46.8,39.6,-46.8,-180,0,50.6803741,-99.03189977
a43.2x-46.8,43.2,-46.8,-180,0,54.6327782,-98.80622016
a46.8x-46.8,46.8,-46.8,-180,0,58.2746887,-98.54680282
a50.4x-46.8,50.4,-46.8,-180,0,62.023098,-98.23449161
a54x-46.8,54,-46.8,-180,0,65.8164673,-97.87836001
a57.6x-46.8,57.6,-46.8,-180,0,69.6483688,-97.46506141
a61.2x-46.8,61.2,-46.8,-180,0,73.9146805,-96.94531124
a64.8x-46.8,64.8,-46.8,-180,0,78.7766113,-96.33802967
a68.4x-46.8,68.4,-46.8,-180,0,83.538063,-95.75682448
a72x-46.8,72,-46.8,-180,0,87.6864853,-95.2512549
a75.6x-46.8,75.6,-46.8,-180,0,91.4102402,-94.71403685
a79.2x-46.8,79.2,-46.8,-180,0,95.0129242,-94.03468961
a82.8x-46.8,82.8,-46.8,-180,0,98.5957718,-93.30414763
a86.4x-46.8,86.4,-46.8,-180,0,102.15242,-92.53294566
a90x-46.8,90,-46.8,-180,0,105.6541061,-91.72901724
a93.6x-46.8,93.6,-46.8,-180,0,109.0845947,-90.89467706
a97.2x-46.8,97.2,-46.8,-180,0,112.4207077,-90.03069803
a100.8x-46.8,100.8,-46.8,-180,0,115.7027359,-88.95928973
a104.4x-46.8,104.4,-46.8,-180,0,118.9152679,-87.69311043
a108x-46.8,108,-46.8,-180,0,122.0074463,-86.36357683
a111.6x-46.8,111.6,-46.8,-180,0,124.9566879,-84.99510969
a115.2x-46.8,115.2,-46.8,-180,0,127.7308807,-83.62809901
a118.8x-46.8,118.8,-46.8,-180,0,130.3969879,-82.14234295
a122.4x-46.8,122.4,-46.8,-180,0,132.9198151,-80.71748139
a126x-46.8,126,-46.8,-180,0,135.2965851,-79.4094572
a129.6x-46.8,129.6,-46.8,-180,0,137.5756683,-78.18584895
a133.2x-46.8,133.2,-46.8,-180,0,139.7835999,-77.04281653
a136.8x-46.8,136.8,-46.8,-180,0,141.9109802,-76.01663699
a140.4x-46.8,140.4,-46.8,-180,0,143.972229,-75.15622449
a144x-46.8,144,-46.8,-180,0,145.9879456,-74.52492295
a147.6x-46.8,147.6,-46.8,-180,0,148.0809937,-74.06901016
a151.2x-46.8,151.2,-46.8,-180,0,150.4151154,-73.58382464
a154.8x-46.8,154.8,-46.8,-180,0,153.0384369,-72.88419267
a158.4x-46.8,158.4,-46.8,-180,0,155.9934387,-71.92457049
a162x-46.8,162,-46.8,-180,0,159.199646,-70.77915081
a165.6x-46.8,165.6,-46.8,-180,0,162.5008698,-69.55956493
a169.2x-46.8,169.2,-46.8,-180,0,165.7468567,-68.38355395
a172.8x-46.8,172.8,-46.8,-180,0,168.9255676,-67.33551279
a176.4x-46.8,176.4,-46.8,-180,0,172.3035583,-66.41998701
a-180x-43.2,-180,-43.2,-180,0,-182.7013092,-54.78289692
a-176.4x-43.2,-176.4,-43.2,-180,0,-179.3505859,-55.31269892
a-172.8x-43.2,-172.8,-43.2,-180,0,-176.0250397,-55.86385165
a-169.2x-43.2,-169.2,-43.2,-180,0,-172.7290955,-56.43655986
a-165.6x-43.2,-165.6,-43.2,-180,0,-169.4648132,-57.02922261
a-162x-43.2,-162,-43.2,-180,0,-166.2298431,-57.63746044
a-158.4x-43.2,-158.4,-43.2,-180,0,-163.0243073,-58.25846364
a-154.8x-43.2,-154.8,-43.2,-180,0,-159.8485107,-58.88949926
a-151.2x-43.2,-151.2,-43.2,-180,0,-156.7041779,-59.52772524
a-147.6x-43.2,-147.6,-43.2,-180,0,-153.5961456,-60.16819849
a-144x-43.2,-144,-43.2,-180,0,-150.5215607,-60.80410757
a-140.4x-43.2,-140.4,-43.2,-180,0,-147.4741058,-61.43190946
a-136.8x-43.2,-136.8,-43.2,-180,0,-144.4500732,-62.04856143
a-133.2x-43.2,-133.2,-43.2,-180,0,-141.4452667,-62.65165919
a-129.6x-43.2,-129.6,-43.2,-180,0,-138.4562225,-63.23627581
a-126x-43.2,-126,-43.2,-180,0,-135.4748535,-63.80506915
a-122.4x-43.2,-122.4,-43.2,-180,0,-132.4968872,-64.35810558
a-118.8x-43.2,-118.8,-43.2,-180,0,-129.5174255,-64.89404442
a-115.2x-43.2,-115.2,-43.2,-180,0,-126.5316696,-65.41272718
a-111.6x-43.2,-111.6,-43.2,-180,0,-123.5350266,-65.90909836
a-108x-43.2,-108,-43.2,-180,0,-120.5236664,-66.38181346
a-104.4x-43.2,-104.4,-43.2,-180,0,-117.4926605,-66.82581947
a-100.8x-43.2,-100.8,-43.2,-180,0,-114.4357529,-67.2353318
a-97.2x-43.2,-97.2,-43.2,-180,0,-111.3418808,-67.60177289
a-93.6x-43.2,-93.6,-43.2,-180,0,-108.192009,-67.90972584
a-90x-43.2,-90,-43.2,-180,0,-104.983223,-68.15935572
a-86.4x-43.2,-86.4,-43.2,-180,0,-101.7279205,-68.33293483
a-82.8x-43.2,-82.8,-43.2,-180,0,-98.5312653,-68.39100634
a-79.2x-43.2,-79.2,-43.2,-180,0,-95.6157532,-68.279362
a-75.6x-43.2,-75.6,-43.2,-180,0,-93.3342514,-67.89862633
a-72x-43.2,-72,-43.2,-180,0,-91.8074112,-67.30350789
a-68.4x-43.2,-68.4,-43.2,-180,0,-90.7479706,-66.64513865
a-64.8x-43.2,-64.8,-43.2,-180,0,-89.4221573,-66.36892386
a-61.2x-43.2,-61.2,-43.2,-180,0,-87.9011383,-66.60307279
a-57.6x-43.2,-57.6,-43.2,-180,0,-86.1035843,-67.34112536
a-54x-43.2,-54,-43.2,-180,0,-83.8060303,-68.99321842
a-50.4x-43.2,-50.4,-43.2,-180,0,-80.7820587,-71.15211947
a-46.8x-43.2,-46.8,-43.2,-180,0,-77.1107178,-73.52194555
a-43.2x-43.2,-43.2,-43.2,-180,0,-73.0005569,-75.78405442
a-39.6x-43.2,-39.6,-43.2,-180,0,-68.4642334,-77.95527836
a-36x-43.2,-36,-43.2,-180,0,-63.4779205,-80.13904187
a-32.4x-43.2,-32.4,-43.2,-180,0,-58.134861,-82.32158398
a-28.8x-43.2,-28.8,-43.2,-180,0,-52.5180473,-84.46917516
a-25.2x-43.2,-25.2,-43.2,-180,0,-46.6892319,-86.57701272
a-21.6x-43.2,-21.6,-43.2,-180,0,-40.7553329,-88.58938212
a-18x-43.2,-18,-43.2,-180,0,-34.8146858,-90.46308768
a-14.4x-43.2,-14.4,-43.2,-180,0,-28.8990879,-92.15905631
a-10.8x-43.2,-10.8,-43.2,-180,0,-23.0308533,-93.69289067
a-7.2x-43.2,-7.2,-43.2,-180,0,-17.3580437,-95.05286433
a-3.6x-43.2,-3.6,-43.2,-180,0,-12.0549908,-96.1689198
a0x-43.2,0,-43.2,-180,0,-7.0037446,-97.00984687
a3.6x-43.2,3.6,-43.2,-180,0,-1.9746082,-97.60925946
a7.2x-43.2,7.2,-43.2,-180,0,3.127528,-98.04872334
a10.8x-43.2,10.8,-43.2,-180,0,8.2899628,-98.36059223
a14.4x-43.2,14.4,-43.2,-180,0,13.4935894,-98.56432391
a18x-43.2,18,-43.2,-180,0,18.7234993,-98.6756313
a21.6x-43.2,21.6,-43.2,-180,0,23.9936695,-98.71004044
a25.2x-43.2,25.2,-43.2,-180,0,29.3431187,-98.68501664
a28.8x-43.2,28.8,-43.2,-180,0,34.8301315,-98.61138126
a32.4x-43.2,32.4,-43.2,-180,0,40.4107437,-98.5029956
a36x-43.2,36,-43.2,-180,0,45.775898,-98.3843538
a39.6x-43.2,39.6,-43.2,-180,0,50.5061302,-98.25734713
a43.2x-43.2,43.2,-43.2,-180,0,54.6045876,-98.07499081
a46.8x-43.2,46.8,-43.2,-180,0,58.4833031,-97.79386992
a50.4x-43.2,50.4,-43.2,-180,0,62.4194145,-97.41495923
a54x-43.2,54,-43.2,-180,0,66.4173431,-96.94538769
a57.6x-43.2,57.6,-43.2,-180,0,70.5159073,-96.37326508
a61.2x-43.2,61.2,-43.2,-180,0,74.9130859,-95.68418155
a64.8x-43.2,64.8,-43.2,-180,0,79.6686935,-94.93353709
a68.4x-43.2,68.4,-43.2,-180,0,84.2680359,-94.24695601
a72x-43.2,72,-43.2,-180,0,88.3785477,-93.61057558
a75.6x-43.2,75.6,-43.2,-180,0,92.2139893,-92.94074969
a79.2x-43.2,79.2,-43.2,-180,0,95.9575577,-92.20629936
a82.8x-43.2,82.8,-43.2,-180,0,99.7011032,-91.21418473
a86.4x-43.2,86.4,-43.2,-180,0,103.3896255,-90.15516178
a90x-43.2,90,-43.2,-180,0,107.0142288,-89.03309562
a93.6x-43.2,93.6,-43.2,-180,0,110.5687866,-87.84527147
a97.2x-43.2,97.2,-43.2,-180,0,114.0489044,-86.58408734
a100.8x-43.2,100.8,-43.2,-180,0,117.4543686,-85.19491807
a104.4x-43.2,104.4,-43.2,-180,0,120.8217697,-83.53975054
a108x-43.2,108,-43.2,-180,0,124.0761108,-81.7473238
a111.6x-43.2,111.6,-43.2,-180,0,127.1682053,-79.86441243
a115.2x-43.2,115.2,-43.2,-180,0,130.0679932,-77.9558712
a118.8x-43.2,118.8,-43.2,-180,0,132.7570801,-76.0917491
a122.4x-43.2,122.4,-43.2,-180,0,135.2315369,-74.39719452
a126x-43.2,126,-43.2,-180,0,137.5344696,-72.91471116
a129.6x-43.2,129.6,-43.2,-180,0,139.7192993,-71.59479716
a133.2x-43.2,133.2,-43.2,-180,0,141.809433,-70.42053338
a136.8x-43.2,136.8,-43.2,-180,0,143.773056,-69.44145903
a140.4x-43.2,140.4,-43.2,-180,0,145.6078033,-68.7895495
a144x-43.2,144,-43.2,-180,0,147.3555756,-68.51897727
a147.6x-43.2,147.6,-43.2,-180,0,149.2181244,-68.5892595
a151.2x-43.2,151.2,-43.2,-180,0,151.4623566,-68.6087234
a154.8x-43.2,154.8,-43.2,-180,0,154.0937805,-68.33444329
a158.4x-43.2,158.4,-43.2,-180,0,157.08992,-67.7330628
a162x-43.2,162,-43.2,-180,0,160.3360748,-66.87523153
a165.6x-43.2,165.6,-43.2,-180,0,163.6369324,-65.89062359
a169.2x-43.2,169.2,-43.2,-180,0,166.8252716,-64.89936839
a172.8x-43.2,172.8,-43.2,-180,0,169.887207,-63.95550147
a176.4x-43.2,176.4,-43.2,-180,0,173.1170044,-63.07324034
a-180x-39.6,-180,-39.6,-180,0,-183.199295,-51.04188147
a-176.4x-39.6,-176.4,-39.6,-180,0,-179.873642,-51.5364678
a-172.8x-39.6,-172.8,-39.6,-180,0,-176.5724945,-52.05040814
a-169.2x-39.6,-169.2,-39.6,-180,0,-173.3011322,-52.58468669
a-165.6x-39.6,-165.6,-39.6,-180,0,-170.0588074,-53.13594927
a-162x-39.6,-162,-39.6,-180,0,-166.8428345,-53.70084466
a-158.4x-39.6,-158.4,-39.6,-180,0,-163.6551361,-54.27798361
a-154.8x-39.6,-154.8,-39.6,-180,0,-160.496048,-54.86509596
a-151.2x-39.6,-151.2,-39.6,-180,0,-157.3663177,-55.45968358
a-147.6x-39.6,-147.6,-39.6,-180,0,-154.2687988,-56.05828142
a-144x-39.6,-144,-39.6,-180,0,-151.1997223,-56.65650162
a-140.4x-39.6,-140.4,-39.6,-180,0,-148.1546173,-57.25184725
a-136.8x-39.6,-136.8,-39.6,-180,0,-145.1300049,-57.84226377
a-133.2x-39.6,-133.2,-39.6,-180,0,-142.1229706,-58.42553666
a-129.6x-39.6,-129.6,-39.6,-180,0,-139.1295624,-58.99916253
a-126x-39.6,-126,-39.6,-180,0,-136.142868,-59.56439414
a-122.4x-39.6,-122.4,-39.6,-180,0,-133.1590881,-60.12087968
a-118.8x-39.6,-118.8,-39.6,-180,0,-130.1723175,-60.6680512
a-115.2x-39.6,-115.2,-39.6,-180,0,-127.1773376,-61.20418477
a-111.6x-39.6,-111.6,-39.6,-180,0,-124.1680679,-61.7269466
a-108x-39.6,-108,-39.6,-180,0,-121.1399002,-62.23466088
a-104.4x-39.6,-104.4,-39.6,-180,0,-118.0871735,-62.72360981
a-100.8x-39.6,-100.8,-39.6,-180,0,-115.0047607,-63.19005116
a-97.2x-39.6,-97.2,-39.6,-180,0,-111.8804626,-63.6247216
a-93.6x-39.6,-93.6,-39.6,-180,0,-108.698143,-64.01732821
a-90x-39.6,-90,-39.6,-180,0,-105.45755,-64.3634225
a-86.4x-39.6,-86.4,-39.6,-180,0,-102.1668243,-64.64734555
a-82.8x-39.6,-82.8,-39.6,-180,0,-98.9053726,-64.82506135
a-79.2x-39.6,-79.2,-39.6,-180,0,-95.8659592,-64.82166937
a-75.6x-39.6,-75.6,-39.6,-180,0,-93.4320831,-64.50320254
a-72x-39.6,-72,-39.6,-180,0,-91.8235474,-63.88990167
a-68.4x-39.6,-68.4,-39.6,-180,0,-90.9101791,-63.09973949
a-64.8x-39.6,-64.8,-39.6,-180,0,-89.8975372,-62.60935119
a-61.2x-39.6,-61.2,-39.6,-180,0,-88.6563721,-62.56505524
a-57.6x-39.6,-57.6,-39.6,-180,0,-87.3220825,-63.0028052
a-54x-39.6,-54,-39.6,-180,0,-85.6133881,-64.14888233
a-50.4x-39.6,-50.4,-39.6,-180,0,-83.2891083,-66.05901541
a-46.8x-39.6,-46.8,-39.6,-180,0,-79.9200745,-68.67693576
a-43.2x-39.6,-43.2,-39.6,-180,0,-75.8033981,-71.42874792
a-39.6x-39.6,-39.6,-39.6,-180,0,-71.2253494,-74.03886255
a-36x-39.6,-36,-39.6,-180,0,-66.2210541,-76.55245672
a-32.4x-39.6,-32.4,-39.6,-180,0,-60.8874016,-78.9539919
a-28.8x-39.6,-28.8,-39.6,-180,0,-55.2308159,-81.30146784
a-25.2x-39.6,-25.2,-39.6,-180,0,-49.3391571,-83.56597866
a-21.6x-39.6,-21.6,-39.6,-180,0,-43.3093681,-85.69737694
a-18x-39.6,-18,-39.6,-180,0,-37.2270012,-87.68035811
a-14.4x-39.6,-14.4,-39.6,-180,0,-31.1503639,-89.4999545
a-10.8x-39.6,-10.8,-39.6,-180,0,-25.115942,-91.15482224
a-7.2x-39.6,-7.2,-39.6,-180,0,-19.2185745,-92.63862763
a-3.6x-39.6,-3.6,-39.6,-180,0,-13.5711603,-93.89796346
a0x-39.6,0,-39.6,-180,0,-8.1420965,-94.87445712
a3.6x-39.6,3.6,-39.6,-180,0,-2.812145,-95.57714008
a7.2x-39.6,7.2,-39.6,-180,0,2.5268941,-96.08341074
a10.8x-39.6,10.8,-39.6,-180,0,7.8816004,-96.43555326
a14.4x-39.6,14.4,-39.6,-180,0,13.2292709,-96.66470611
a18x-39.6,18,-39.6,-180,0,18.5532703,-96.79706135
a21.6x-39.6,21.6,-39.6,-180,0,23.8688164,-96.85783085
a25.2x-39.6,25.2,-39.6,-180,0,29.2246704,-96.86437276
a28.8x-39.6,28.8,-39.6,-180,0,34.6845894,-96.82887159
a32.4x-39.6,32.4,-39.6,-180,0,40.1944351,-96.78012819
a36x-39.6,36,-39.6,-180,0,45.4916992,-96.74412885
a39.6x-39.6,39.6,-39.6,-180,0,50.2784271,-96.69214402
a43.2x-39.6,43.2,-39.6,-180,0,54.5985031,-96.5517202
a46.8x-39.6,46.8,-39.6,-180,0,58.7514343,-96.2831165
a50.4x-39.6,50.4,-39.6,-180,0,62.9252472,-95.89283238
a54x-39.6,54,-39.6,-180,0,67.155838,-95.37479125
a57.6x-39.6,57.6,-39.6,-180,0,71.4929886,-94.64434042
a61.2x-39.6,61.2,-39.6,-180,0,76.0087585,-93.79542289
a64.8x-39.6,64.8,-39.6,-180,0,80.6556778,-92.90686638
a68.4x-39.6,68.4,-39.6,-180,0,85.1552124,-92.05577196
a72x-39.6,72,-39.6,-180,0,89.3508606,-91.20070189
a75.6x-39.6,75.6,-39.6,-180,0,93.3483963,-90.26470602
a79.2x-39.6,79.2,-39.6,-180,0,97.2577362,-89.23738878
a82.8x-39.6,82.8,-39.6,-180,0,101.0980682,-88.13480802
a86.4x-39.6,86.4,-39.6,-180,0,104.9058609,-86.86286115
a90x-39.6,90,-39.6,-180,0,108.6457901,-85.50220912
a93.6x-39.6,93.6,-39.6,-180,0,112.3172531,-84.05026584
a97.2x-39.6,97.2,-39.6,-180,0,115.9228363,-82.4917045
a100.8x-39.6,100.8,-39.6,-180,0,119.4741516,-80.77869079
a104.4x-39.6,104.4,-39.6,-180,0,123.0077438,-78.82068813
a108x-39.6,108,-39.6,-180,0,126.4405136,-76.63098928
a111.6x-39.6,111.6,-39.6,-180,0,129.6719666,-74.30131675
a115.2x-39.6,115.2,-39.6,-180,0,132.6406708,-71.95362617
a118.8x-39.6,118.8,-39.6,-180,0,135.3024292,-69.75347075
a122.4x-39.6,122.4,-39.6,-180,0,137.6543427,-67.8632119
a126x-39.6,126,-39.6,-180,0,139.7793732,-66.32974098
a129.6x-39.6,129.6,-39.6,-180,0,141.7763367,-65.03697052
a133.2x-39.6,133.2,-39.6,-180,0,143.6260986,-64.00762101
a136.8x-39.6,136.8,-39.6,-180,0,145.3087616,-63.26608684
a140.4x-39.6,140.4,-39.6,-180,0,146.8087006,-62.98508767
a144x-39.6,144,-39.6,-180,0,148.2166748,-63.13713453
a147.6x-39.6,147.6,-39.6,-180,0,149.8457489,-63.69856106
a151.2x-39.6,151.2,-39.6,-180,0,152.0158844,-64.12483178
a154.8x-39.6,154.8,-39.6,-180,0,154.7030487,-64.18148221
a158.4x-39.6,158.4,-39.6,-180,0,157.8146057,-63.84211381
a162x-39.6,162,-39.6,-180,0,161.177475,-63.18579989
a165.6x-39.6,165.6,-39.6,-180,0,164.550766,-62.36257246
a169.2x-39.6,169.2,-39.6,-180,0,167.7506409,-61.50317558
a172.8x-39.6,172.8,-39.6,-180,0,170.7759552,-60.65271152
a176.4x-39.6,176.4,-39.6,-180,0,173.914978,-59.80555014
a-180x-36,-180,-36,-180,0,-183.6639709,-47.28362255
a-176.4x-36,-176.4,-36,-180,0,-180.361084,-47.7444579
a-172.8x-36,-172.8,-36,-180,0,-177.0817719,-48.22241228
a-169.2x-36,-169.2,-36,-180,0,-173.8314209,-48.71914941
a-165.6x-36,-165.6,-36,-180,0,-170.6084595,-49.23078109
a-162x-36,-162,-36,-180,0,-167.4117737,-49.75551006
a-158.4x-36,-158.4,-36,-180,0,-164.2420502,-50.29169284
a-154.8x-36,-154.8,-36,-180,0,-161.0993958,-50.83764991
a-151.2x-36,-151.2,-36,-180,0,-157.9852753,-51.3920292
a-147.6x-36,-147.6,-36,-180,0,-154.8995972,-51.95191341
a-144x-36,-144,-36,-180,0,-151.839859,-52.51480766
a-140.4x-36,-140.4,-36,-180,0,-148.8022919,-53.07894735
a-136.8x-36,-136.8,-36,-180,0,-145.783493,-53.6432807
a-133.2x-36,-133.2,-36,-180,0,-142.7815552,-54.2062875
a-129.6x-36,-129.6,-36,-180,0,-139.7915344,-54.76733519
a-126x-36,-126,-36,-180,0,-136.8075867,-55.32683272
a-122.4x-36,-122.4,-36,-180,0,-133.8261719,-55.8848081
a-118.8x-36,-118.8,-36,-180,0,-130.8405914,-56.44199392
a-115.2x-36,-115.2,-36,-180,0,-127.8446655,-56.9961309
a-111.6x-36,-111.6,-36,-180,0,-124.8320389,-57.54670913
a-108x-36,-108,-36,-180,0,-121.7976761,-58.09188716
a-104.4x-36,-104.4,-36,-180,0,-118.7361679,-58.62882892
a-100.8x-36,-100.8,-36,-180,0,-115.6398087,-59.15376876
a-97.2x-36,-97.2,-36,-180,0,-112.4947281,-59.65744153
a-93.6x-36,-93.6,-36,-180,0,-109.2904663,-60.13272891
a-90x-36,-90,-36,-180,0,-106.0275726,-60.56982968
a-86.4x-36,-86.4,-36,-180,0,-102.7099304,-60.95107941
a-82.8x-36,-82.8,-36,-180,0,-99.3937988,-61.22975533
a-79.2x-36,-79.2,-36,-180,0,-96.2441559,-61.31997572
a-75.6x-36,-75.6,-36,-180,0,-93.6487045,-61.08388146
a-72x-36,-72,-36,-180,0,-91.966835,-60.50241814
a-68.4x-36,-68.4,-36,-180,0,-91.0851898,-59.72355015
a-64.8x-36,-64.8,-36,-180,0,-90.3154984,-59.08402996
a-61.2x-36,-61.2,-36,-180,0,-89.2946167,-58.87118248
a-57.6x-36,-57.6,-36,-180,0,-88.2476578,-59.12583666
a-54x-36,-54,-36,-180,0,-86.8661423,-59.89811446
a-50.4x-36,-50.4,-36,-180,0,-85.2830734,-61.32763581
a-46.8x-36,-46.8,-36,-180,0,-82.6226959,-63.68011328
a-43.2x-36,-43.2,-36,-180,0,-78.7814941,-66.68322338
a-39.6x-36,-39.6,-36,-180,0,-74.1764297,-69.78973595
a-36x-36,-36,-36,-180,0,-69.1249084,-72.71600131
a-32.4x-36,-32.4,-36,-180,0,-63.7192726,-75.45445808
a-28.8x-36,-28.8,-36,-180,0,-57.9797668,-78.06389108
a-25.2x-36,-25.2,-36,-180,0,-52.0030479,-80.52255727
a-21.6x-36,-21.6,-36,-180,0,-45.8631058,-82.81009496
a-18x-36,-18,-36,-180,0,-39.630394,-84.92708874
a-14.4x-36,-14.4,-36,-180,0,-33.3827362,-86.85967459
a-10.8x-36,-10.8,-36,-180,0,-27.1712971,-88.60496273
a-7.2x-36,-7.2,-36,-180,0,-21.0526276,-90.16029402
a-3.6x-36,-3.6,-36,-180,0,-15.1116171,-91.49272492
a0x-36,0,-36,-180,0,-9.3551006,-92.56793421
a3.6x-36,3.6,-36,-180,0,-3.7093475,-93.37743953
a7.2x-36,7.2,-36,-180,0,1.8984396,-93.97206676
a10.8x-36,10.8,-36,-180,0,7.4743338,-94.37785442
a14.4x-36,14.4,-36,-180,0,12.9813814,-94.63668504
a18x-36,18,-36,-180,0,18.3985653,-94.78375342
a21.6x-36,21.6,-36,-180,0,23.7482796,-94.85417015
a25.2x-36,25.2,-36,-180,0,29.1023998,-94.87353625
a28.8x-36,28.8,-36,-180,0,34.5489159,-94.85392849
a32.4x-36,32.4,-36,-180,0,40.030941,-94.81363231
a36x-36,36,-36,-180,0,45.3200111,-94.76007302
a39.6x-36,39.6,-36,-180,0,50.203392,-94.65123744
a43.2x-36,43.2,-36,-180,0,54.7324181,-94.42652439
a46.8x-36,46.8,-36,-180,0,59.1198692,-94.07043615
a50.4x-36,50.4,-36,-180,0,63.5223656,-93.58476777
a54x-36,54,-36,-180,0,67.9841919,-92.95181521
a57.6x-36,57.6,-36,-180,0,72.5227432,-92.17443805
a61.2x-36,61.2,-36,-180,0,77.1433182,-91.2868761
a64.8x-36,64.8,-36,-180,0,81.7624817,-90.32641533
a68.4x-36,68.4,-36,-180,0,86.2522507,-89.32365661
a72x-36,72,-36,-180,0,90.5558395,-88.26738373
a75.6x-36,75.6,-36,-180,0,94.7163467,-87.11617722
a79.2x-36,79.2,-36,-180,0,98.7755966,-85.86755567
a82.8x-36,82.8,-36,-180,0,102.7476959,-84.53026845
a86.4x-36,86.4,-36,-180,0,106.635788,-83.10824831
a90x-36,90,-36,-180,0,110.4710236,-81.57731891
a93.6x-36,93.6,-36,-180,0,114.2368393,-79.94159017
a97.2x-36,97.2,-36,-180,0,117.9406586,-78.18155033
a100.8x-36,100.8,-36,-180,0,121.611084,-76.23542822
a104.4x-36,104.4,-36,-180,0,125.2800903,-74.01584972
a108x-36,108,-36,-180,0,128.8864288,-71.4903003
a111.6x-36,111.6,-36,-180,0,132.2425232,-68.80876861
a115.2x-36,115.2,-36,-180,0,135.2039795,-66.18031967
a118.8x-36,118.8,-36,-180,0,137.7279053,-63.81266333
a122.4x-36,122.4,-36,-180,0,139.872406,-61.86285144
a126x-36,126,-36,-180,0,141.7309418,-60.40461702
a129.6x-36,129.6,-36,-180,0,143.4472656,-59.290947
a133.2x-36,133.2,-36,-180,0,144.9697723,-58.58695232
a136.8x-36,136.8,-36,-180,0,146.3136597,-58.25806697
a140.4x-36,140.4,-36,-180,0,147.4721069,-58.39964709
a144x-36,144,-36,-180,0,148.5755463,-58.86631881
a147.6x-36,147.6,-36,-180,0,150.0032043,-59.66206215
a151.2x-36,151.2,-36,-180,0,152.1641693,-60.253984
a154.8x-36,154.8,-36,-180,0,154.9914551,-60.45623087
a158.4x-36,158.4,-36,-180,0,158.297821,-60.22859189
a162x-36,162,-36,-180,0,161.8240662,-59.67034279
a165.6x-36,165.6,-36,-180,0,165.2983398,-58.95667753
a169.2x-36,169.2,-36,-180,0,168.544754,-58.20885785
a172.8x-36,172.8,-36,-180,0,171.602951,-57.4294308
a176.4x-36,176.4,-36,-180,0,174.7185669,-56.58143292
a-180x-32.4,-180,-32.4,-180,0,-184.0961761,-43.50830401
a-176.4x-32.4,-176.4,-32.4,-180,0,-180.8129883,-43.93603118
a-172.8x-32.4,-172.8,-32.4,-180,0,-177.5540314,-44.37988633
a-169.2x-32.4,-169.2,-32.4,-180,0,-174.3234711,-44.84075609
a-165.6x-32.4,-165.6,-32.4,-180,0,-171.1195068,-45.31494835
a-162x-32.4,-162,-32.4,-180,0,-167.9410248,-45.80115689
a-158.4x-32.4,-158.4,-32.4,-180,0,-164.7885895,-46.29819817
a-154.8x-32.4,-154.8,-32.4,-180,0,-161.662323,-46.80487627
a-151.2x-32.4,-151.2,-32.4,-180,0,-158.5643768,-47.32078939
a-147.6x-32.4,-147.6,-32.4,-180,0,-155.4925842,-47.84340415
a-144x-32.4,-144,-32.4,-180,0,-152.4454803,-48.37184671
a-140.4x-32.4,-140.4,-32.4,-180,0,-149.4197235,-48.90503279
a-136.8x-32.4,-136.8,-32.4,-180,0,-146.4121704,-49.44263974
a-133.2x-32.4,-133.2,-32.4,-180,0,-143.4215546,-49.98450698
a-129.6x-32.4,-129.6,-32.4,-180,0,-140.4420319,-50.5307259
a-126x-32.4,-126,-32.4,-180,0,-137.4685059,-51.08201191
a-122.4x-32.4,-122.4,-32.4,-180,0,-134.4974823,-51.63902798
a-118.8x-32.4,-118.8,-32.4,-180,0,-131.521637,-52.20403654
a-115.2x-32.4,-115.2,-32.4,-180,0,-128.533844,-52.77590889
a-111.6x-32.4,-111.6,-32.4,-180,0,-125.5281372,-53.35391122
a-108x-32.4,-108,-32.4,-180,0,-122.4983444,-53.93680375
a-104.4x-32.4,-104.4,-32.4,-180,0,-119.4372253,-54.52255894
a-100.8x-32.4,-100.8,-32.4,-180,0,-116.3356552,-55.10728174
a-97.2x-32.4,-97.2,-32.4,-180,0,-113.1805573,-55.68289935
a-93.6x-32.4,-93.6,-32.4,-180,0,-109.9615784,-56.2415074
a-90x-32.4,-90,-32.4,-180,0,-106.6798401,-56.77098661
a-86.4x-32.4,-86.4,-32.4,-180,0,-103.3358154,-57.24995136
a-82.8x-32.4,-82.8,-32.4,-180,0,-99.9700623,-57.63328488
a-79.2x-32.4,-79.2,-32.4,-180,0,-96.7273407,-57.83552717
a-75.6x-32.4,-75.6,-32.4,-180,0,-93.9808502,-57.72221646
a-72x-32.4,-72,-32.4,-180,0,-92.2047272,-57.22352726
a-68.4x-32.4,-68.4,-32.4,-180,0,-91.321167,-56.53744454
a-64.8x-32.4,-64.8,-32.4,-180,0,-90.7021408,-55.85759287
a-61.2x-32.4,-61.2,-32.4,-180,0,-89.9540176,-55.51430122
a-57.6x-32.4,-57.6,-32.4,-180,0,-89.0230865,-55.62850533
a-54x-32.4,-54,-32.4,-180,0,-87.9373703,-56.1973807
a-50.4x-32.4,-50.4,-32.4,-180,0,-86.5711746,-57.28350072
a-46.8x-32.4,-46.8,-32.4,-180,0,-84.8641129,-58.94933734
a-43.2x-32.4,-43.2,-32.4,-180,0,-81.8232269,-61.68985981
a-39.6x-32.4,-39.6,-32.4,-180,0,-77.4090805,-65.16002049
a-36x-32.4,-36,-32.4,-180,0,-72.2671432,-68.59209044
a-32.4x-32.4,-32.4,-32.4,-180,0,-66.6955566,-71.78138773
a-28.8x-32.4,-28.8,-32.4,-180,0,-60.8052444,-74.72485822
a-25.2x-32.4,-25.2,-32.4,-180,0,-54.7011871,-77.42773211
a-21.6x-32.4,-21.6,-32.4,-180,0,-48.4147606,-79.91536721
a-18x-32.4,-18,-32.4,-180,0,-42.024601,-82.19503213
a-14.4x-32.4,-14.4,-32.4,-180,0,-35.596447,-84.25839604
a-10.8x-32.4,-10.8,-32.4,-180,0,-29.1824341,-86.10495598
a-7.2x-32.4,-7.2,-32.4,-180,0,-22.8431282,-87.73758994
a-3.6x-32.4,-3.6,-32.4,-180,0,-16.634409,-89.14053787
a0x-32.4,0,-32.4,-180,0,-10.5685768,-90.2924147
a3.6x-32.4,3.6,-32.4,-180,0,-4.6111321,-91.17591613
a7.2x-32.4,7.2,-32.4,-180,0,1.2782037,-91.83091666
a10.8x-32.4,10.8,-32.4,-180,0,7.0826221,-92.2812717
a14.4x-32.4,14.4,-32.4,-180,0,12.7520037,-92.56602493
a18x-32.4,18,-32.4,-180,0,18.2603474,-92.72692236
a21.6x-32.4,21.6,-32.4,-180,0,23.6431465,-92.80070394
a25.2x-32.4,25.2,-32.4,-180,0,29.0005589,-92.81884033
a28.8x-32.4,28.8,-32.4,-180,0,34.4533958,-92.79227084
a32.4x-32.4,32.4,-32.4,-180,0,39.9569626,-92.72019006
a36x-32.4,36,-32.4,-180,0,45.3026466,-92.5890206
a39.6x-32.4,39.6,-32.4,-180,0,50.3091927,-92.36800026
a43.2x-32.4,43.2,-32.4,-180,0,55.0015755,-92.03566595
a46.8x-32.4,46.8,-32.4,-180,0,59.5495071,-91.60825583
a50.4x-32.4,50.4,-32.4,-180,0,64.1450424,-91.06803175
a54x-32.4,54,-32.4,-180,0,68.8277283,-90.36005431
a57.6x-32.4,57.6,-32.4,-180,0,73.5627213,-89.488352
a61.2x-32.4,61.2,-32.4,-180,0,78.3154526,-88.4921591
a64.8x-32.4,64.8,-32.4,-180,0,83.0051193,-87.42164524
a68.4x-32.4,68.4,-32.4,-180,0,87.5528107,-86.29027469
a72x-32.4,72,-32.4,-180,0,91.9703751,-85.06683679
a75.6x-32.4,75.6,-32.4,-180,0,96.2603531,-83.74580152
a79.2x-32.4,79.2,-32.4,-180,0,100.4378586,-82.33026243
a82.8x-32.4,82.8,-32.4,-180,0,104.5192184,-80.82561205
a86.4x-32.4,86.4,-32.4,-180,0,108.5099487,-79.23288488
a90x-32.4,90,-32.4,-180,0,112.4175949,-77.5435867
a93.6x-32.4,93.6,-32.4,-180,0,116.2596359,-75.73953299
a97.2x-32.4,97.2,-32.4,-180,0,120.035614,-73.80252785
a100.8x-32.4,100.8,-32.4,-180,0,123.7838211,-71.67507631
a104.4x-32.4,104.4,-32.4,-180,0,127.5280457,-69.29261484
a108x-32.4,108,-32.4,-180,0,131.2113037,-66.62255404
a111.6x-32.4,111.6,-32.4,-180,0,134.5556335,-63.88678997
a115.2x-32.4,115.2,-32.4,-180,0,137.3826904,-61.34489568
a118.8x-32.4,118.8,-32.4,-180,0,139.6457825,-59.18861977
a122.4x-32.4,122.4,-32.4,-180,0,141.480011,-57.48251578
a126x-32.4,126,-32.4,-180,0,143.0532532,-56.23140644
a129.6x-32.4,129.6,-32.4,-180,0,144.4498596,-55.41153478
a133.2x-32.4,133.2,-32.4,-180,0,145.6601715,-55.0614601
a136.8x-32.4,136.8,-32.4,-180,0,146.7112732,-55.1019548
a140.4x-32.4,140.4,-32.4,-180,0,147.6104889,-55.52978189
a144x-32.4,144,-32.4,-180,0,148.5484924,-56.05934458
a147.6x-32.4,147.6,-32.4,-180,0,149.9329529,-56.67968975
a151.2x-32.4,151.2,-32.4,-180,0,152.156311,-57.0771273
a154.8x-32.4,154.8,-32.4,-180,0,155.1573181,-57.17147312
a158.4x-32.4,158.4,-32.4,-180,0,158.6851044,-56.88650888
a162x-32.4,162,-32.4,-180,0,162.3867798,-56.29977055
a165.6x-32.4,165.6,-32.4,-180,0,165.9493561,-55.61193649
a169.2x-32.4,169.2,-32.4,-180,0,169.252533,-54.92332755
a172.8x-32.4,172.8,-32.4,-180,0,172.3891296,-54.19349922
a176.4x-32.4,176.4,-32.4,-180,0,175.5581055,-53.36863725
a-180x-28.8,-180,-28.8,-180,0,-184.4956818,-39.71688581
a-176.4x-28.8,-176.4,-28.8,-180,0,-181.2311859,-40.11320976
a-172.8x-28.8,-172.8,-28.8,-180,0,-177.9914856,-40.52430278
a-169.2x-28.8,-169.2,-28.8,-180,0,-174.7789764,-40.94999366
a-165.6x-28.8,-165.6,-28.8,-180,0,-171.5926514,-41.38772784
a-162x-28.8,-162,-28.8,-180,0,-168.4314117,-41.83652467
a-158.4x-28.8,-158.4,-28.8,-180,0,-165.2957306,-42.29548534
a-154.8x-28.8,-154.8,-28.8,-180,0,-162.1860962,-42.76386539
a-151.2x-28.8,-151.2,-28.8,-180,0,-159.10495,-43.24210155
a-147.6x-28.8,-147.6,-28.8,-180,0,-156.0487518,-43.72791774
a-144x-28.8,-144,-28.8,-180,0,-153.0172272,-44.22150744
a-140.4x-28.8,-140.4,-28.8,-180,0,-150.0070953,-44.72255373
a-136.8x-28.8,-136.8,-28.8,-180,0,-147.0160522,-45.23161416
a-133.2x-28.8,-133.2,-28.8,-180,0,-144.0422668,-45.75013795
a-129.6x-28.8,-129.6,-28.8,-180,0,-141.0800323,-46.27840638
a-126x-28.8,-126,-28.8,-180,0,-138.1246033,-46.81795168
a-122.4x-28.8,-122.4,-28.8,-180,0,-135.1721497,-47.37042618
a-118.8x-28.8,-118.8,-28.8,-180,0,-132.2151642,-47.94083921
a-115.2x-28.8,-115.2,-28.8,-180,0,-129.2458954,-48.52759606
a-111.6x-28.8,-111.6,-28.8,-180,0,-126.257431,-49.13132966
a-108x-28.8,-108,-28.8,-180,0,-123.242485,-49.75175689
a-104.4x-28.8,-104.4,-28.8,-180,0,-120.1925888,-50.38744892
a-100.8x-28.8,-100.8,-28.8,-180,0,-117.0945511,-51.0351836
a-97.2x-28.8,-97.2,-28.8,-180,0,-113.9371872,-51.68842812
a-93.6x-28.8,-93.6,-28.8,-180,0,-110.7073364,-52.33686084
a-90x-28.8,-90,-28.8,-180,0,-107.407341,-52.96572901
a-86.4x-28.8,-86.4,-28.8,-180,0,-104.0354385,-53.5526359
a-82.8x-28.8,-82.8,-28.8,-180,0,-100.6259689,-54.05880874
a-79.2x-28.8,-79.2,-28.8,-180,0,-97.3103638,-54.40735251
a-75.6x-28.8,-75.6,-28.8,-180,0,-94.4421997,-54.48465466
a-72x-28.8,-72,-28.8,-180,0,-92.5355911,-54.22343897
a-68.4x-28.8,-68.4,-28.8,-180,0,-91.6357574,-53.74428612
a-64.8x-28.8,-64.8,-28.8,-180,0,-91.0509644,-53.24293412
a-61.2x-28.8,-61.2,-28.8,-180,0,-90.4581146,-52.92235142
a-57.6x-28.8,-57.6,-28.8,-180,0,-89.6323318,-52.90867641
a-54x-28.8,-54,-28.8,-180,0,-88.7766724,-53.16582761
a-50.4x-28.8,-50.4,-28.8,-180,0,-87.5080643,-53.88175438
a-46.8x-28.8,-46.8,-28.8,-180,0,-86.2215271,-55.04728665
a-43.2x-28.8,-43.2,-28.8,-180,0,-84.1985626,-57.09117275
a-39.6x-28.8,-39.6,-28.8,-180,0,-80.6080551,-60.32751932
a-36x-28.8,-36,-28.8,-180,0,-75.5823059,-64.18031682
a-32.4x-28.8,-32.4,-28.8,-180,0,-69.8322144,-67.92996551
a-28.8x-28.8,-28.8,-28.8,-180,0,-63.7709007,-71.26411817
a-25.2x-28.8,-25.2,-28.8,-180,0,-57.4530907,-74.29153234
a-21.6x-28.8,-21.6,-28.8,-180,0,-50.9752159,-77.02065942
a-18x-28.8,-18,-28.8,-180,0,-44.4134712,-79.48021323
a-14.4x-28.8,-14.4,-28.8,-180,0,-37.7911224,-81.70192831
a-10.8x-28.8,-10.8,-28.8,-180,0,-31.164587,-83.68125178
a-7.2x-28.8,-7.2,-28.8,-180,0,-24.5911255,-85.4027687
a-3.6x-28.8,-3.6,-28.8,-180,0,-18.1194649,-86.87203717
a0x-28.8,0,-28.8,-180,0,-11.7591171,-88.09473128
a3.6x-28.8,3.6,-28.8,-180,0,-5.5007987,-89.04706815
a7.2x-28.8,7.2,-28.8,-180,0,0.6622826,-89.7583102
a10.8x-28.8,10.8,-28.8,-180,0,6.6826859,-90.25259044
a14.4x-28.8,14.4,-28.8,-180,0,12.5023289,-90.57126893
a18x-28.8,18,-28.8,-180,0,18.106411,-90.76254468
a21.6x-28.8,21.6,-28.8,-180,0,23.5545254,-90.85692336
a25.2x-28.8,25.2,-28.8,-180,0,28.9637337,-90.86696128
a28.8x-28.8,28.8,-28.8,-180,0,34.4762535,-90.79349991
a32.4x-28.8,32.4,-28.8,-180,0,40.0791702,-90.64088443
a36x-28.8,36,-28.8,-180,0,45.5510597,-90.39040406
a39.6x-28.8,39.6,-28.8,-180,0,50.6664238,-90.02736494
a43.2x-28.8,43.2,-28.8,-180,0,55.4127159,-89.57655427
a46.8x-28.8,46.8,-28.8,-180,0,59.9943848,-89.08746795
a50.4x-28.8,50.4,-28.8,-180,0,64.7378616,-88.50898546
a54x-28.8,54,-28.8,-180,0,69.6553497,-87.74098865
a57.6x-28.8,57.6,-28.8,-180,0,74.6109848,-86.78742677
a61.2x-28.8,61.2,-28.8,-180,0,79.5316162,-85.68767291
a64.8x-28.8,64.8,-28.8,-180,0,84.3490448,-84.4829486
a68.4x-28.8,68.4,-28.8,-180,0,89.0215454,-83.18786784
a72x-28.8,72,-28.8,-180,0,93.5468063,-81.79797597
a75.6x-28.8,75.6,-28.8,-180,0,97.945015,-80.31210493
a79.2x-28.8,79.2,-28.8,-180,0,102.2269058,-78.73348728
a82.8x-28.8,82.8,-28.8,-180,0,106.400322,-77.06514182
a86.4x-28.8,86.4,-28.8,-180,0,110.4719315,-75.3053685
a90x-28.8,90,-28.8,-180,0,114.4483414,-73.447692
a93.6x-28.8,93.6,-28.8,-180,0,118.3503113,-71.47749604
a97.2x-28.8,97.2,-28.8,-180,0,122.1800385,-69.37279865
a100.8x-28.8,100.8,-28.8,-180,0,125.9381561,-67.11938895
a104.4x-28.8,104.4,-28.8,-180,0,129.6333771,-64.72981688
a108x-28.8,108,-28.8,-180,0,133.1477509,-62.30584143
a111.6x-28.8,111.6,-28.8,-180,0,136.2841949,-59.98967738
a115.2x-28.8,115.2,-28.8,-180,0,138.8505554,-57.98138897
a118.8x-28.8,118.8,-28.8,-180,0,140.83638,-56.34035632
a122.4x-28.8,122.4,-28.8,-180,0,142.3844604,-55.05793349
a126x-28.8,126,-28.8,-180,0,143.7234344,-54.10573935
a129.6x-28.8,129.6,-28.8,-180,0,144.8945313,-53.51995425
a133.2x-28.8,133.2,-28.8,-180,0,145.9255371,-53.28364029
a136.8x-28.8,136.8,-28.8,-180,0,146.8114777,-53.34862079
a140.4x-28.8,140.4,-28.8,-180,0,147.5743561,-53.76333549
a144x-28.8,144,-28.8,-180,0,148.4975433,-54.15061397
a147.6x-28.8,147.6,-28.8,-180,0,149.965332,-54.38060745
a151.2x-28.8,151.2,-28.8,-180,0,152.2953796,-54.35370935
a154.8x-28.8,154.8,-28.8,-180,0,155.4573212,-54.18349403
a158.4x-28.8,158.4,-28.8,-180,0,159.1716003,-53.76831373
a162x-28.8,162,-28.8,-180,0,162.9927216,-53.09581901
a165.6x-28.8,165.6,-28.8,-180,0,166.5862885,-52.35285947
a169.2x-28.8,169.2,-28.8,-180,0,169.9221954,-51.63659399
a172.8x-28.8,172.8,-28.8,-180,0,173.1591492,-50.86089303
a176.4x-28.8,176.4,-28.8,-180,0,176.4175568,-50.0003383
a-180x-25.2,-180,-25.2,-180,0,-184.8652802,-35.91135925
a-176.4x-25.2,-176.4,-25.2,-180,0,-181.6176453,-36.27705796
a-172.8x-25.2,-172.8,-25.2,-180,0,-178.3953094,-36.6561451
a-169.2x-25.2,-169.2,-25.2,-180,0,-175.1993713,-37.04765305
a-165.6x-25.2,-165.6,-25.2,-180,0,-172.0293427,-37.44973803
a-162x-25.2,-162,-25.2,-180,0,-168.8844299,-37.8616549
a-158.4x-25.2,-158.4,-25.2,-180,0,-165.7649994,-38.28284283
a-154.8x-25.2,-154.8,-25.2,-180,0,-162.6727295,-38.71322323
a-151.2x-25.2,-151.2,-25.2,-180,0,-159.6082611,-39.15310869
a-147.6x-25.2,-147.6,-25.2,-180,0,-156.569046,-39.60115417
a-144x-25.2,-144,-25.2,-180,0,-153.5555115,-40.05841099
a-140.4x-25.2,-140.4,-25.2,-180,0,-150.564209,-40.52517626
a-136.8x-25.2,-136.8,-25.2,-180,0,-147.594223,-41.0031289
a-133.2x-25.2,-133.2,-25.2,-180,0,-144.6423035,-41.49441635
a-129.6x-25.2,-129.6,-25.2,-180,0,-141.7035675,-42.00027104
a-126x-25.2,-126,-25.2,-180,0,-138.7735901,-42.52317844
a-122.4x-25.2,-122.4,-25.2,-180,0,-135.848114,-43.06603118
a-118.8x-25.2,-118.8,-25.2,-180,0,-132.9197998,-43.63620073
a-115.2x-25.2,-115.2,-25.2,-180,0,-129.9796753,-44.23375221
a-111.6x-25.2,-111.6,-25.2,-180,0,-127.0196152,-44.86057448
a-108x-25.2,-108,-25.2,-180,0,-124.0309601,-45.51775897
a-104.4x-25.2,-104.4,-25.2,-180,0,-121.0021133,-46.20550713
a-100.8x-25.2,-100.8,-25.2,-180,0,-117.9167938,-46.92238492
a-97.2x-25.2,-97.2,-25.2,-180,0,-114.763649,-47.66141289
a-93.6x-25.2,-93.6,-25.2,-180,0,-111.5245819,-48.41203008
a-90x-25.2,-90,-25.2,-180,0,-108.2020264,-49.15416
a-86.4x-25.2,-86.4,-25.2,-180,0,-104.7969437,-49.86266563
a-82.8x-25.2,-82.8,-25.2,-180,0,-101.3476944,-50.50374219
a-79.2x-25.2,-79.2,-25.2,-180,0,-97.9894791,-51.01907341
a-75.6x-25.2,-75.6,-25.2,-180,0,-95.0551071,-51.32908361
a-72x-25.2,-72,-25.2,-180,0,-93.0269241,-51.4116233
a-68.4x-25.2,-68.4,-25.2,-180,0,-92.0657806,-51.24735407
a-64.8x-25.2,-64.8,-25.2,-180,0,-91.4260788,-51.06774137
a-61.2x-25.2,-61.2,-25.2,-180,0,-90.8754044,-50.89388867
a-57.6x-25.2,-57.6,-25.2,-180,0,-90.1881027,-50.82032051
a-54x-25.2,-54,-25.2,-180,0,-89.3426743,-50.92224032
a-50.4x-25.2,-50.4,-25.2,-180,0,-88.3245697,-51.2942228
a-46.8x-25.2,-46.8,-25.2,-180,0,-87.0288239,-52.1432936
a-43.2x-25.2,-43.2,-25.2,-180,0,-85.7134247,-53.4132265
a-39.6x-25.2,-39.6,-25.2,-180,0,-83.2869034,-55.83579024
a-36x-25.2,-36,-25.2,-180,0,-78.8256912,-59.66568197
a-32.4x-25.2,-32.4,-25.2,-180,0,-73.0388107,-63.88472401
a-28.8x-25.2,-28.8,-25.2,-180,0,-66.7622299,-67.72302956
a-25.2x-25.2,-25.2,-25.2,-180,0,-60.2357559,-71.12769121
a-21.6x-25.2,-21.6,-25.2,-180,0,-53.5811043,-74.10575928
a-18x-25.2,-18,-25.2,-180,0,-46.8112831,-76.78140928
a-14.4x-25.2,-14.4,-25.2,-180,0,-39.978569,-79.1718196
a-10.8x-25.2,-10.8,-25.2,-180,0,-33.135788,-81.28533888
a-7.2x-25.2,-7.2,-25.2,-180,0,-26.325964,-83.13302457
a-3.6x-25.2,-3.6,-25.2,-180,0,-19.5851727,-84.70108895
a0x-25.2,0,-25.2,-180,0,-12.9377346,-86.00066907
a3.6x-25.2,3.6,-25.2,-180,0,-6.3850975,-87.01675205
a7.2x-25.2,7.2,-25.2,-180,0,0.0420828,-87.7803714
a10.8x-25.2,10.8,-25.2,-180,0,6.2597103,-88.31641271
a14.4x-25.2,14.4,-25.2,-180,0,12.212841,-88.66352511
a18x-25.2,18,-25.2,-180,0,17.9168587,-88.87735708
a21.6x-25.2,21.6,-25.2,-180,0,23.46381,-88.98568011
a25.2x-25.2,25.2,-25.2,-180,0,28.9729004,-88.99257881
a28.8x-25.2,28.8,-25.2,-180,0,34.5854874,-88.89189374
a32.4x-25.2,32.4,-25.2,-180,0,40.3269043,-88.68950081
a36x-25.2,36,-25.2,-180,0,45.9739342,-88.36475164
a39.6x-25.2,39.6,-25.2,-180,0,51.2186241,-87.91361463
a43.2x-25.2,43.2,-25.2,-180,0,55.9714241,-87.37715634
a46.8x-25.2,46.8,-25.2,-180,0,60.4732933,-86.80705
a50.4x-25.2,50.4,-25.2,-180,0,65.3100586,-86.13332276
a54x-25.2,54,-25.2,-180,0,70.4798889,-85.24125395
a57.6x-25.2,57.6,-25.2,-180,0,75.6899872,-84.1490812
a61.2x-25.2,61.2,-25.2,-180,0,80.8203049,-82.90521724
a64.8x-25.2,64.8,-25.2,-180,0,85.800087,-81.54040379
a68.4x-25.2,68.4,-25.2,-180,0,90.6115112,-80.07378153
a72x-25.2,72,-25.2,-180,0,95.2619781,-78.51003152
a75.6x-25.2,75.6,-25.2,-180,0,99.761467,-76.84924877
a79.2x-25.2,79.2,-25.2,-180,0,104.1332397,-75.09637925
a82.8x-25.2,82.8,-25.2,-180,0,108.3928299,-73.25220317
a86.4x-25.2,86.4,-25.2,-180,0,112.5414734,-71.31123712
a90x-25.2,90,-25.2,-180,0,116.5857086,-69.26469215
a93.6x-25.2,93.6,-25.2,-180,0,120.5235901,-67.10624766
a97.2x-25.2,97.2,-25.2,-180,0,124.3740234,-64.8327346
a100.8x-25.2,100.8,-25.2,-180,0,128.0895233,-62.47310062
a104.4x-25.2,104.4,-25.2,-180,0,131.5851135,-60.16233143
a108x-25.2,108,-25.2,-180,0,134.7428436,-58.13827433
a111.6x-25.2,111.6,-25.2,-180,0,137.4595184,-56.5433704
a115.2x-25.2,115.2,-25.2,-180,0,139.687439,-55.34565402
a118.8x-25.2,118.8,-25.2,-180,0,141.4634247,-54.40465457
a122.4x-25.2,122.4,-25.2,-180,0,142.864151,-53.68200389
a126x-25.2,126,-25.2,-180,0,144.0443268,-53.11903586
a129.6x-25.2,129.6,-25.2,-180,0,145.0422516,-52.77020274
a133.2x-25.2,133.2,-25.2,-180,0,145.9479675,-52.58914136
a136.8x-25.2,136.8,-25.2,-180,0,146.8133392,-52.4704233
a140.4x-25.2,140.4,-25.2,-180,0,147.6626434,-52.46368168
a144x-25.2,144,-25.2,-180,0,148.699707,-52.3222214
a147.6x-25.2,147.6,-25.2,-180,0,150.2558899,-52.10363035
a151.2x-25.2,151.2,-25.2,-180,0,152.6250153,-51.83224385
a154.8x-25.2,154.8,-25.2,-180,0,155.8920746,-51.46962254
a158.4x-25.2,158.4,-25.2,-180,0,159.7659149,-50.83300486
a162x-25.2,162,-25.2,-180,0,163.647995,-50.02239252
a165.6x-25.2,165.6,-25.2,-180,0,167.2558441,-49.19719387
a169.2x-25.2,169.2,-25.2,-180,0,170.6237793,-48.37929273
a172.8x-25.2,172.8,-25.2,-180,0,173.9636383,-47.48494627
a176.4x-25.2,176.4,-25.2,-180,0,177.2827148,-46.55436877
a-180x-21.6,-180,-21.6,-180,0,-185.2071838,-32.09393563
a-176.4x-21.6,-176.4,-21.6,-180,0,-181.9747162,-32.42954163
a-172.8x-21.6,-172.8,-21.6,-180,0,-178.7680359,-32.7768656
a-169.2x-21.6,-169.2,-21.6,-180,0,-175.5872192,-33.1344088
a-165.6x-21.6,-165.6,-21.6,-180,0,-172.432251,-33.50102731
a-162x-21.6,-162,-21.6,-180,0,-169.3026733,-33.87615656
a-158.4x-21.6,-158.4,-21.6,-180,0,-166.1988525,-34.25946005
a-154.8x-21.6,-154.8,-21.6,-180,0,-163.1235962,-34.65142061
a-151.2x-21.6,-151.2,-21.6,-180,0,-160.0761414,-35.05205999
a-147.6x-21.6,-147.6,-21.6,-180,0,-157.0548401,-35.4609093
a-144x-21.6,-144,-21.6,-180,0,-154.0609436,-35.87948512
a-140.4x-21.6,-140.4,-21.6,-180,0,-151.0909119,-36.30876122
a-136.8x-21.6,-136.8,-21.6,-180,0,-148.1454163,-36.75186693
a-133.2x-21.6,-133.2,-21.6,-180,0,-145.2198029,-37.21122172
a-129.6x-21.6,-129.6,-21.6,-180,0,-142.3100891,-37.68915286
a-126x-21.6,-126,-21.6,-180,0,-139.4122772,-38.189201
a-122.4x-21.6,-122.4,-21.6,-180,0,-136.5214996,-38.71459589
a-118.8x-21.6,-118.8,-21.6,-180,0,-133.6313171,-39.27948147
a-115.2x-21.6,-115.2,-21.6,-180,0,-130.7306976,-39.8825073
a-111.6x-21.6,-111.6,-21.6,-180,0,-127.8103714,-40.52806801
a-108x-21.6,-108,-21.6,-180,0,-124.8600388,-41.21965867
a-104.4x-21.6,-104.4,-21.6,-180,0,-121.8623123,-41.96236687
a-100.8x-21.6,-100.8,-21.6,-180,0,-118.8018036,-42.7544107
a-97.2x-21.6,-97.2,-21.6,-180,0,-115.6597061,-43.59133816
a-93.6x-21.6,-93.6,-21.6,-180,0,-112.4101486,-44.46413947
a-90x-21.6,-90,-21.6,-180,0,-109.0532684,-45.34466117
a-86.4x-21.6,-86.4,-21.6,-180,0,-105.597641,-46.20231628
a-82.8x-21.6,-82.8,-21.6,-180,0,-102.1044922,-47.00518205
a-79.2x-21.6,-79.2,-21.6,-180,0,-98.7420959,-47.7189378
a-75.6x-21.6,-75.6,-21.6,-180,0,-95.8245926,-48.30128939
a-72x-21.6,-72,-21.6,-180,0,-93.7711258,-48.74965814
a-68.4x-21.6,-68.4,-21.6,-180,0,-92.6723251,-48.990973
a-64.8x-21.6,-64.8,-21.6,-180,0,-91.9321365,-49.14278225
a-61.2x-21.6,-61.2,-21.6,-180,0,-91.3182831,-49.20345726
a-57.6x-21.6,-57.6,-21.6,-180,0,-90.6212158,-49.24820649
a-54x-21.6,-54,-21.6,-180,0,-89.7148132,-49.38952236
a-50.4x-21.6,-50.4,-21.6,-180,0,-88.8426819,-49.61713378
a-46.8x-21.6,-46.8,-21.6,-180,0,-87.5722046,-50.14900818
a-43.2x-21.6,-43.2,-21.6,-180,0,-86.4946365,-50.9152733
a-39.6x-21.6,-39.6,-21.6,-180,0,-84.9058304,-52.4226952
a-36x-21.6,-36,-21.6,-180,0,-81.6293945,-55.40090675
a-32.4x-21.6,-32.4,-21.6,-180,0,-76.2027359,-59.74623095
a-28.8x-21.6,-28.8,-21.6,-180,0,-69.723877,-64.11636795
a-25.2x-21.6,-25.2,-21.6,-180,0,-63.0248871,-67.89186859
a-21.6x-21.6,-21.6,-21.6,-180,0,-56.186657,-71.18531799
a-18x-21.6,-18,-21.6,-180,0,-49.2013855,-74.09796185
a-14.4x-21.6,-14.4,-21.6,-180,0,-42.1629829,-76.67488523
a-10.8x-21.6,-10.8,-21.6,-180,0,-35.0979691,-78.94699295
a-7.2x-21.6,-7.2,-21.6,-180,0,-28.0468578,-80.92479359
a-3.6x-21.6,-3.6,-21.6,-180,0,-21.0450172,-82.59796517
a0x-21.6,0,-21.6,-180,0,-14.1180592,-83.97474357
a3.6x-21.6,3.6,-21.6,-180,0,-7.2850299,-85.05571298
a7.2x-21.6,7.2,-21.6,-180,0,-0.6093852,-85.87650265
a10.8x-21.6,10.8,-21.6,-180,0,5.7945051,-86.45742273
a14.4x-21.6,14.4,-21.6,-180,0,11.8776627,-86.82828488
a18x-21.6,18,-21.6,-180,0,17.6871471,-87.05059639
a21.6x-21.6,21.6,-21.6,-180,0,23.3455811,-87.1561435
a25.2x-21.6,25.2,-21.6,-180,0,28.9737339,-87.15923337
a28.8x-21.6,28.8,-21.6,-180,0,34.6950378,-87.05717806
a32.4x-21.6,32.4,-21.6,-180,0,40.5496445,-86.84687006
a36x-21.6,36,-21.6,-180,0,46.3402328,-86.50654368
a39.6x-21.6,39.6,-21.6,-180,0,51.7337303,-86.03893977
a43.2x-21.6,43.2,-21.6,-180,0,56.5640907,-85.46566122
a46.8x-21.6,46.8,-21.6,-180,0,61.0529366,-84.80495414
a50.4x-21.6,50.4,-21.6,-180,0,65.9904175,-83.97162938
a54x-21.6,54,-21.6,-180,0,71.4182205,-82.88141573
a57.6x-21.6,57.6,-21.6,-180,0,76.8933411,-81.58781526
a61.2x-21.6,61.2,-21.6,-180,0,82.2331543,-80.14541366
a64.8x-21.6,64.8,-21.6,-180,0,87.374115,-78.59054222
a68.4x-21.6,68.4,-21.6,-180,0,92.3249435,-76.93788281
a72x-21.6,72,-21.6,-180,0,97.0957031,-75.19008194
a75.6x-21.6,75.6,-21.6,-180,0,101.700737,-73.34597863
a79.2x-21.6,79.2,-21.6,-180,0,106.1582794,-71.40772818
a82.8x-21.6,82.8,-21.6,-180,0,110.4997406,-69.37454226
a86.4x-21.6,86.4,-21.6,-180,0,114.7313843,-67.23821721
a90x-21.6,90,-21.6,-180,0,118.8600769,-64.98127466
a93.6x-21.6,93.6,-21.6,-180,0,122.8722763,-62.58953311
a97.2x-21.6,97.2,-21.6,-180,0,126.7172775,-60.09940315
a100.8x-21.6,100.8,-21.6,-180,0,130.3120575,-57.66443476
a104.4x-21.6,104.4,-21.6,-180,0,133.5242615,-55.47916065
a108x-21.6,108,-21.6,-180,0,136.2641602,-53.81474125
a111.6x-21.6,111.6,-21.6,-180,0,138.563736,-52.75152087
a115.2x-21.6,115.2,-21.6,-180,0,140.4727478,-52.14629288
a118.8x-21.6,118.8,-21.6,-180,0,142.0371704,-51.80616807
a122.4x-21.6,122.4,-21.6,-180,0,143.2866058,-51.66041766
a126x-21.6,126,-21.6,-180,0,144.3537598,-51.51348523
a129.6x-21.6,129.6,-21.6,-180,0,145.2553558,-51.41064027
a133.2x-21.6,133.2,-21.6,-180,0,146.1127319,-51.26621919
a136.8x-21.6,136.8,-21.6,-180,0,147.010498,-50.9706961
a140.4x-21.6,140.4,-21.6,-180,0,147.9327698,-50.6440293
a144x-21.6,144,-21.6,-180,0,149.0159454,-50.09353615
a147.6x-21.6,147.6,-21.6,-180,0,150.6223297,-49.59206218
a151.2x-21.6,151.2,-21.6,-180,0,153.0832825,-49.28360712
a154.8x-21.6,154.8,-21.6,-180,0,156.5264587,-48.77994094
a158.4x-21.6,158.4,-21.6,-180,0,160.5152435,-47.92275322
a162x-21.6,162,-21.6,-180,0,164.4097748,-46.93075377
a165.6x-21.6,165.6,-21.6,-180,0,167.9940338,-45.96397761
a169.2x-21.6,169.2,-21.6,-180,0,171.3947601,-45.04284599
a172.8x-21.6,172.8,-21.6,-180,0,174.8028412,-44.08388038
a176.4x-21.6,176.4,-21.6,-180,0,178.1422577,-43.1318174
a-180x-18,-180,-18,-180,0,-185.52211,-28.26555899
a-176.4x-18,-176.4,-18,-180,0,-182.3032837,-28.57158949
a-172.8x-18,-172.8,-18,-180,0,-179.1103516,-28.88739851
a-169.2x-18,-169.2,-18,-180,0,-175.9431152,-29.2113253
a-165.6x-18,-165.6,-18,-180,0,-172.8018646,-29.5426101
a-162x-18,-162,-18,-180,0,-169.6864319,-29.88080812
a-158.4x-18,-158.4,-18,-180,0,-166.5973358,-30.22568064
a-154.8x-18,-154.8,-18,-180,0,-163.5384064,-30.57811859
a-151.2x-18,-151.2,-18,-180,0,-160.5078735,-30.93797207
a-147.6x-18,-147.6,-18,-180,0,-157.5048981,-31.30540185
a-144x-18,-144,-18,-180,0,-154.5316162,-31.68224749
a-140.4x-18,-140.4,-18,-180,0,-151.5847168,-32.07009697
a-136.8x-18,-136.8,-18,-180,0,-148.6664886,-32.47348267
a-133.2x-18,-133.2,-18,-180,0,-145.7710724,-32.89471216
a-129.6x-18,-129.6,-18,-180,0,-142.8952789,-33.33744797
a-126x-18,-126,-18,-180,0,-140.0351105,-33.80522044
a-122.4x-18,-122.4,-18,-180,0,-137.1875763,-34.3068852
a-118.8x-18,-118.8,-18,-180,0,-134.3449097,-34.85725553
a-115.2x-18,-115.2,-18,-180,0,-131.4951477,-35.45726893
a-111.6x-18,-111.6,-18,-180,0,-128.6274719,-36.11440739
a-108x-18,-108,-18,-180,0,-125.7292786,-36.83626503
a-104.4x-18,-104.4,-18,-180,0,-122.7772598,-37.63552771
a-100.8x-18,-100.8,-18,-180,0,-119.7548523,-38.50884587
a-97.2x-18,-97.2,-18,-180,0,-116.6335831,-39.45929945
a-93.6x-18,-93.6,-18,-180,0,-113.3720169,-40.48604045
a-90x-18,-90,-18,-180,0,-109.9615936,-41.55544793
a-86.4x-18,-86.4,-18,-180,0,-106.426033,-42.62695603
a-82.8x-18,-82.8,-18,-180,0,-102.876564,-43.66695669
a-79.2x-18,-79.2,-18,-180,0,-99.5311966,-44.63832393
a-75.6x-18,-75.6,-18,-180,0,-96.7109375,-45.5130686
a-72x-18,-72,-18,-180,0,-94.7198563,-46.28100371
a-68.4x-18,-68.4,-18,-180,0,-93.4534912,-46.91027414
a-64.8x-18,-64.8,-18,-180,0,-92.5724564,-47.35943998
a-61.2x-18,-61.2,-18,-180,0,-91.8144913,-47.68865829
a-57.6x-18,-57.6,-18,-180,0,-91.0045319,-47.95355851
a-54x-18,-54,-18,-180,0,-89.9951096,-48.23706878
a-50.4x-18,-50.4,-18,-180,0,-89.1509552,-48.45080223
a-46.8x-18,-46.8,-18,-180,0,-88.0461349,-48.78078609
a-43.2x-18,-43.2,-18,-180,0,-86.9626999,-49.22837125
a-39.6x-18,-39.6,-18,-180,0,-85.7699127,-49.94637529
a-36x-18,-36,-18,-180,0,-83.4929199,-51.96846382
a-32.4x-18,-32.4,-18,-180,0,-78.981369,-55.7862401
a-28.8x-18,-28.8,-18,-180,0,-72.7098618,-60.39704024
a-25.2x-18,-25.2,-18,-180,0,-65.7886963,-64.6258506
a-21.6x-18,-21.6,-18,-180,0,-58.7340775,-68.25146347
a-18x-18,-18,-18,-180,0,-51.6131592,-71.41251109
a-14.4x-18,-14.4,-18,-180,0,-44.3612671,-74.19510107
a-10.8x-18,-10.8,-18,-180,0,-37.0643425,-76.63370758
a-7.2x-18,-7.2,-18,-180,0,-29.7702618,-78.74398431
a-3.6x-18,-3.6,-18,-180,0,-22.5153351,-80.54584155
a0x-18,0,-18,-180,0,-15.3154144,-82.01587635
a3.6x-18,3.6,-18,-180,0,-8.2149286,-83.1724141
a7.2x-18,7.2,-18,-180,0,-1.3036512,-84.04451848
a10.8x-18,10.8,-18,-180,0,5.2824764,-84.65826832
a14.4x-18,14.4,-18,-180,0,11.5007191,-85.05086824
a18x-18,18,-18,-180,0,17.4200706,-85.28362594
a21.6x-18,21.6,-18,-180,0,23.1886024,-85.3981609
a25.2x-18,25.2,-18,-180,0,28.9317951,-85.40817325
a28.8x-18,28.8,-18,-180,0,34.7486763,-85.3082469
a32.4x-18,32.4,-18,-180,0,40.6759186,-85.10068813
a36x-18,36,-18,-180,0,46.5723724,-84.77152326
a39.6x-18,39.6,-18,-180,0,52.1341286,-84.30712802
a43.2x-18,43.2,-18,-180,0,57.1776733,-83.69887382
a46.8x-18,46.8,-18,-180,0,61.8553391,-82.92591094
a50.4x-18,50.4,-18,-180,0,66.9509506,-81.88717301
a54x-18,54,-18,-180,0,72.6003723,-80.55924217
a57.6x-18,57.6,-18,-180,0,78.2956009,-79.03546733
a61.2x-18,61.2,-18,-180,0,83.8214035,-77.37486773
a64.8x-18,64.8,-18,-180,0,89.1002045,-75.6109871
a68.4x-18,68.4,-18,-180,0,94.1567688,-73.7599871
a72x-18,72,-18,-180,0,99.0371933,-71.81941455
a75.6x-18,75.6,-18,-180,0,103.7426376,-69.78532252
a79.2x-18,79.2,-18,-180,0,108.2970963,-67.65584951
a82.8x-18,82.8,-18,-180,0,112.7257004,-65.42665711
a86.4x-18,86.4,-18,-180,0,117.0525131,-63.08704921
a90x-18,90,-18,-180,0,121.2971268,-60.60725592
a93.6x-18,93.6,-18,-180,0,125.421524,-57.97015936
a97.2x-18,97.2,-18,-180,0,129.2708282,-55.27001324
a100.8x-18,100.8,-18,-180,0,132.6349792,-52.88434037
a104.4x-18,104.4,-18,-180,0,135.4530945,-50.98692157
a108x-18,108,-18,-180,0,137.769043,-49.63732216
a111.6x-18,111.6,-18,-180,0,139.6905365,-48.85417707
a115.2x-18,115.2,-18,-180,0,141.3192749,-48.46655756
a118.8x-18,118.8,-18,-180,0,142.6853943,-48.3526192
a122.4x-18,122.4,-18,-180,0,143.7998962,-48.50387862
a126x-18,126,-18,-180,0,144.7972565,-48.68652727
a129.6x-18,129.6,-18,-180,0,145.6534119,-48.84963568
a133.2x-18,133.2,-18,-180,0,146.5240173,-48.7179895
a136.8x-18,136.8,-18,-180,0,147.4355621,-48.37033719
a140.4x-18,140.4,-18,-180,0,148.3053589,-48.13168806
a144x-18,144,-18,-180,0,149.3569031,-47.80764986
a147.6x-18,147.6,-18,-180,0,150.9181824,-47.47889347
a151.2x-18,151.2,-18,-180,0,153.6492462,-46.91000547
a154.8x-18,154.8,-18,-180,0,157.4111328,-46.02591364
a158.4x-18,158.4,-18,-180,0,161.4769592,-44.86250022
a162x-18,162,-18,-180,0,165.3227997,-43.68822922
a165.6x-18,165.6,-18,-180,0,168.8509979,-42.6102042
a169.2x-18,169.2,-18,-180,0,172.227829,-41.60842132
a172.8x-18,172.8,-18,-180,0,175.6483459,-40.63000014
a176.4x-18,176.4,-18,-180,0,179.0046234,-39.68461814
a-180x-14.4,-180,-14.4,-180,0,-185.8105774,-24.427692
a-176.4x-14.4,-176.4,-14.4,-180,0,-182.6038971,-24.70456829
a-172.8x-14.4,-172.8,-14.4,-180,0,-179.4226685,-24.98891326
a-169.2x-14.4,-169.2,-14.4,-180,0,-176.2673645,-25.27930353
a-165.6x-14.4,-165.6,-14.4,-180,0,-173.1383514,-25.57506801
a-162x-14.4,-162,-14.4,-180,0,-170.0356598,-25.87587681
a-158.4x-14.4,-158.4,-14.4,-180,0,-166.9600525,-26.18158685
a-154.8x-14.4,-154.8,-14.4,-180,0,-163.9165344,-26.49319187
a-151.2x-14.4,-151.2,-14.4,-180,0,-160.9022675,-26.81033605
a-147.6x-14.4,-147.6,-14.4,-180,0,-157.91745,-27.13363806
a-144x-14.4,-144,-14.4,-180,0,-154.9651184,-27.46505897
a-140.4x-14.4,-140.4,-14.4,-180,0,-152.0426025,-27.80675799
a-136.8x-14.4,-136.8,-14.4,-180,0,-149.1534576,-28.16426948
a-133.2x-14.4,-133.2,-14.4,-180,0,-146.2906799,-28.53960924
a-129.6x-14.4,-129.6,-14.4,-180,0,-143.4523621,-28.93751602
a-126x-14.4,-126,-14.4,-180,0,-140.6359558,-29.3641318
a-122.4x-14.4,-122.4,-14.4,-180,0,-137.8395233,-29.83135087
a-118.8x-14.4,-118.8,-14.4,-180,0,-135.0541229,-30.35536699
a-115.2x-14.4,-115.2,-14.4,-180,0,-132.2671509,-30.94055079
a-111.6x-14.4,-111.6,-14.4,-180,0,-129.4664001,-31.59813706
a-108x-14.4,-108,-14.4,-180,0,-126.6351852,-32.34555152
a-104.4x-14.4,-104.4,-14.4,-180,0,-123.7488556,-33.19594271
a-100.8x-14.4,-100.8,-14.4,-180,0,-120.7828751,-34.15452777
a-97.2x-14.4,-97.2,-14.4,-180,0,-117.6986771,-35.23523198
a-93.6x-14.4,-93.6,-14.4,-180,0,-114.4304962,-36.45722456
a-90x-14.4,-90,-14.4,-180,0,-110.9543839,-37.78817966
a-86.4x-14.4,-86.4,-14.4,-180,0,-107.2999344,-39.18950168
a-82.8x-14.4,-82.8,-14.4,-180,0,-103.6547775,-40.59017085
a-79.2x-14.4,-79.2,-14.4,-180,0,-100.3214111,-41.90600609
a-75.6x-14.4,-75.6,-14.4,-180,0,-97.6418152,-43.07654008
a-72x-14.4,-72,-14.4,-180,0,-95.7767258,-44.0826696
a-68.4x-14.4,-68.4,-14.4,-180,0,-94.4469223,-44.96793204
a-64.8x-14.4,-64.8,-14.4,-180,0,-93.3715057,-45.70794636
a-61.2x-14.4,-61.2,-14.4,-180,0,-92.4441833,-46.29671519
a-57.6x-14.4,-57.6,-14.4,-180,0,-91.4686813,-46.80219815
a-54x-14.4,-54,-14.4,-180,0,-90.3317566,-47.26042074
a-50.4x-14.4,-50.4,-14.4,-180,0,-89.3466187,-47.55756321
a-46.8x-14.4,-46.8,-14.4,-180,0,-88.26577,-47.78160851
a-43.2x-14.4,-43.2,-14.4,-180,0,-87.2040634,-47.99329815
a-39.6x-14.4,-39.6,-14.4,-180,0,-86.180687,-48.30008041
a-36x-14.4,-36,-14.4,-180,0,-84.6884842,-49.26735586
a-32.4x-14.4,-32.4,-14.4,-180,0,-81.1863098,-52.23128981
a-28.8x-14.4,-28.8,-14.4,-180,0,-75.4442291,-56.74688711
a-25.2x-14.4,-25.2,-14.4,-180,0,-68.4981155,-61.33739314
a-21.6x-14.4,-21.6,-14.4,-180,0,-61.3211403,-65.27252379
a-18x-14.4,-18,-14.4,-180,0,-53.9956818,-68.71109886
a-14.4x-14.4,-14.4,-14.4,-180,0,-46.5578156,-71.72911789
a-10.8x-14.4,-10.8,-14.4,-180,0,-39.0438194,-74.34752775
a-7.2x-14.4,-7.2,-14.4,-180,0,-31.5094776,-76.61463538
a-3.6x-14.4,-3.6,-14.4,-180,0,-23.9943142,-78.54064051
a0x-14.4,0,-14.4,-180,0,-16.5284367,-80.11289145
a3.6x-14.4,3.6,-14.4,-180,0,-9.17589,-81.33173104
a7.2x-14.4,7.2,-14.4,-180,0,-2.04878,-82.24645401
a10.8x-14.4,10.8,-14.4,-180,0,4.7082224,-82.8873225
a14.4x-14.4,14.4,-14.4,-180,0,11.062355,-83.3022722
a18x-14.4,18,-14.4,-180,0,17.0939922,-83.54994092
a21.6x-14.4,21.6,-14.4,-180,0,22.9670315,-83.68088556
a25.2x-14.4,25.2,-14.4,-180,0,28.8121033,-83.70101521
a28.8x-14.4,28.8,-14.4,-180,0,34.7047806,-83.5979512
a32.4x-14.4,32.4,-14.4,-180,0,40.6706314,-83.38136878
a36x-14.4,36,-14.4,-180,0,46.6439133,-83.04070687
a39.6x-14.4,39.6,-14.4,-180,0,52.414875,-82.54899428
a43.2x-14.4,43.2,-14.4,-180,0,57.8217506,-81.87596773
a46.8x-14.4,46.8,-14.4,-180,0,62.9241524,-80.97612278
a50.4x-14.4,50.4,-14.4,-180,0,68.2988358,-79.74253809
a54x-14.4,54,-14.4,-180,0,74.1196823,-78.17877659
a57.6x-14.4,57.6,-14.4,-180,0,79.9395218,-76.41653972
a61.2x-14.4,61.2,-14.4,-180,0,85.5815964,-74.53720007
a64.8x-14.4,64.8,-14.4,-180,0,90.9692459,-72.57011226
a68.4x-14.4,68.4,-14.4,-180,0,96.1209183,-70.52277377
a72x-14.4,72,-14.4,-180,0,101.0812607,-68.38788065
a75.6x-14.4,75.6,-14.4,-180,0,105.8782196,-66.15713992
a79.2x-14.4,79.2,-14.4,-180,0,110.5254364,-63.8270167
a82.8x-14.4,82.8,-14.4,-180,0,115.0558395,-61.39227958
a86.4x-14.4,86.4,-14.4,-180,0,119.498497,-58.84996844
a90x-14.4,90,-14.4,-180,0,123.8685532,-56.21691606
a93.6x-14.4,93.6,-14.4,-180,0,128.0850067,-53.49638563
a97.2x-14.4,97.2,-14.4,-180,0,131.7987061,-50.93061767
a100.8x-14.4,100.8,-14.4,-180,0,134.7780457,-48.89848068
a104.4x-14.4,104.4,-14.4,-180,0,137.1190796,-47.51262648
a108x-14.4,108,-14.4,-180,0,139.0306091,-46.52222519
a111.6x-14.4,111.6,-14.4,-180,0,140.6200867,-45.91922895
a115.2x-14.4,115.2,-14.4,-180,0,141.974411,-45.59991181
a118.8x-14.4,118.8,-14.4,-180,0,143.1192627,-45.48793991
a122.4x-14.4,122.4,-14.4,-180,0,144.065918,-45.75343964
a126x-14.4,126,-14.4,-180,0,144.9928894,-46.14351303
a129.6x-14.4,129.6,-14.4,-180,0,145.8707428,-46.36194076
a133.2x-14.4,133.2,-14.4,-180,0,146.7426453,-46.33601277
a136.8x-14.4,136.8,-14.4,-180,0,147.59729,-46.15558456
a140.4x-14.4,140.4,-14.4,-180,0,148.4291992,-45.98611055
a144x-14.4,144,-14.4,-180,0,149.6772308,-45.81257678
a147.6x-14.4,147.6,-14.4,-180,0,151.5476532,-45.40004184
a151.2x-14.4,151.2,-14.4,-180,0,154.6819916,-44.45831683
a154.8x-14.4,154.8,-14.4,-180,0,158.6591034,-43.04647189
a158.4x-14.4,158.4,-14.4,-180,0,162.6688232,-41.58630383
a162x-14.4,162,-14.4,-180,0,166.3659515,-40.29022018
a165.6x-14.4,165.6,-14.4,-180,0,169.7957306,-39.15467377
a169.2x-14.4,169.2,-14.4,-180,0,173.1358185,-38.10417739
a172.8x-14.4,172.8,-14.4,-180,0,176.5312805,-37.09323719
a176.4x-14.4,176.4,-14.4,-180,0,179.8994751,-36.12139066
a-180x-10.8,-180,-10.8,-180,0,-186.072937,-20.58191895
a-176.4x-10.8,-176.4,-10.8,-180,0,-182.8765106,-20.82985618
a-172.8x-10.8,-172.8,-10.8,-180,0,-179.7052765,-21.08283778
a-169.2x-10.8,-169.2,-10.8,-180,0,-176.5600891,-21.33965456
a-165.6x-10.8,-165.6,-10.8,-180,0,-173.4416351,-21.59971899
a-162x-10.8,-162,-10.8,-180,0,-170.3500366,-21.86268546
a-158.4x-10.8,-158.4,-10.8,-180,0,-167.2863922,-22.12831768
a-154.8x-10.8,-154.8,-10.8,-180,0,-164.2568054,-22.39740062
a-151.2x-10.8,-151.2,-10.8,-180,0,-161.2575684,-22.66960047
a-147.6x-10.8,-147.6,-10.8,-180,0,-158.2900085,-22.94571173
a-144x-10.8,-144,-10.8,-180,0,-155.3580322,-23.22746014
a-140.4x-10.8,-140.4,-10.8,-180,0,-152.4600677,-23.51736711
a-136.8x-10.8,-136.8,-10.8,-180,0,-149.5996552,-23.82077666
a-133.2x-10.8,-133.2,-10.8,-180,0,-146.7715607,-24.14125003
a-129.6x-10.8,-129.6,-10.8,-180,0,-143.9745483,-24.48456432
a-126x-10.8,-126,-10.8,-180,0,-141.2064819,-24.85764031
a-122.4x-10.8,-122.4,-10.8,-180,0,-138.4683685,-25.27678451
a-118.8x-10.8,-118.8,-10.8,-180,0,-135.7497711,-25.75873371
a-115.2x-10.8,-115.2,-10.8,-180,0,-133.0379791,-26.31222946
a-111.6x-10.8,-111.6,-10.8,-180,0,-130.3196716,-26.95325038
a-108x-10.8,-108,-10.8,-180,0,-127.5754318,-27.71421145
a-104.4x-10.8,-104.4,-10.8,-180,0,-124.7773132,-28.60566553
a-100.8x-10.8,-100.8,-10.8,-180,0,-121.8933563,-29.6469843
a-97.2x-10.8,-97.2,-10.8,-180,0,-118.8735886,-30.86938808
a-93.6x-10.8,-93.6,-10.8,-180,0,-115.6184921,-32.32806357
a-90x-10.8,-90,-10.8,-180,0,-112.0763092,-34.01178096
a-86.4x-10.8,-86.4,-10.8,-180,0,-108.2828064,-35.88137055
a-82.8x-10.8,-82.8,-10.8,-180,0,-104.497467,-37.79127933
a-79.2x-10.8,-79.2,-10.8,-180,0,-101.1386948,-39.55483308
a-75.6x-10.8,-75.6,-10.8,-180,0,-98.5795441,-41.02256543
a-72x-10.8,-72,-10.8,-180,0,-96.847496,-42.1667587
a-68.4x-10.8,-68.4,-10.8,-180,0,-95.5167007,-43.16069627
a-64.8x-10.8,-64.8,-10.8,-180,0,-94.2984924,-44.09729444
a-61.2x-10.8,-61.2,-10.8,-180,0,-93.2035904,-44.90891535
a-57.6x-10.8,-57.6,-10.8,-180,0,-92.08461,-45.62534011
a-54x-10.8,-54,-10.8,-180,0,-90.7994995,-46.27362847
a-50.4x-10.8,-50.4,-10.8,-180,0,-89.5510178,-46.71823273
a-46.8x-10.8,-46.8,-10.8,-180,0,-88.3352737,-46.89871531
a-43.2x-10.8,-43.2,-10.8,-180,0,-87.2869263,-46.91082161
a-39.6x-10.8,-39.6,-10.8,-180,0,-86.3797989,-46.9159187
a-36x-10.8,-36,-10.8,-180,0,-85.3207703,-47.28977672
a-32.4x-10.8,-32.4,-10.8,-180,0,-82.7565689,-49.27609837
a-28.8x-10.8,-28.8,-10.8,-180,0,-77.8473282,-53.23776336
a-25.2x-10.8,-25.2,-10.8,-180,0,-71.1923294,-57.96953466
a-21.6x-10.8,-21.6,-10.8,-180,0,-63.8856888,-62.26685393
a-18x-10.8,-18,-10.8,-180,0,-56.3853035,-65.99392911
a-14.4x-10.8,-14.4,-10.8,-180,0,-48.7755928,-69.25199084
a-10.8x-10.8,-10.8,-10.8,-180,0,-41.0444794,-72.08824861
a-7.2x-10.8,-7.2,-10.8,-180,0,-33.2548409,-74.51872926
a-3.6x-10.8,-3.6,-10.8,-180,0,-25.4755211,-76.574251
a0x-10.8,0,-10.8,-180,0,-17.7489815,-78.26660999
a3.6x-10.8,3.6,-10.8,-180,0,-10.1547041,-79.5559076
a7.2x-10.8,7.2,-10.8,-180,0,-2.8269811,-80.51648257
a10.8x-10.8,10.8,-10.8,-180,0,4.0955091,-81.18356674
a14.4x-10.8,14.4,-10.8,-180,0,10.5869474,-81.60799888
a18x-10.8,18,-10.8,-180,0,16.7241821,-81.84785456
a21.6x-10.8,21.6,-10.8,-180,0,22.683424,-81.96919894
a25.2x-10.8,25.2,-10.8,-180,0,28.6132088,-81.99311237
a28.8x-10.8,28.8,-10.8,-180,0,34.5864754,-81.90152655
a32.4x-10.8,32.4,-10.8,-180,0,40.6229134,-81.67704873
a36x-10.8,36,-10.8,-180,0,46.7084122,-81.28976566
a39.6x-10.8,39.6,-10.8,-180,0,52.7287216,-80.71069544
a43.2x-10.8,43.2,-10.8,-180,0,58.5688858,-79.90606323
a46.8x-10.8,46.8,-10.8,-180,0,64.2169342,-78.83128542
a50.4x-10.8,50.4,-10.8,-180,0,69.9718704,-77.40622306
a54x-10.8,54,-10.8,-180,0,75.9467239,-75.64300807
a57.6x-10.8,57.6,-10.8,-180,0,81.8474884,-73.68406827
a61.2x-10.8,61.2,-10.8,-180,0,87.5337524,-71.60622252
a64.8x-10.8,64.8,-10.8,-180,0,92.9844055,-69.44777335
a68.4x-10.8,68.4,-10.8,-180,0,98.2005615,-67.21243959
a72x-10.8,72,-10.8,-180,0,103.2278595,-64.89199297
a75.6x-10.8,75.6,-10.8,-180,0,108.1007843,-62.4687056
a79.2x-10.8,79.2,-10.8,-180,0,112.8368912,-59.94097048
a82.8x-10.8,82.8,-10.8,-180,0,117.4660873,-57.32188838
a86.4x-10.8,86.4,-10.8,-180,0,122.0389938,-54.60941381
a90x-10.8,90,-10.8,-180,0,126.4356995,-51.95849348
a93.6x-10.8,93.6,-10.8,-180,0,130.5122986,-49.5437608
a97.2x-10.8,97.2,-10.8,-180,0,133.9344482,-47.58887226
a100.8x-10.8,100.8,-10.8,-180,0,136.3834076,-46.24784133
a104.4x-10.8,104.4,-10.8,-180,0,138.2631531,-45.393256
a108x-10.8,108,-10.8,-180,0,139.857605,-44.78105624
a111.6x-10.8,111.6,-10.8,-180,0,141.1901855,-44.39295181
a115.2x-10.8,115.2,-10.8,-180,0,142.3047333,-44.1762512
a118.8x-10.8,118.8,-10.8,-180,0,143.2449951,-44.06738026
a122.4x-10.8,122.4,-10.8,-180,0,144.086441,-44.19405524
a126x-10.8,126,-10.8,-180,0,145.0163574,-44.34419028
a129.6x-10.8,129.6,-10.8,-180,0,145.8739319,-44.48519708
a133.2x-10.8,133.2,-10.8,-180,0,146.6794891,-44.54678174
a136.8x-10.8,136.8,-10.8,-180,0,147.5374756,-44.52957799
a140.4x-10.8,140.4,-10.8,-180,0,148.5686493,-44.38729409
a144x-10.8,144,-10.8,-180,0,150.3443451,-43.8393309
a147.6x-10.8,147.6,-10.8,-180,0,152.862915,-42.8425111
a151.2x-10.8,151.2,-10.8,-180,0,156.3012695,-41.34904552
a154.8x-10.8,154.8,-10.8,-180,0,160.219162,-39.64782515
a158.4x-10.8,158.4,-10.8,-180,0,164.0084991,-38.08116405
a162x-10.8,162,-10.8,-180,0,167.4953308,-36.74311698
a165.6x-10.8,165.6,-10.8,-180,0,170.8259735,-35.54945799
a169.2x-10.8,169.2,-10.8,-180,0,174.1380768,-34.42615439
a172.8x-10.8,172.8,-10.8,-180,0,177.4972229,-33.35487669
a176.4x-10.8,176.4,-10.8,-180,0,180.8521881,-32.34460401
a-180x-7.2,-180,-7.2,-180,0,-186.3096161,-16.7294087
a-176.4x-7.2,-176.4,-7.2,-180,0,-183.1215515,-16.94864361
a-172.8x-7.2,-172.8,-7.2,-180,0,-179.958374,-17.17060404
a-169.2x-7.2,-169.2,-7.2,-180,0,-176.8214111,-17.39404897
a-165.6x-7.2,-165.6,-7.2,-180,0,-173.7115021,-17.61824051
a-162x-7.2,-162,-7.2,-180,0,-170.6290131,-17.84274922
a-158.4x-7.2,-158.4,-7.2,-180,0,-167.5759125,-18.06728654
a-154.8x-7.2,-154.8,-7.2,-180,0,-164.5574646,-18.29194014
a-151.2x-7.2,-151.2,-7.2,-180,0,-161.5709534,-18.51655377
a-147.6x-7.2,-147.6,-7.2,-180,0,-158.6184235,-18.74174564
a-144x-7.2,-144,-7.2,-180,0,-155.7047729,-18.9687539
a-140.4x-7.2,-140.4,-7.2,-180,0,-152.8308105,-19.20073342
a-136.8x-7.2,-136.8,-7.2,-180,0,-149.999527,-19.44254093
a-133.2x-7.2,-133.2,-7.2,-180,0,-147.2069092,-19.6984574
a-129.6x-7.2,-129.6,-7.2,-180,0,-144.4527893,-19.9748163
a-126x-7.2,-126,-7.2,-180,0,-141.7370758,-20.28016204
a-122.4x-7.2,-122.4,-7.2,-180,0,-139.0626678,-20.63236254
a-118.8x-7.2,-118.8,-7.2,-180,0,-136.4196777,-21.05128901
a-115.2x-7.2,-115.2,-7.2,-180,0,-133.7953033,-21.55011155
a-111.6x-7.2,-111.6,-7.2,-180,0,-131.1765442,-22.15532759
a-108x-7.2,-108,-7.2,-180,0,-128.5419769,-22.9036808
a-104.4x-7.2,-104.4,-7.2,-180,0,-125.8596268,-23.81501102
a-100.8x-7.2,-100.8,-7.2,-180,0,-123.0917892,-24.92290903
a-97.2x-7.2,-97.2,-7.2,-180,0,-120.1726913,-26.29113711
a-93.6x-7.2,-93.6,-7.2,-180,0,-116.9758072,-28.00820862
a-90x-7.2,-90,-7.2,-180,0,-113.4153061,-30.10876483
a-86.4x-7.2,-86.4,-7.2,-180,0,-109.5006332,-32.56189368
a-82.8x-7.2,-82.8,-7.2,-180,0,-105.5575714,-35.11432391
a-79.2x-7.2,-79.2,-7.2,-180,0,-102.0840759,-37.43226176
a-75.6x-7.2,-75.6,-7.2,-180,0,-99.5296249,-39.20979691
a-72x-7.2,-72,-7.2,-180,0,-97.8865433,-40.44157096
a-68.4x-7.2,-68.4,-7.2,-180,0,-96.5900497,-41.44783443
a-64.8x-7.2,-64.8,-7.2,-180,0,-95.3322144,-42.4478944
a-61.2x-7.2,-61.2,-7.2,-180,0,-94.0638275,-43.39219394
a-57.6x-7.2,-57.6,-7.2,-180,0,-92.8488617,-44.21329252
a-54x-7.2,-54,-7.2,-180,0,-91.4376144,-44.97047979
a-50.4x-7.2,-50.4,-7.2,-180,0,-89.8740387,-45.53767378
a-46.8x-7.2,-46.8,-7.2,-180,0,-88.4708862,-45.73160972
a-43.2x-7.2,-43.2,-7.2,-180,0,-87.3578949,-45.68252025
a-39.6x-7.2,-39.6,-7.2,-180,0,-86.5105896,-45.50492174
a-36x-7.2,-36,-7.2,-180,0,-85.7224045,-45.42443756
a-32.4x-7.2,-32.4,-7.2,-180,0,-83.8429031,-46.76177102
a-28.8x-7.2,-28.8,-7.2,-180,0,-79.8876648,-50.00925527
a-25.2x-7.2,-25.2,-7.2,-180,0,-73.7323151,-54.58209823
a-21.6x-7.2,-21.6,-7.2,-180,0,-66.497963,-59.1831042
a-18x-7.2,-18,-7.2,-180,0,-58.8592949,-63.22029355
a-14.4x-7.2,-14.4,-7.2,-180,0,-51.0265961,-66.7512584
a-10.8x-7.2,-10.8,-7.2,-180,0,-43.0749359,-69.82207639
a-7.2x-7.2,-7.2,-7.2,-180,0,-35.0386696,-72.43729586
a-3.6x-7.2,-3.6,-7.2,-180,0,-26.9863377,-74.64585221
a0x-7.2,0,-7.2,-180,0,-18.9817734,-76.45931859
a3.6x-7.2,3.6,-7.2,-180,0,-11.1463261,-77.82151818
a7.2x-7.2,7.2,-7.2,-180,0,-3.6393988,-78.81822457
a10.8x-7.2,10.8,-7.2,-180,0,3.4222634,-79.50118693
a14.4x-7.2,14.4,-7.2,-180,0,10.0309639,-79.9275327
a18x-7.2,18,-7.2,-180,0,16.2733021,-80.16345075
a21.6x-7.2,21.6,-7.2,-180,0,22.3142357,-80.27402169
a25.2x-7.2,25.2,-7.2,-180,0,28.3312244,-80.30335949
a28.8x-7.2,28.8,-7.2,-180,0,34.4147491,-80.22173293
a32.4x-7.2,32.4,-7.2,-180,0,40.5847168,-79.97586877
a36x-7.2,36,-7.2,-180,0,46.8528442,-79.51774489
a39.6x-7.2,39.6,-7.2,-180,0,53.1693344,-78.81860702
a43.2x-7.2,43.2,-7.2,-180,0,59.463089,-77.84945455
a46.8x-7.2,46.8,-7.2,-180,0,65.6683197,-76.55972597
a50.4x-7.2,50.4,-7.2,-180,0,71.8446579,-74.91598018
a54x-7.2,54,-7.2,-180,0,77.9957581,-72.9613975
a57.6x-7.2,57.6,-7.2,-180,0,83.9698257,-70.81925287
a61.2x-7.2,61.2,-7.2,-180,0,89.6815796,-68.55937808
a64.8x-7.2,64.8,-7.2,-180,0,95.129921,-66.22601196
a68.4x-7.2,68.4,-7.2,-180,0,100.3688583,-63.82201886
a72x-7.2,72,-7.2,-180,0,105.4366379,-61.33398671
a75.6x-7.2,75.6,-7.2,-180,0,110.378479,-58.73081202
a79.2x-7.2,79.2,-7.2,-180,0,115.1948395,-56.014807
a82.8x-7.2,82.8,-7.2,-180,0,119.8891983,-53.25584023
a86.4x-7.2,86.4,-7.2,-180,0,124.4942703,-50.54327161
a90x-7.2,90,-7.2,-180,0,128.7597504,-48.11399504
a93.6x-7.2,93.6,-7.2,-180,0,132.3420105,-46.26547116
a97.2x-7.2,97.2,-7.2,-180,0,135.1510925,-45.07921109
a100.8x-7.2,100.8,-7.2,-180,0,137.1911469,-44.45358894
a104.4x-7.2,104.4,-7.2,-180,0,138.8382568,-43.98500644
a108x-7.2,108,-7.2,-180,0,140.3093109,-43.69679679
a111.6x-7.2,111.6,-7.2,-180,0,141.5061646,-43.55803807
a115.2x-7.2,115.2,-7.2,-180,0,142.4561768,-43.54724634
a118.8x-7.2,118.8,-7.2,-180,0,143.2438049,-43.55036984
a122.4x-7.2,122.4,-7.2,-180,0,144.0336151,-43.55003431
a126x-7.2,126,-7.2,-180,0,144.9435272,-43.53564516
a129.6x-7.2,129.6,-7.2,-180,0,145.8528137,-43.49827208
a133.2x-7.2,133.2,-7.2,-180,0,146.7866821,-43.39719644
a136.8x-7.2,136.8,-7.2,-180,0,147.9590454,-43.07765053
a140.4x-7.2,140.4,-7.2,-180,0,149.5333862,-42.36466527
a144x-7.2,144,-7.2,-180,0,151.6546021,-41.1860406
a147.6x-7.2,147.6,-7.2,-180,0,154.6038208,-39.54938555
a151.2x-7.2,151.2,-7.2,-180,0,158.1194611,-37.67069175
a154.8x-7.2,154.8,-7.2,-180,0,161.8023682,-35.87240643
a158.4x-7.2,158.4,-7.2,-180,0,165.3527527,-34.31521789
a162x-7.2,162,-7.2,-180,0,168.6769562,-32.96190927
a165.6x-7.2,165.6,-7.2,-180,0,171.9410553,-31.7042951
a169.2x-7.2,169.2,-7.2,-180,0,175.2167664,-30.52262183
a172.8x-7.2,172.8,-7.2,-180,0,178.5156403,-29.42060524
a176.4x-7.2,176.4,-7.2,-180,0,181.8178864,-28.39954139
a-180x-3.6,-180,-3.6,-180,0,-186.5193329,-12.87242972
a-176.4x-3.6,-176.4,-3.6,-180,0,-183.3373413,-13.06314892
a-172.8x-3.6,-172.8,-3.6,-180,0,-180.1797943,-13.25405954
a-169.2x-3.6,-169.2,-3.6,-180,0,-177.0485229,-13.44382792
a-165.6x-3.6,-165.6,-3.6,-180,0,-173.9444733,-13.63178212
a-162x-3.6,-162,-3.6,-180,0,-170.8682709,-13.81731929
a-158.4x-3.6,-158.4,-3.6,-180,0,-167.8226013,-13.99968144
a-154.8x-3.6,-154.8,-3.6,-180,0,-164.8126984,-14.17823527
a-151.2x-3.6,-151.2,-3.6,-180,0,-161.8365936,-14.35286812
a-147.6x-3.6,-147.6,-3.6,-180,0,-158.8966827,-14.52374714
a-144x-3.6,-144,-3.6,-180,0,-155.999115,-14.69095403
a-140.4x-3.6,-140.4,-3.6,-180,0,-153.1466064,-14.85749448
a-136.8x-3.6,-136.8,-3.6,-180,0,-150.3422394,-15.0276401
a-133.2x-3.6,-133.2,-3.6,-180,0,-147.5837555,-15.20613265
a-129.6x-3.6,-129.6,-3.6,-180,0,-144.8722382,-15.39948726
a-126x-3.6,-126,-3.6,-180,0,-142.2111053,-15.61769968
a-122.4x-3.6,-122.4,-3.6,-180,0,-139.604248,-15.87814859
a-118.8x-3.6,-118.8,-3.6,-180,0,-137.0449829,-16.20447024
a-115.2x-3.6,-115.2,-3.6,-180,0,-134.5204773,-16.61388275
a-111.6x-3.6,-111.6,-3.6,-180,0,-132.0220337,-17.14662992
a-108x-3.6,-108,-3.6,-180,0,-129.5239105,-17.84022082
a-104.4x-3.6,-104.4,-3.6,-180,0,-126.9924469,-18.72900301
a-100.8x-3.6,-100.8,-3.6,-180,0,-124.3860245,-19.8649239
a-97.2x-3.6,-97.2,-3.6,-180,0,-121.6239929,-21.35508241
a-93.6x-3.6,-93.6,-3.6,-180,0,-118.5754089,-23.29204522
a-90x-3.6,-90,-3.6,-180,0,-115.1254349,-25.76122998
a-86.4x-3.6,-86.4,-3.6,-180,0,-111.2374496,-28.75432209
a-82.8x-3.6,-82.8,-3.6,-180,0,-107.2073059,-31.95015468
a-79.2x-3.6,-79.2,-3.6,-180,0,-103.5233612,-34.89993217
a-75.6x-3.6,-75.6,-3.6,-180,0,-100.7232437,-37.18015128
a-72x-3.6,-72,-3.6,-180,0,-98.9538879,-38.63634902
a-68.4x-3.6,-68.4,-3.6,-180,0,-97.6324921,-39.71332099
a-64.8x-3.6,-64.8,-3.6,-180,0,-96.3741608,-40.72725398
a-61.2x-3.6,-61.2,-3.6,-180,0,-95.083374,-41.64847277
a-57.6x-3.6,-57.6,-3.6,-180,0,-93.7324753,-42.43664467
a-54x-3.6,-54,-3.6,-180,0,-92.2238922,-43.07940449
a-50.4x-3.6,-50.4,-3.6,-180,0,-90.3446274,-43.60463586
a-46.8x-3.6,-46.8,-3.6,-180,0,-88.757164,-43.81190857
a-43.2x-3.6,-43.2,-3.6,-180,0,-87.540184,-43.8264026
a-39.6x-3.6,-39.6,-3.6,-180,0,-86.7212448,-43.71365912
a-36x-3.6,-36,-3.6,-180,0,-86.0382538,-43.67808821
a-32.4x-3.6,-32.4,-3.6,-180,0,-84.7067337,-44.47067713
a-28.8x-3.6,-28.8,-3.6,-180,0,-81.7569427,-46.82970967
a-25.2x-3.6,-25.2,-3.6,-180,0,-76.3190536,-51.08438333
a-21.6x-3.6,-21.6,-3.6,-180,0,-69.2181931,-55.91859281
a-18x-3.6,-18,-3.6,-180,0,-61.4155159,-60.37735482
a-14.4x-3.6,-14.4,-3.6,-180,0,-53.3489456,-64.23101801
a-10.8x-3.6,-10.8,-3.6,-180,0,-45.1421318,-67.57041434
a-7.2x-3.6,-7.2,-3.6,-180,0,-36.8284302,-70.41627347
a-3.6x-3.6,-3.6,-3.6,-180,0,-28.4787254,-72.78000582
a0x-3.6,0,-3.6,-180,0,-20.1908493,-74.70102404
a3.6x-3.6,3.6,-3.6,-180,0,-12.1305113,-76.15101373
a7.2x-3.6,7.2,-3.6,-180,0,-4.4637532,-77.18709313
a10.8x-3.6,10.8,-3.6,-180,0,2.7239625,-77.88388996
a14.4x-3.6,14.4,-3.6,-180,0,9.4472599,-78.30589629
a18x-3.6,18,-3.6,-180,0,15.7810326,-78.52999544
a21.6x-3.6,21.6,-3.6,-180,0,21.8773861,-78.64598104
a25.2x-3.6,25.2,-3.6,-180,0,27.9527874,-78.69487924
a28.8x-3.6,28.8,-3.6,-180,0,34.1780968,-78.62159821
a32.4x-3.6,32.4,-3.6,-180,0,40.5691223,-78.35398451
a36x-3.6,36,-3.6,-180,0,47.108902,-77.82754992
a39.6x-3.6,39.6,-3.6,-180,0,53.7623863,-77.00384929
a43.2x-3.6,43.2,-3.6,-180,0,60.4810066,-75.83808891
a46.8x-3.6,46.8,-3.6,-180,0,67.2057648,-74.31228441
a50.4x-3.6,50.4,-3.6,-180,0,73.8407898,-72.40233597
a54x-3.6,54,-3.6,-180,0,80.2313461,-70.18615692
a57.6x-3.6,57.6,-3.6,-180,0,86.2904739,-67.81166091
a61.2x-3.6,61.2,-3.6,-180,0,91.9977951,-65.36237289
a64.8x-3.6,64.8,-3.6,-180,0,97.3914261,-62.88079832
a68.4x-3.6,68.4,-3.6,-180,0,102.5736542,-60.35487844
a72x-3.6,72,-3.6,-180,0,107.6415787,-57.73606926
a75.6x-3.6,75.6,-3.6,-180,0,112.6531219,-54.96317261
a79.2x-3.6,79.2,-3.6,-180,0,117.5589752,-52.06240322
a82.8x-3.6,82.8,-3.6,-180,0,122.2591782,-49.19783361
a86.4x-3.6,86.4,-3.6,-180,0,126.7000809,-46.61569789
a90x-3.6,90,-3.6,-180,0,130.5906677,-44.58791646
a93.6x-3.6,93.6,-3.6,-180,0,133.6252747,-43.13644898
a97.2x-3.6,97.2,-3.6,-180,0,135.921402,-42.23415048
a100.8x-3.6,100.8,-3.6,-180,0,137.693634,-41.86602942
a104.4x-3.6,104.4,-3.6,-180,0,139.1434631,-41.82655771
a108x-3.6,108,-3.6,-180,0,140.5230865,-41.93550095
a111.6x-3.6,111.6,-3.6,-180,0,141.6602783,-42.08105782
a115.2x-3.6,115.2,-3.6,-180,0,142.5655365,-42.20106933
a118.8x-3.6,118.8,-3.6,-180,0,143.350174,-42.28775204
a122.4x-3.6,122.4,-3.6,-180,0,144.1934204,-42.26749022
a126x-3.6,126,-3.6,-180,0,145.1589355,-42.15119921
a129.6x-3.6,129.6,-3.6,-180,0,146.2649841,-41.81698118
a133.2x-3.6,133.2,-3.6,-180,0,147.503067,-41.31386405
a136.8x-3.6,136.8,-3.6,-180,0,149.0350342,-40.47292732
a140.4x-3.6,140.4,-3.6,-180,0,151.0633087,-39.20334942
a144x-3.6,144,-3.6,-180,0,153.5023041,-37.47484528
a147.6x-3.6,147.6,-3.6,-180,0,156.5748444,-35.4736899
a151.2x-3.6,151.2,-3.6,-180,0,159.953186,-33.49344919
a154.8x-3.6,154.8,-3.6,-180,0,163.3563843,-31.73154464
a158.4x-3.6,158.4,-3.6,-180,0,166.6773682,-30.20878019
a162x-3.6,162,-3.6,-180,0,169.903595,-28.84359868
a165.6x-3.6,165.6,-3.6,-180,0,173.1002197,-27.58616464
a169.2x-3.6,169.2,-3.6,-180,0,176.3074951,-26.42191017
a172.8x-3.6,172.8,-3.6,-180,0,179.524765,-25.35189671
a176.4x-3.6,176.4,-3.6,-180,0,182.7504272,-24.36883232
a-180x0,-180,0,-180,0,-186.7014923,-9.0119028
a-176.4x0,-176.4,0,-180,0,-183.5235596,-9.174590626
a-172.8x0,-172.8,0,-180,0,-180.3697052,-9.335121088
a-169.2x0,-169.2,0,-180,0,-177.2420654,-9.491860587
a-165.6x0,-165.6,0,-180,0,-174.1416473,-9.643816906
a-162x0,-162,0,-180,0,-171.0693054,-9.790120887
a-158.4x0,-158.4,0,-180,0,-168.0283508,-9.929545365
a-154.8x0,-154.8,0,-180,0,-165.0237274,-10.06069134
a-151.2x0,-151.2,0,-180,0,-162.0542908,-10.18310418
a-147.6x0,-147.6,0,-180,0,-159.1229401,-10.29623826
a-144x0,-144,0,-180,0,-156.2370453,-10.39862893
a-140.4x0,-140.4,0,-180,0,-153.4013519,-10.49234171
a-136.8x0,-136.8,0,-180,0,-150.6194916,-10.58067894
a-133.2x0,-133.2,0,-180,0,-147.891098,-10.66818756
a-129.6x0,-129.6,0,-180,0,-145.2189636,-10.76086303
a-126x0,-126,0,-180,0,-142.6108398,-10.86857231
a-122.4x0,-122.4,0,-180,0,-140.0721588,-11.00754657
a-118.8x0,-118.8,0,-180,0,-137.6009674,-11.20332364
a-115.2x0,-115.2,0,-180,0,-135.185318,-11.47700508
a-111.6x0,-111.6,0,-180,0,-132.826767,-11.88281197
a-108x0,-108,0,-180,0,-130.4914246,-12.45989152
a-104.4x0,-104.4,0,-180,0,-128.1464386,-13.25858294
a-100.8x0,-100.8,0,-180,0,-125.7481308,-14.37387445
a-97.2x0,-97.2,0,-180,0,-123.2131729,-15.89470089
a-93.6x0,-93.6,0,-180,0,-120.4116898,-17.95684842
a-90x0,-90,0,-180,0,-117.2195511,-20.65103386
a-86.4x0,-86.4,0,-180,0,-113.518364,-24.0495532
a-82.8x0,-82.8,0,-180,0,-109.4965057,-27.80023659
a-79.2x0,-79.2,0,-180,0,-105.6105118,-31.40026122
a-75.6x0,-75.6,0,-180,0,-102.4905472,-34.2829023
a-72x0,-72,0,-180,0,-100.4122849,-36.20581274
a-68.4x0,-68.4,0,-180,0,-98.8990173,-37.53676378
a-64.8x0,-64.8,0,-180,0,-97.5759583,-38.55196972
a-61.2x0,-61.2,0,-180,0,-96.2311783,-39.35235393
a-57.6x0,-57.6,0,-180,0,-94.7373428,-39.98301487
a-54x0,-54,0,-180,0,-93.1402588,-40.42662138
a-50.4x0,-50.4,0,-180,0,-91.140976,-40.82944674
a-46.8x0,-46.8,0,-180,0,-89.3896332,-41.16993562
a-43.2x0,-43.2,0,-180,0,-87.9869843,-41.45260237
a-39.6x0,-39.6,0,-180,0,-87.0923386,-41.61652072
a-36x0,-36,0,-180,0,-86.4567795,-41.73445256
a-32.4x0,-32.4,0,-180,0,-85.5683746,-42.18196278
a-28.8x0,-28.8,0,-180,0,-83.4543762,-43.89592707
a-25.2x0,-25.2,0,-180,0,-78.9551544,-47.5312264
a-21.6x0,-21.6,0,-180,0,-72.1445618,-52.43797851
a-18x0,-18,0,-180,0,-64.2026062,-57.36911645
a-14.4x0,-14.4,0,-180,0,-55.8218575,-61.65959477
a-10.8x0,-10.8,0,-180,0,-47.2712593,-65.31889948
a-7.2x0,-7.2,0,-180,0,-38.6456718,-68.43379511
a-3.6x0,-3.6,0,-180,0,-29.9649105,-70.98758212
a0x0,0,0,-180,0,-21.3669529,-73.04520985
a3.6x0,3.6,0,-180,0,-13.0883427,-74.57055076
a7.2x0,7.2,0,-180,0,-5.2699208,-75.62977835
a10.8x0,10.8,0,-180,0,2.0331006,-76.32319415
a14.4x0,14.4,0,-180,0,8.8507118,-76.72316144
a18x0,18,0,-180,0,15.238862,-76.92058369
a21.6x0,21.6,0,-180,0,21.3464031,-77.03163254
a25.2x0,25.2,0,-180,0,27.441164,-77.11033566
a28.8x0,28.8,0,-180,0,33.8001137,-77.07375396
a32.4x0,32.4,0,-180,0,40.4520988,-76.8192771
a36x0,36,0,-180,0,47.3350754,-76.25819828
a39.6x0,39.6,0,-180,0,54.3937607,-75.33648328
a43.2x0,43.2,0,-180,0,61.5911255,-73.98235453
a46.8x0,46.8,0,-180,0,68.8687057,-72.15878287
a50.4x0,50.4,0,-180,0,76.0281601,-69.87464532
a54x0,54,0,-180,0,82.7253799,-67.28281055
a57.6x0,57.6,0,-180,0,88.8439178,-64.59948738
a61.2x0,61.2,0,-180,0,94.4676285,-61.94997883
a64.8x0,64.8,0,-180,0,99.7047653,-59.36697855
a68.4x0,68.4,0,-180,0,104.7393112,-56.79876745
a72x0,72,0,-180,0,109.7602081,-54.11420323
a75.6x0,75.6,0,-180,0,114.8824387,-51.16263865
a79.2x0,79.2,0,-180,0,119.897316,-48.06352171
a82.8x0,82.8,0,-180,0,124.5312195,-45.12209896
a86.4x0,86.4,0,-180,0,128.6071625,-42.67444742
a90x0,90,0,-180,0,131.9910126,-40.83831206
a93.6x0,93.6,0,-180,0,134.6514587,-39.42245045
a97.2x0,97.2,0,-180,0,136.5675964,-38.57584684
a100.8x0,100.8,0,-180,0,138.0236053,-38.2851542
a104.4x0,104.4,0,-180,0,139.3230438,-38.48133673
a108x0,108,0,-180,0,140.6293488,-38.93212241
a111.6x0,111.6,0,-180,0,141.7956848,-39.42528617
a115.2x0,115.2,0,-180,0,142.7923431,-39.69260687
a118.8x0,118.8,0,-180,0,143.7109528,-39.73450912
a122.4x0,122.4,0,-180,0,144.74086,-39.42234832
a126x0,126,0,-180,0,145.9091034,-39.02591825
a129.6x0,129.6,0,-180,0,147.3219757,-38.30176536
a133.2x0,133.2,0,-180,0,148.9277802,-37.34380258
a136.8x0,136.8,0,-180,0,150.7842255,-36.07079704
a140.4x0,140.4,0,-180,0,153.0916595,-34.45874389
a144x0,144,0,-180,0,155.6556244,-32.63929189
a147.6x0,147.6,0,-180,0,158.5547943,-30.70842859
a151.2x0,151.2,0,-180,0,161.7047424,-28.89153291
a154.8x0,154.8,0,-180,0,164.868103,-27.26156715
a158.4x0,158.4,0,-180,0,168.0104065,-25.80747482
a162x0,162,0,-180,0,171.1251373,-24.48925175
a165.6x0,165.6,0,-180,0,174.2323303,-23.29328657
a169.2x0,169.2,0,-180,0,177.3512726,-22.19764075
a172.8x0,172.8,0,-180,0,180.4834747,-21.19330481
a176.4x0,176.4,0,-180,0,183.6319733,-20.27027213
a-180x3.6,-180,3.6,-180,0,-186.8591919,-5.151004209
a-176.4x3.6,-176.4,3.6,-180,0,-183.6832428,-5.286127486
a-172.8x3.6,-172.8,3.6,-180,0,-180.5308685,-5.416593448
a-169.2x3.6,-169.2,3.6,-180,0,-177.4044342,-5.540501999
a-165.6x3.6,-165.6,3.6,-180,0,-174.3050079,-5.656719025
a-162x3.6,-162,3.6,-180,0,-171.2335205,-5.764025731
a-158.4x3.6,-158.4,3.6,-180,0,-168.1937561,-5.86035111
a-154.8x3.6,-154.8,3.6,-180,0,-165.1904602,-5.943323074
a-151.2x3.6,-151.2,3.6,-180,0,-162.2231293,-6.011982437
a-147.6x3.6,-147.6,3.6,-180,0,-159.2951965,-6.064780028
a-144x3.6,-144,3.6,-180,0,-156.4151154,-6.097950107
a-140.4x3.6,-140.4,3.6,-180,0,-153.5895691,-6.111770976
a-136.8x3.6,-136.8,3.6,-180,0,-150.8233948,-6.107948544
a-133.2x3.6,-133.2,3.6,-180,0,-148.1181793,-6.090124197
a-129.6x3.6,-129.6,3.6,-180,0,-145.4787598,-6.062958699
a-126x3.6,-126,3.6,-180,0,-142.9178314,-6.034145705
a-122.4x3.6,-122.4,3.6,-180,0,-140.4432983,-6.017891256
a-118.8x3.6,-118.8,3.6,-180,0,-138.0586548,-6.038530086
a-115.2x3.6,-115.2,3.6,-180,0,-135.7565613,-6.120234165
a-111.6x3.6,-111.6,3.6,-180,0,-133.5503845,-6.32118772
a-108x3.6,-108,3.6,-180,0,-131.4006805,-6.69511092
a-104.4x3.6,-104.4,3.6,-180,0,-129.2775421,-7.321731029
a-100.8x3.6,-100.8,3.6,-180,0,-127.1347427,-8.326827542
a-97.2x3.6,-97.2,3.6,-180,0,-124.8776398,-9.786225592
a-93.6x3.6,-93.6,3.6,-180,0,-122.3994446,-11.88332642
a-90x3.6,-90,3.6,-180,0,-119.5552292,-14.68922275
a-86.4x3.6,-86.4,3.6,-180,0,-116.1955261,-18.32129338
a-82.8x3.6,-82.8,3.6,-180,0,-112.3956528,-22.4485007
a-79.2x3.6,-79.2,3.6,-180,0,-108.4660034,-26.6269557
a-75.6x3.6,-75.6,3.6,-180,0,-104.9841156,-30.1806414
a-72x3.6,-72,3.6,-180,0,-102.5070038,-32.66205727
a-68.4x3.6,-68.4,3.6,-180,0,-100.6861267,-34.28241215
a-64.8x3.6,-64.8,3.6,-180,0,-99.1776657,-35.33205224
a-61.2x3.6,-61.2,3.6,-180,0,-97.7110062,-36.05063959
a-57.6x3.6,-57.6,3.6,-180,0,-96.0805206,-36.56295784
a-54x3.6,-54,3.6,-180,0,-94.2935944,-36.97187341
a-50.4x3.6,-50.4,3.6,-180,0,-92.2881622,-37.42690518
a-46.8x3.6,-46.8,3.6,-180,0,-90.3882751,-38.06058043
a-43.2x3.6,-43.2,3.6,-180,0,-88.7563477,-38.78229611
a-39.6x3.6,-39.6,3.6,-180,0,-87.6685867,-39.39922893
a-36x3.6,-36,3.6,-180,0,-86.9266281,-39.90740548
a-32.4x3.6,-32.4,3.6,-180,0,-86.2185593,-40.37929967
a-28.8x3.6,-28.8,3.6,-180,0,-84.8325043,-41.42378642
a-25.2x3.6,-25.2,3.6,-180,0,-81.6039581,-43.98496017
a-21.6x3.6,-21.6,3.6,-180,0,-75.3707504,-48.74852324
a-18x3.6,-18,3.6,-180,0,-67.2521744,-54.15706
a-14.4x3.6,-14.4,3.6,-180,0,-58.4610329,-59.04627688
a-10.8x3.6,-10.8,3.6,-180,0,-49.4848633,-63.12194834
a-7.2x3.6,-7.2,3.6,-180,0,-40.4316902,-66.54838734
a-3.6x3.6,-3.6,3.6,-180,0,-31.3560886,-69.32686244
a0x3.6,0,3.6,-180,0,-22.4169044,-71.50380622
a3.6x3.6,3.6,3.6,-180,0,-13.9333544,-73.08718586
a7.2x3.6,7.2,3.6,-180,0,-5.974154,-74.15200308
a10.8x3.6,10.8,3.6,-180,0,1.4344771,-74.83065781
a14.4x3.6,14.4,3.6,-180,0,8.3300219,-75.20162958
a18x3.6,18,3.6,-180,0,14.7309027,-75.36413464
a21.6x3.6,21.6,3.6,-180,0,20.7621937,-75.44978814
a25.2x3.6,25.2,3.6,-180,0,26.7621803,-75.54705662
a28.8x3.6,28.8,3.6,-180,0,33.1795044,-75.58433267
a32.4x3.6,32.4,3.6,-180,0,40.0950928,-75.3889168
a36x3.6,36,3.6,-180,0,47.3738022,-74.82119813
a39.6x3.6,39.6,3.6,-180,0,54.9259109,-73.80826829
a43.2x3.6,43.2,3.6,-180,0,62.731987,-72.24406074
a46.8x3.6,46.8,3.6,-180,0,70.7250137,-70.07396668
a50.4x3.6,50.4,3.6,-180,0,78.5286331,-67.24722254
a54x3.6,54,3.6,-180,0,85.5914764,-64.12073699
a57.6x3.6,57.6,3.6,-180,0,91.7785492,-61.04669025
a61.2x3.6,61.2,3.6,-180,0,97.2031937,-58.20280122
a64.8x3.6,64.8,3.6,-180,0,102.1477814,-55.57865462
a68.4x3.6,68.4,3.6,-180,0,106.9430695,-53.02066905
a72x3.6,72,3.6,-180,0,111.8899155,-50.2908228
a75.6x3.6,75.6,3.6,-180,0,117.1715546,-47.1005159
a79.2x3.6,79.2,3.6,-180,0,122.2647705,-43.7588112
a82.8x3.6,82.8,3.6,-180,0,126.7124786,-40.74341284
a86.4x3.6,86.4,3.6,-180,0,130.3895721,-38.26252299
a90x3.6,90,3.6,-180,0,133.3135071,-36.34511803
a93.6x3.6,93.6,3.6,-180,0,135.6107483,-34.83385988
a97.2x3.6,97.2,3.6,-180,0,137.2232971,-34.00279034
a100.8x3.6,100.8,3.6,-180,0,138.3919525,-33.79157795
a104.4x3.6,104.4,3.6,-180,0,139.5293274,-34.13977676
a108x3.6,108,3.6,-180,0,140.7774506,-34.78918044
a111.6x3.6,111.6,3.6,-180,0,142.0372925,-35.45810697
a115.2x3.6,115.2,3.6,-180,0,143.2467804,-35.69488969
a118.8x3.6,118.8,3.6,-180,0,144.4312592,-35.51213324
a122.4x3.6,122.4,3.6,-180,0,145.731369,-34.784538
a126x3.6,126,3.6,-180,0,147.1670532,-34.06552364
a129.6x3.6,129.6,3.6,-180,0,148.8379822,-33.07062188
a133.2x3.6,133.2,3.6,-180,0,150.7019653,-31.86592807
a136.8x3.6,136.8,3.6,-180,0,152.7306519,-30.47813126
a140.4x3.6,140.4,3.6,-180,0,155.0418701,-28.97046361
a144x3.6,144,3.6,-180,0,157.5934753,-27.3626233
a147.6x3.6,147.6,3.6,-180,0,160.3612976,-25.68209196
a151.2x3.6,151.2,3.6,-180,0,163.3121033,-24.05608683
a154.8x3.6,154.8,3.6,-180,0,166.2982025,-22.58209589
a158.4x3.6,158.4,3.6,-180,0,169.2925568,-21.24062391
a162x3.6,162,3.6,-180,0,172.2904663,-20.01824189
a165.6x3.6,165.6,3.6,-180,0,175.2978973,-18.90420402
a169.2x3.6,169.2,3.6,-180,0,178.3275299,-17.89371719
a172.8x3.6,172.8,3.6,-180,0,181.3797302,-16.96560179
a176.4x3.6,176.4,3.6,-180,0,184.4565582,-16.11152086
a-180x7.2,-180,7.2,-180,0,-186.9929199,-1.291210757
a-176.4x7.2,-176.4,7.2,-180,0,-183.8167725,-1.399372445
a-172.8x7.2,-172.8,7.2,-180,0,-180.66362,-1.50048109
a-169.2x7.2,-169.2,7.2,-180,0,-177.5358734,-1.592286443
a-165.6x7.2,-165.6,7.2,-180,0,-174.4346466,-1.67338437
a-162x7.2,-162,7.2,-180,0,-171.3607941,-1.742175867
a-158.4x7.2,-158.4,7.2,-180,0,-168.3183441,-1.795726024
a-154.8x7.2,-154.8,7.2,-180,0,-165.3118744,-1.830569548
a-151.2x7.2,-151.2,7.2,-180,0,-162.3413086,-1.844876787
a-147.6x7.2,-147.6,7.2,-180,0,-159.4105377,-1.835713323
a-144x7.2,-144,7.2,-180,0,-156.5287781,-1.796302721
a-140.4x7.2,-140.4,7.2,-180,0,-153.7043457,-1.724212752
a-136.8x7.2,-136.8,7.2,-180,0,-150.9440002,-1.618421648
a-133.2x7.2,-133.2,7.2,-180,0,-148.2514191,-1.480647991
a-129.6x7.2,-129.6,7.2,-180,0,-145.6337738,-1.313049064
a-126x7.2,-126,7.2,-180,0,-143.1086426,-1.118585404
a-122.4x7.2,-122.4,7.2,-180,0,-140.6881104,-0.908312317
a-118.8x7.2,-118.8,7.2,-180,0,-138.3808746,-0.701455353
a-115.2x7.2,-115.2,7.2,-180,0,-136.188446,-0.519342952
a-111.6x7.2,-111.6,7.2,-180,0,-134.1367188,-0.414911385
a-108x7.2,-108,7.2,-180,0,-132.1882324,-0.471395494
a-104.4x7.2,-104.4,7.2,-180,0,-130.3263702,-0.824893439
a-100.8x7.2,-100.8,7.2,-180,0,-128.4707184,-1.629611969
a-97.2x7.2,-97.2,7.2,-180,0,-126.5117188,-2.988390563
a-93.6x7.2,-93.6,7.2,-180,0,-124.3937683,-5.074131789
a-90x7.2,-90,7.2,-180,0,-121.9762039,-7.849110969
a-86.4x7.2,-86.4,7.2,-180,0,-119.1070862,-11.44822546
a-82.8x7.2,-82.8,7.2,-180,0,-115.7050095,-15.79917855
a-79.2x7.2,-79.2,7.2,-180,0,-111.9350357,-20.4171505
a-75.6x7.2,-75.6,7.2,-180,0,-108.3180008,-24.54736094
a-72x7.2,-72,7.2,-180,0,-105.4207382,-27.59615268
a-68.4x7.2,-68.4,7.2,-180,0,-103.197937,-29.5949308
a-64.8x7.2,-64.8,7.2,-180,0,-101.3433914,-30.82081853
a-61.2x7.2,-61.2,7.2,-180,0,-99.5794296,-31.66487994
a-57.6x7.2,-57.6,7.2,-180,0,-97.7494049,-32.33720287
a-54x7.2,-54,7.2,-180,0,-95.6785889,-32.98901552
a-50.4x7.2,-50.4,7.2,-180,0,-93.7326965,-33.7580557
a-46.8x7.2,-46.8,7.2,-180,0,-91.7305679,-34.75517943
a-43.2x7.2,-43.2,7.2,-180,0,-89.9290619,-35.91530786
a-39.6x7.2,-39.6,7.2,-180,0,-88.6657791,-37.02740177
a-36x7.2,-36,7.2,-180,0,-87.6305618,-38.0163676
a-32.4x7.2,-32.4,7.2,-180,0,-86.8128128,-38.81442218
a-28.8x7.2,-28.8,7.2,-180,0,-85.7555161,-39.57804217
a-25.2x7.2,-25.2,7.2,-180,0,-83.5803452,-41.21968295
a-21.6x7.2,-21.6,7.2,-180,0,-78.7190475,-45.05245519
a-18x7.2,-18,7.2,-180,0,-70.7180939,-50.66897002
a-14.4x7.2,-14.4,7.2,-180,0,-61.4147606,-56.2658648
a-10.8x7.2,-10.8,7.2,-180,0,-51.8388519,-60.938484
a-7.2x7.2,-7.2,7.2,-180,0,-42.2098694,-64.75499085
a-3.6x7.2,-3.6,7.2,-180,0,-32.6190224,-67.81366807
a0x7.2,0,7.2,-180,0,-23.2596569,-70.12292538
a3.6x7.2,3.6,7.2,-180,0,-14.5446386,-71.72874617
a7.2x7.2,7.2,7.2,-180,0,-6.4503226,-72.76229332
a10.8x7.2,10.8,7.2,-180,0,1.0223449,-73.39063413
a14.4x7.2,14.4,7.2,-180,0,7.9203176,-73.71537485
a18x7.2,18,7.2,-180,0,14.2432337,-73.84661377
a21.6x7.2,21.6,7.2,-180,0,20.1121407,-73.91339092
a25.2x7.2,25.2,7.2,-180,0,25.925684,-74.01696588
a28.8x7.2,28.8,7.2,-180,0,32.2572517,-74.12491714
a32.4x7.2,32.4,7.2,-180,0,39.3761597,-74.01769873
a36x7.2,36,7.2,-180,0,47.092495,-73.47281218
a39.6x7.2,39.6,7.2,-180,0,55.2743301,-72.37499872
a43.2x7.2,43.2,7.2,-180,0,63.9437981,-70.5520596
a46.8x7.2,46.8,7.2,-180,0,72.9435425,-67.84059206
a50.4x7.2,50.4,7.2,-180,0,81.6329651,-64.26568754
a54x7.2,54,7.2,-180,0,89.1362534,-60.43260492
a57.6x7.2,57.6,7.2,-180,0,95.3118286,-56.88345022
a61.2x7.2,61.2,7.2,-180,0,100.3875732,-53.86187538
a64.8x7.2,64.8,7.2,-180,0,104.904213,-51.23792521
a68.4x7.2,68.4,7.2,-180,0,109.4056931,-48.67782561
a72x7.2,72,7.2,-180,0,114.2859421,-45.81206166
a75.6x7.2,75.6,7.2,-180,0,119.6912308,-42.31791129
a79.2x7.2,79.2,7.2,-180,0,124.7326431,-38.75560408
a82.8x7.2,82.8,7.2,-180,0,128.8715973,-35.67758614
a86.4x7.2,86.4,7.2,-180,0,132.1679535,-33.13073501
a90x7.2,90,7.2,-180,0,134.6779785,-31.17772837
a93.6x7.2,93.6,7.2,-180,0,136.5248566,-29.90543201
a97.2x7.2,97.2,7.2,-180,0,137.8214722,-29.2662528
a100.8x7.2,100.8,7.2,-180,0,138.7566833,-29.22626718
a104.4x7.2,104.4,7.2,-180,0,139.769928,-29.61090244
a108x7.2,108,7.2,-180,0,141.0176544,-30.16069049
a111.6x7.2,111.6,7.2,-180,0,142.4411011,-30.64307673
a115.2x7.2,115.2,7.2,-180,0,143.9398651,-30.64793734
a118.8x7.2,118.8,7.2,-180,0,145.4181213,-30.25536892
a122.4x7.2,122.4,7.2,-180,0,146.8938446,-29.49484372
a126x7.2,126,7.2,-180,0,148.5008698,-28.64886913
a129.6x7.2,129.6,7.2,-180,0,150.321991,-27.59412795
a133.2x7.2,133.2,7.2,-180,0,152.2955627,-26.37360949
a136.8x7.2,136.8,7.2,-180,0,154.4038239,-25.04629845
a140.4x7.2,140.4,7.2,-180,0,156.7175903,-23.59084856
a144x7.2,144,7.2,-180,0,159.2892609,-22.06611388
a147.6x7.2,147.6,7.2,-180,0,161.98349,-20.54145286
a151.2x7.2,151.2,7.2,-180,0,164.7805328,-19.07948504
a154.8x7.2,154.8,7.2,-180,0,167.6216736,-17.76381913
a158.4x7.2,158.4,7.2,-180,0,170.4864655,-16.55911977
a162x7.2,162,7.2,-180,0,173.3748932,-15.45626506
a165.6x7.2,165.6,7.2,-180,0,176.2854309,-14.44190635
a169.2x7.2,169.2,7.2,-180,0,179.2305603,-13.52222281
a172.8x7.2,172.8,7.2,-180,0,182.2090759,-12.67732116
a176.4x7.2,176.4,7.2,-180,0,185.2201691,-11.89809487
a-180x10.8,-180,10.8,-180,0,-187.1031189,2.56544353
a-176.4x10.8,-176.4,10.8,-180,0,-183.9246063,2.483520283
a-172.8x10.8,-172.8,10.8,-180,0,-180.7684021,2.410931061
a-169.2x10.8,-169.2,10.8,-180,0,-177.6368408,2.350229356
a-165.6x10.8,-165.6,10.8,-180,0,-174.5309601,2.303111318
a-162x10.8,-162,10.8,-180,0,-171.4514313,2.271615241
a-158.4x10.8,-158.4,10.8,-180,0,-168.4021759,2.259650334
a-154.8x10.8,-154.8,10.8,-180,0,-165.3876038,2.271983945
a-151.2x10.8,-151.2,10.8,-180,0,-162.4077454,2.311500058
a-147.6x10.8,-147.6,10.8,-180,0,-159.4667511,2.382875106
a-144x10.8,-144,10.8,-180,0,-156.5741577,2.496659257
a-140.4x10.8,-140.4,10.8,-180,0,-153.7391815,2.658946983
a-136.8x10.8,-136.8,10.8,-180,0,-150.9713593,2.875647219
a-133.2x10.8,-133.2,10.8,-180,0,-148.276413,3.148254994
a-129.6x10.8,-129.6,10.8,-180,0,-145.6641693,3.478551736
a-126x10.8,-126,10.8,-180,0,-143.1561127,3.870503725
a-122.4x10.8,-122.4,10.8,-180,0,-140.7719574,4.319667093
a-118.8x10.8,-118.8,10.8,-180,0,-138.5240784,4.813487633
a-115.2x10.8,-115.2,10.8,-180,0,-136.4178467,5.34206202
a-111.6x10.8,-111.6,10.8,-180,0,-134.4990845,5.864817067
a-108x10.8,-108,10.8,-180,0,-132.7433929,6.243930572
a-104.4x10.8,-104.4,10.8,-180,0,-131.169281,6.269094216
a-100.8x10.8,-100.8,10.8,-180,0,-129.6274261,5.682010274
a-97.2x10.8,-97.2,10.8,-180,0,-127.983429,4.345599532
a-93.6x10.8,-93.6,10.8,-180,0,-126.1916504,2.311117881
a-90x10.8,-90,10.8,-180,0,-124.220108,-0.391189999
a-86.4x10.8,-86.4,10.8,-180,0,-121.857605,-3.814805905
a-82.8x10.8,-82.8,10.8,-180,0,-119.0216064,-8.02451737
a-79.2x10.8,-79.2,10.8,-180,0,-115.794014,-12.57455423
a-75.6x10.8,-75.6,10.8,-180,0,-112.379715,-17.06710979
a-72x10.8,-72,10.8,-180,0,-109.2415161,-20.73698617
a-68.4x10.8,-68.4,10.8,-180,0,-106.6331024,-23.29978947
a-64.8x10.8,-64.8,10.8,-180,0,-104.3188934,-25.11703889
a-61.2x10.8,-61.2,10.8,-180,0,-102.0633392,-26.52556602
a-57.6x10.8,-57.6,10.8,-180,0,-99.8056412,-27.75095627
a-54x10.8,-54,10.8,-180,0,-97.4904861,-28.98142381
a-50.4x10.8,-50.4,10.8,-180,0,-95.3378372,-30.25232861
a-46.8x10.8,-46.8,10.8,-180,0,-93.217308,-31.63868613
a-43.2x10.8,-43.2,10.8,-180,0,-91.5943756,-33.02451064
a-39.6x10.8,-39.6,10.8,-180,0,-90.075737,-34.46034777
a-36x10.8,-36,10.8,-180,0,-88.7169647,-35.89618446
a-32.4x10.8,-32.4,10.8,-180,0,-87.5788803,-37.17679988
a-28.8x10.8,-28.8,10.8,-180,0,-86.5300598,-38.13961812
a-25.2x10.8,-25.2,10.8,-180,0,-84.9407806,-39.33392313
a-21.6x10.8,-21.6,10.8,-180,0,-81.59272,-41.76323573
a-18x10.8,-18,10.8,-180,0,-74.6298141,-46.9923455
a-14.4x10.8,-14.4,10.8,-180,0,-64.8108749,-53.23781039
a-10.8x10.8,-10.8,10.8,-180,0,-54.4415398,-58.71567964
a-7.2x10.8,-7.2,10.8,-180,0,-43.9997864,-63.05323866
a-3.6x10.8,-3.6,10.8,-180,0,-33.6790581,-66.4450628
a0x10.8,0,10.8,-180,0,-23.7660389,-68.88989246
a3.6x10.8,3.6,10.8,-180,0,-14.7785139,-70.47551503
a7.2x10.8,7.2,10.8,-180,0,-6.5696549,-71.43364917
a10.8x10.8,10.8,10.8,-180,0,0.8971677,-71.97245234
a14.4x10.8,14.4,10.8,-180,0,7.6938992,-72.2363537
a18x10.8,18,10.8,-180,0,13.8331699,-72.35811759
a21.6x10.8,21.6,10.8,-180,0,19.4469662,-72.4543851
a25.2x10.8,25.2,10.8,-180,0,24.9520359,-72.60037418
a28.8x10.8,28.8,10.8,-180,0,31.0654526,-72.75260992
a32.4x10.8,32.4,10.8,-180,0,38.2787628,-72.7073304
a36x10.8,36,10.8,-180,0,46.5747528,-72.10674568
a39.6x10.8,39.6,10.8,-180,0,55.6619606,-70.78790471
a43.2x10.8,43.2,10.8,-180,0,65.6331711,-68.50234927
a46.8x10.8,46.8,10.8,-180,0,76.1083679,-64.9173632
a50.4x10.8,50.4,10.8,-180,0,85.9005356,-60.25889169
a54x10.8,54,10.8,-180,0,93.6981506,-55.58953035
a57.6x10.8,57.6,10.8,-180,0,99.625267,-51.61540515
a61.2x10.8,61.2,10.8,-180,0,104.1922226,-48.51337228
a64.8x10.8,64.8,10.8,-180,0,108.2216721,-45.92168149
a68.4x10.8,68.4,10.8,-180,0,112.440506,-43.26510847
a72x10.8,72,10.8,-180,0,117.2496872,-40.08949031
a75.6x10.8,75.6,10.8,-180,0,122.5672913,-36.28161726
a79.2x10.8,79.2,10.8,-180,0,127.2455444,-32.75135736
a82.8x10.8,82.8,10.8,-180,0,130.9240723,-29.93189604
a86.4x10.8,86.4,10.8,-180,0,133.7577667,-27.78114651
a90x10.8,90,10.8,-180,0,135.8393097,-26.26272005
a93.6x10.8,93.6,10.8,-180,0,137.2422638,-25.57583269
a97.2x10.8,97.2,10.8,-180,0,138.2731781,-25.30276843
a100.8x10.8,100.8,10.8,-180,0,139.0885162,-25.41263878
a104.4x10.8,104.4,10.8,-180,0,140.0690308,-25.64039172
a108x10.8,108,10.8,-180,0,141.3992767,-25.8043857
a111.6x10.8,111.6,10.8,-180,0,143.0184784,-25.82374027
a115.2x10.8,115.2,10.8,-180,0,144.7584534,-25.51189097
a118.8x10.8,118.8,10.8,-180,0,146.4240265,-25.01487541
a122.4x10.8,122.4,10.8,-180,0,147.994812,-24.34860006
a126x10.8,126,10.8,-180,0,149.7160797,-23.41971095
a129.6x10.8,129.6,10.8,-180,0,151.6461639,-22.31323598
a133.2x10.8,133.2,10.8,-180,0,153.7340698,-21.00896468
a136.8x10.8,136.8,10.8,-180,0,155.9660645,-19.57786229
a140.4x10.8,140.4,10.8,-180,0,158.3157654,-18.0996958
a144x10.8,144,10.8,-180,0,160.8486786,-16.64708112
a147.6x10.8,147.6,10.8,-180,0,163.4471436,-15.27857263
a151.2x10.8,151.2,10.8,-180,0,166.1089783,-14.00169615
a154.8x10.8,154.8,10.8,-180,0,168.8192596,-12.84005638
a158.4x10.8,158.4,10.8,-180,0,171.572876,-11.78413543
a162x10.8,162,10.8,-180,0,174.3640594,-10.8118668
a165.6x10.8,165.6,10.8,-180,0,177.1888123,-9.912820934
a169.2x10.8,169.2,10.8,-180,0,180.0557251,-9.088987436
a172.8x10.8,172.8,10.8,-180,0,182.9676666,-8.333969506
a176.4x10.8,176.4,10.8,-180,0,185.9196167,-7.635033581
a-180x14.4,-180,14.4,-180,0,-187.1902771,6.416782777
a-176.4x14.4,-176.4,14.4,-180,0,-184.0072327,6.36030698
a-172.8x14.4,-172.8,14.4,-180,0,-180.8457184,6.315462753
a-169.2x14.4,-169.2,14.4,-180,0,-177.7079468,6.284959769
a-165.6x14.4,-165.6,14.4,-180,0,-174.5946198,6.270534195
a-162x14.4,-162,14.4,-180,0,-171.5061493,6.274622043
a-158.4x14.4,-158.4,14.4,-180,0,-168.4459534,6.302062644
a-154.8x14.4,-154.8,14.4,-180,0,-165.4180756,6.359175685
a-151.2x14.4,-151.2,14.4,-180,0,-162.4223785,6.450136901
a-147.6x14.4,-147.6,14.4,-180,0,-159.4628296,6.581754241
a-144x14.4,-144,14.4,-180,0,-156.5487518,6.769217262
a-140.4x14.4,-140.4,14.4,-180,0,-153.6890411,7.022933238
a-136.8x14.4,-136.8,14.4,-180,0,-150.8964844,7.356890665
a-133.2x14.4,-133.2,14.4,-180,0,-148.1787415,7.777628719
a-129.6x14.4,-129.6,14.4,-180,0,-145.5487976,8.29345341
a-126x14.4,-126,14.4,-180,0,-143.0300598,8.91737553
a-122.4x14.4,-122.4,14.4,-180,0,-140.6554871,9.658871065
a-118.8x14.4,-118.8,14.4,-180,0,-138.4306641,10.50982288
a-115.2x14.4,-115.2,14.4,-180,0,-136.3675079,11.46684299
a-111.6x14.4,-111.6,14.4,-180,0,-134.5549622,12.48300382
a-108x14.4,-108,14.4,-180,0,-132.9685516,13.34029959
a-104.4x14.4,-104.4,14.4,-180,0,-131.6715393,13.76264165
a-100.8x14.4,-100.8,14.4,-180,0,-130.4254761,13.36845975
a-97.2x14.4,-97.2,14.4,-180,0,-129.1228943,11.95293724
a-93.6x14.4,-93.6,14.4,-180,0,-127.5895309,9.95345165
a-90x14.4,-90,14.4,-180,0,-126.0562668,7.479236143
a-86.4x14.4,-86.4,14.4,-180,0,-124.2361298,4.500294183
a-82.8x14.4,-82.8,14.4,-180,0,-122.0418625,0.770271839
a-79.2x14.4,-79.2,14.4,-180,0,-119.4368744,-3.47791482
a-75.6x14.4,-75.6,14.4,-180,0,-116.5873108,-7.824431572
a-72x14.4,-72,14.4,-180,0,-113.7084122,-11.77045478
a-68.4x14.4,-68.4,14.4,-180,0,-110.9612808,-15.02219783
a-64.8x14.4,-64.8,14.4,-180,0,-108.2978897,-17.72911358
a-61.2x14.4,-61.2,14.4,-180,0,-105.6568451,-20.06732741
a-57.6x14.4,-57.6,14.4,-180,0,-102.8940277,-22.30390319
a-54x14.4,-54,14.4,-180,0,-100.1260376,-24.53984407
a-50.4x14.4,-50.4,14.4,-180,0,-97.2908936,-26.7733803
a-46.8x14.4,-46.8,14.4,-180,0,-95.1137314,-28.66593134
a-43.2x14.4,-43.2,14.4,-180,0,-93.2771912,-30.32224828
a-39.6x14.4,-39.6,14.4,-180,0,-91.6844254,-31.88432429
a-36x14.4,-36,14.4,-180,0,-90.2290497,-33.50957753
a-32.4x14.4,-32.4,14.4,-180,0,-88.7757721,-35.19400486
a-28.8x14.4,-28.8,14.4,-180,0,-87.4052429,-36.66120582
a-25.2x14.4,-25.2,14.4,-180,0,-86.0132751,-37.8978725
a-21.6x14.4,-21.6,14.4,-180,0,-83.7468491,-39.49973174
a-18x14.4,-18,14.4,-180,0,-78.4259796,-43.33317366
a-14.4x14.4,-14.4,14.4,-180,0,-68.8843079,-49.87835805
a-10.8x14.4,-10.8,14.4,-180,0,-57.3721085,-56.30895225
a-7.2x14.4,-7.2,14.4,-180,0,-45.8069572,-61.42732351
a-3.6x14.4,-3.6,14.4,-180,0,-34.4667358,-65.25809794
a0x14.4,0,14.4,-180,0,-23.8056183,-67.84231078
a3.6x14.4,3.6,14.4,-180,0,-14.490531,-69.34488632
a7.2x14.4,7.2,14.4,-180,0,-6.20328,-70.17434034
a10.8x14.4,10.8,14.4,-180,0,1.1630623,-70.58821087
a14.4x14.4,14.4,14.4,-180,0,7.7019219,-70.77940285
a18x14.4,18,14.4,-180,0,13.5038795,-70.8956616
a21.6x14.4,21.6,14.4,-180,0,18.7804279,-71.0157752
a25.2x14.4,25.2,14.4,-180,0,23.8935204,-71.17829364
a28.8x14.4,28.8,14.4,-180,0,29.6901741,-71.33891658
a32.4x14.4,32.4,14.4,-180,0,37.0396843,-71.25938791
a36x14.4,36,14.4,-180,0,46.2710228,-70.45513991
a39.6x14.4,39.6,14.4,-180,0,56.7381096,-68.62270325
a43.2x14.4,43.2,14.4,-180,0,68.721405,-65.37596404
a46.8x14.4,46.8,14.4,-180,0,81.2618942,-60.23635079
a50.4x14.4,50.4,14.4,-180,0,92.1238785,-54.04410986
a54x14.4,54,14.4,-180,0,99.7925949,-48.61062825
a57.6x14.4,57.6,14.4,-180,0,105.0716171,-44.50242924
a61.2x14.4,61.2,14.4,-180,0,108.8660431,-41.57997365
a64.8x14.4,64.8,14.4,-180,0,112.3136215,-39.09506041
a68.4x14.4,68.4,14.4,-180,0,116.3038254,-36.17660222
a72x14.4,72,14.4,-180,0,120.9741211,-32.50359645
a75.6x14.4,75.6,14.4,-180,0,125.7904053,-28.55750421
a79.2x14.4,79.2,14.4,-180,0,129.6572113,-25.68536375
a82.8x14.4,82.8,14.4,-180,0,132.6806183,-23.93114927
a86.4x14.4,86.4,14.4,-180,0,134.9493866,-22.87038918
a90x14.4,90,14.4,-180,0,136.5865936,-22.26972625
a93.6x14.4,93.6,14.4,-180,0,137.7373657,-22.07158824
a97.2x14.4,97.2,14.4,-180,0,138.6113129,-22.17950774
a100.8x14.4,100.8,14.4,-180,0,139.4068604,-22.32419342
a104.4x14.4,104.4,14.4,-180,0,140.4826508,-22.16086647
a108x14.4,108,14.4,-180,0,141.9858246,-21.71473844
a111.6x14.4,111.6,14.4,-180,0,143.7685699,-21.13316155
a115.2x14.4,115.2,14.4,-180,0,145.633728,-20.4821895
a118.8x14.4,118.8,14.4,-180,0,147.4017487,-19.8183449
a122.4x14.4,122.4,14.4,-180,0,149.0945892,-19.02319629
a126x14.4,126,14.4,-180,0,150.9685516,-17.85686085
a129.6x14.4,129.6,14.4,-180,0,153.0253601,-16.52472479
a133.2x14.4,133.2,14.4,-180,0,155.20784,-15.09677789
a136.8x14.4,136.8,14.4,-180,0,157.4842834,-13.67871821
a140.4x14.4,140.4,14.4,-180,0,159.8202667,-12.33561325
a144x14.4,144,14.4,-180,0,162.2421112,-11.07083864
a147.6x14.4,147.6,14.4,-180,0,164.7329254,-9.908402621
a151.2x14.4,151.2,14.4,-180,0,167.2798157,-8.832109805
a154.8x14.4,154.8,14.4,-180,0,169.8785858,-7.837569276
a158.4x14.4,158.4,14.4,-180,0,172.5403748,-6.935517637
a162x14.4,162,14.4,-180,0,175.2483673,-6.099481746
a165.6x14.4,165.6,14.4,-180,0,178.0002899,-5.322950607
a169.2x14.4,169.2,14.4,-180,0,180.7979736,-4.60266436
a172.8x14.4,172.8,14.4,-180,0,183.6516113,-3.942506786
a176.4x14.4,176.4,14.4,-180,0,186.5516968,-3.328270276
a-180x18,-180,18,-180,0,-187.2548676,10.26144363
a-176.4x18,-176.4,18,-180,0,-184.065155,10.2295083
a-172.8x18,-172.8,18,-180,0,-180.8961639,10.21108319
a-169.2x18,-169.2,18,-180,0,-177.749939,10.20892537
a-165.6x18,-165.6,18,-180,0,-174.6266022,10.22504144
a-162x18,-162,18,-180,0,-171.526123,10.26224183
a-158.4x18,-158.4,18,-180,0,-168.4510803,10.32599593
a-154.8x18,-154.8,18,-180,0,-165.4047546,10.42425888
a-151.2x18,-151.2,18,-180,0,-162.3865204,10.56256764
a-147.6x18,-147.6,18,-180,0,-159.3995972,10.75010371
a-144x18,-144,18,-180,0,-156.4524841,11.00716882
a-140.4x18,-140.4,18,-180,0,-153.5523834,11.34864878
a-136.8x18,-136.8,18,-180,0,-150.7142792,11.80158747
a-133.2x18,-133.2,18,-180,0,-147.9467468,12.38047216
a-129.6x18,-129.6,18,-180,0,-145.2658691,13.10539185
a-126x18,-126,18,-180,0,-142.6940308,13.99906338
a-122.4x18,-122.4,18,-180,0,-140.2837067,15.10300863
a-118.8x18,-118.8,18,-180,0,-138.0313568,16.39220106
a-115.2x18,-115.2,18,-180,0,-135.9696808,17.83490874
a-111.6x18,-111.6,18,-180,0,-134.2436829,19.3285712
a-108x18,-108,18,-180,0,-132.8235168,20.55588266
a-104.4x18,-104.4,18,-180,0,-131.7880554,21.17484832
a-100.8x18,-100.8,18,-180,0,-130.8787842,20.86385558
a-97.2x18,-97.2,18,-180,0,-129.812439,19.49167913
a-93.6x18,-93.6,18,-180,0,-128.6260376,17.62746248
a-90x18,-90,18,-180,0,-127.3636703,15.64296636
a-86.4x18,-86.4,18,-180,0,-126.1011047,13.36204218
a-82.8x18,-82.8,18,-180,0,-124.5553894,10.40809711
a-79.2x18,-79.2,18,-180,0,-122.6358337,6.693264941
a-75.6x18,-75.6,18,-180,0,-120.3090744,2.487819557
a-72x18,-72,18,-180,0,-117.8401794,-1.51877611
a-68.4x18,-68.4,18,-180,0,-115.3489456,-5.100967108
a-64.8x18,-64.8,18,-180,0,-112.7732468,-8.412542729
a-61.2x18,-61.2,18,-180,0,-110.0869293,-11.56831684
a-57.6x18,-57.6,18,-180,0,-107.1536255,-14.82515947
a-54x18,-54,18,-180,0,-104.0904922,-17.98502791
a-50.4x18,-50.4,18,-180,0,-100.882103,-21.35871813
a-46.8x18,-46.8,18,-180,0,-97.852066,-24.55838009
a-43.2x18,-43.2,18,-180,0,-95.2212677,-27.29805686
a-39.6x18,-39.6,18,-180,0,-93.5012665,-29.18831847
a-36x18,-36,18,-180,0,-91.967659,-30.93420135
a-32.4x18,-32.4,18,-180,0,-90.4256134,-32.74927432
a-28.8x18,-28.8,18,-180,0,-88.7699966,-34.70097021
a-25.2x18,-25.2,18,-180,0,-87.1163177,-36.44571944
a-21.6x18,-21.6,18,-180,0,-85.1797028,-37.97972093
a-18x18,-18,18,-180,0,-81.9124222,-40.21025853
a-14.4x18,-14.4,18,-180,0,-73.4792633,-46.02137751
a-10.8x18,-10.8,18,-180,0,-60.8830795,-53.63526017
a-7.2x18,-7.2,18,-180,0,-47.6894722,-59.80996401
a-3.6x18,-3.6,18,-180,0,-34.8881607,-64.21938042
a0x18,0,18,-180,0,-23.2174473,-66.96422546
a3.6x18,3.6,18,-180,0,-13.5337296,-68.29355134
a7.2x18,7.2,18,-180,0,-5.2420154,-68.91645805
a10.8x18,10.8,18,-180,0,1.9031849,-69.14749415
a14.4x18,14.4,18,-180,0,8.0067978,-69.25096444
a18x18,18,18,-180,0,13.313344,-69.36995577
a21.6x18,21.6,18,-180,0,18.1764755,-69.52995907
a25.2x18,25.2,18,-180,0,22.8498535,-69.73776655
a28.8x18,28.8,18,-180,0,28.4368382,-69.87179722
a32.4x18,32.4,18,-180,0,36.2959137,-69.58174128
a36x18,36,18,-180,0,47.1897354,-68.13731989
a39.6x18,39.6,18,-180,0,59.7181587,-65.28673426
a43.2x18,43.2,18,-180,0,75.0073853,-59.97606165
a46.8x18,46.8,18,-180,0,89.8190842,-52.01725917
a50.4x18,50.4,18,-180,0,101.0792618,-43.85688835
a54x18,54,18,-180,0,107.780014,-38.09719028
a57.6x18,57.6,18,-180,0,111.7781601,-34.55720824
a61.2x18,61.2,18,-180,0,114.5521545,-32.31084733
a64.8x18,64.8,18,-180,0,117.4612961,-30.0298879
a68.4x18,68.4,18,-180,0,121.1474991,-26.82275543
a72x18,72,18,-180,0,125.23806,-22.97395724
a75.6x18,75.6,18,-180,0,128.7742767,-19.8086778
a79.2x18,79.2,18,-180,0,131.5342712,-18.24768967
a82.8x18,82.8,18,-180,0,133.9321442,-17.81586121
a86.4x18,86.4,18,-180,0,135.7865143,-17.85522333
a90x18,90,18,-180,0,137.180481,-18.14133535
a93.6x18,93.6,18,-180,0,138.2100372,-18.51735528
a97.2x18,97.2,18,-180,0,139.0618134,-18.88948698
a100.8x18,100.8,18,-180,0,140.0163269,-18.70558408
a104.4x18,104.4,18,-180,0,141.2610779,-17.98155295
a108x18,108,18,-180,0,142.9058075,-16.95007317
a111.6x18,111.6,18,-180,0,144.7390594,-15.88482888
a115.2x18,115.2,18,-180,0,146.6479492,-14.92359844
a118.8x18,118.8,18,-180,0,148.5136108,-13.98134933
a122.4x18,122.4,18,-180,0,150.358551,-12.9121865
a126x18,126,18,-180,0,152.3531189,-11.55878709
a129.6x18,129.6,18,-180,0,154.4559937,-10.16783964
a133.2x18,133.2,18,-180,0,156.6109314,-8.836635866
a136.8x18,136.8,18,-180,0,158.8377533,-7.600741428
a140.4x18,140.4,18,-180,0,161.1073456,-6.473891655
a144x18,144,18,-180,0,163.4295654,-5.432666695
a147.6x18,147.6,18,-180,0,165.8295441,-4.480882418
a151.2x18,151.2,18,-180,0,168.2878113,-3.600797389
a154.8x18,154.8,18,-180,0,170.8023224,-2.781423308
a158.4x18,158.4,18,-180,0,173.384491,-2.028520545
a162x18,162,18,-180,0,176.0240631,-1.330923624
a165.6x18,165.6,18,-180,0,178.7153015,-0.680275525
a169.2x18,169.2,18,-180,0,181.4560394,-0.071882004
a172.8x18,172.8,18,-180,0,184.2575836,0.490682867
a176.4x18,176.4,18,-180,0,187.1133118,1.016101177
a-180x21.6,-180,21.6,-180,0,-187.2954254,14.09534247
a-176.4x21.6,-176.4,21.6,-180,0,-184.096756,14.08719411
a-172.8x21.6,-172.8,21.6,-180,0,-180.9182739,14.09456937
a-169.2x21.6,-169.2,21.6,-180,0,-177.7615814,14.11971785
a-165.6x21.6,-165.6,21.6,-180,0,-174.6260986,14.16417252
a-162x21.6,-162,21.6,-180,0,-171.5109863,14.23090263
a-158.4x21.6,-158.4,21.6,-180,0,-168.4175415,14.32584876
a-154.8x21.6,-154.8,21.6,-180,0,-165.3480835,14.45872184
a-151.2x21.6,-151.2,21.6,-180,0,-162.3009949,14.63632294
a-147.6x21.6,-147.6,21.6,-180,0,-159.2780914,14.87030815
a-144x21.6,-144,21.6,-180,0,-156.2848053,15.18662704
a-140.4x21.6,-140.4,21.6,-180,0,-153.3249969,15.60400792
a-136.8x21.6,-136.8,21.6,-180,0,-150.4119568,16.1678218
a-133.2x21.6,-133.2,21.6,-180,0,-147.5524597,16.90725954
a-129.6x21.6,-129.6,21.6,-180,0,-144.7636719,17.8655943
a-126x21.6,-126,21.6,-180,0,-142.0685577,19.08162093
a-122.4x21.6,-122.4,21.6,-180,0,-139.5210876,20.63103819
a-118.8x21.6,-118.8,21.6,-180,0,-137.1907196,22.43154974
a-115.2x21.6,-115.2,21.6,-180,0,-135.0971985,24.3005673
a-111.6x21.6,-111.6,21.6,-180,0,-133.5122528,26.01464866
a-108x21.6,-108,21.6,-180,0,-132.2881317,27.23954579
a-104.4x21.6,-104.4,21.6,-180,0,-131.4980621,27.74534383
a-100.8x21.6,-100.8,21.6,-180,0,-130.8905029,27.51711806
a-97.2x21.6,-97.2,21.6,-180,0,-130.086441,26.71943471
a-93.6x21.6,-93.6,21.6,-180,0,-129.2006836,25.52915581
a-90x21.6,-90,21.6,-180,0,-128.238327,24.23477287
a-86.4x21.6,-86.4,21.6,-180,0,-127.3389206,22.43929726
a-82.8x21.6,-82.8,21.6,-180,0,-126.3344345,20.21437657
a-79.2x21.6,-79.2,21.6,-180,0,-125.0795212,16.97872628
a-75.6x21.6,-75.6,21.6,-180,0,-123.3807297,13.10999919
a-72x21.6,-72,21.6,-180,0,-121.2473984,8.899418636
a-68.4x21.6,-68.4,21.6,-180,0,-119.0204544,5.102263679
a-64.8x21.6,-64.8,21.6,-180,0,-116.7635651,1.671132698
a-61.2x21.6,-61.2,21.6,-180,0,-114.3468475,-1.797777156
a-57.6x21.6,-57.6,21.6,-180,0,-111.7690353,-5.267500886
a-54x21.6,-54,21.6,-180,0,-108.8442993,-9.134178113
a-50.4x21.6,-50.4,21.6,-180,0,-105.6625061,-13.11196239
a-46.8x21.6,-46.8,21.6,-180,0,-102.194458,-17.40211512
a-43.2x21.6,-43.2,21.6,-180,0,-98.9196625,-21.63907229
a-39.6x21.6,-39.6,21.6,-180,0,-96.1540146,-25.0663439
a-36x21.6,-36,21.6,-180,0,-93.9677124,-27.80412913
a-32.4x21.6,-32.4,21.6,-180,0,-92.3404999,-29.88723364
a-28.8x21.6,-28.8,21.6,-180,0,-90.7001038,-31.93273181
a-25.2x21.6,-25.2,21.6,-180,0,-88.8475266,-34.15837343
a-21.6x21.6,-21.6,21.6,-180,0,-86.7401657,-36.37015314
a-18x21.6,-18,21.6,-180,0,-84.228096,-38.19236845
a-14.4x21.6,-14.4,21.6,-180,0,-78.6530762,-41.88203738
a-10.8x21.6,-10.8,21.6,-180,0,-65.4110413,-50.29736629
a-7.2x21.6,-7.2,21.6,-180,0,-49.7527428,-58.15518051
a-3.6x21.6,-3.6,21.6,-180,0,-34.7292633,-63.37943253
a0x21.6,0,21.6,-180,0,-21.5891495,-66.24327021
a3.6x21.6,3.6,21.6,-180,0,-11.5986309,-67.28967118
a7.2x21.6,7.2,21.6,-180,0,-3.5040333,-67.61863186
a10.8x21.6,10.8,21.6,-180,0,3.2319851,-67.63199413
a14.4x21.6,14.4,21.6,-180,0,8.6905279,-67.62965015
a18x21.6,18,21.6,-180,0,13.3355541,-67.76559391
a21.6x21.6,21.6,21.6,-180,0,17.7289734,-67.99974272
a25.2x21.6,25.2,21.6,-180,0,22.1249218,-68.23337803
a28.8x21.6,28.8,21.6,-180,0,28.0426521,-68.17464708
a32.4x21.6,32.4,21.6,-180,0,37.4484367,-67.27098757
a36x21.6,36,21.6,-180,0,51.052124,-64.71858417
a39.6x21.6,39.6,21.6,-180,0,67.0595474,-59.64110711
a43.2x21.6,43.2,21.6,-180,0,86.1223831,-50.06923706
a46.8x21.6,46.8,21.6,-180,0,101.7931061,-38.51085134
a50.4x21.6,50.4,21.6,-180,0,112.1217194,-28.54241066
a54x21.6,54,21.6,-180,0,117.2341614,-22.91747506
a57.6x21.6,57.6,21.6,-180,0,119.5497284,-20.7255904
a61.2x21.6,61.2,21.6,-180,0,121.2292633,-19.61513562
a64.8x21.6,64.8,21.6,-180,0,123.3605499,-17.9220582
a68.4x21.6,68.4,21.6,-180,0,126.2821808,-14.99866923
a72x21.6,72,21.6,-180,0,129.1266632,-11.7614143
a75.6x21.6,75.6,21.6,-180,0,131.2954712,-9.499601855
a79.2x21.6,79.2,21.6,-180,0,133.1422424,-8.801824566
a82.8x21.6,82.8,21.6,-180,0,135.0092468,-9.130770294
a86.4x21.6,86.4,21.6,-180,0,136.6862488,-10.08821259
a90x21.6,90,21.6,-180,0,137.9802551,-11.36950622
a93.6x21.6,93.6,21.6,-180,0,139.022995,-12.47782346
a97.2x21.6,97.2,21.6,-180,0,140.0125275,-13.00419615
a100.8x21.6,100.8,21.6,-180,0,141.149765,-12.56402224
a104.4x21.6,104.4,21.6,-180,0,142.5360413,-11.55060089
a108x21.6,108,21.6,-180,0,144.1821899,-10.36226751
a111.6x21.6,111.6,21.6,-180,0,145.9927063,-9.201857906
a115.2x21.6,115.2,21.6,-180,0,147.8946686,-8.132664759
a118.8x21.6,118.8,21.6,-180,0,149.8147583,-7.092119544
a122.4x21.6,122.4,21.6,-180,0,151.7294464,-5.981571378
a126x21.6,126,21.6,-180,0,153.7108917,-4.768763223
a129.6x21.6,129.6,21.6,-180,0,155.7501984,-3.581238834
a133.2x21.6,133.2,21.6,-180,0,157.8315277,-2.481720298
a136.8x21.6,136.8,21.6,-180,0,159.977829,-1.483640119
a140.4x21.6,140.4,21.6,-180,0,162.1727295,-0.584685949
a144x21.6,144,21.6,-180,0,164.4175262,0.236059128
a147.6x21.6,147.6,21.6,-180,0,166.7406616,0.987058704
a151.2x21.6,151.2,21.6,-180,0,169.1302948,1.679074785
a154.8x21.6,154.8,21.6,-180,0,171.5797119,2.325563063
a158.4x21.6,158.4,21.6,-180,0,174.0965729,2.925841643
a162x21.6,162,21.6,-180,0,176.6808167,3.483036362
a165.6x21.6,165.6,21.6,-180,0,179.3223267,4.005552624
a169.2x21.6,169.2,21.6,-180,0,182.0175476,4.497484126
a172.8x21.6,172.8,21.6,-180,0,184.7761078,4.958089134
a176.4x21.6,176.4,21.6,-180,0,187.5957489,5.391462753
a-180x25.2,-180,25.2,-180,0,-187.3135986,17.91803141
a-176.4x25.2,-176.4,25.2,-180,0,-184.1037445,17.93317872
a-172.8x25.2,-172.8,25.2,-180,0,-180.9141235,17.96544051
a-169.2x25.2,-169.2,25.2,-180,0,-177.7455597,18.01608703
a-165.6x25.2,-165.6,25.2,-180,0,-174.5968628,18.08610189
a-162x25.2,-162,25.2,-180,0,-171.4656219,18.1784189
a-158.4x25.2,-158.4,25.2,-180,0,-168.352005,18.29881604
a-154.8x25.2,-154.8,25.2,-180,0,-165.256485,18.45840977
a-151.2x25.2,-151.2,25.2,-180,0,-162.1757355,18.66519073
a-147.6x25.2,-147.6,25.2,-180,0,-159.1098328,18.93294739
a-144x25.2,-144,25.2,-180,0,-156.0587463,19.29244862
a-140.4x25.2,-140.4,25.2,-180,0,-153.0222321,19.76611487
a-136.8x25.2,-136.8,25.2,-180,0,-150.0018463,20.41473185
a-133.2x25.2,-133.2,25.2,-180,0,-146.9980927,21.294433
a-129.6x25.2,-129.6,25.2,-180,0,-144.0214081,22.48109584
a-126x25.2,-126,25.2,-180,0,-141.1050415,24.04625746
a-122.4x25.2,-122.4,25.2,-180,0,-138.3020172,25.98555914
a-118.8x25.2,-118.8,25.2,-180,0,-135.904068,28.10512119
a-115.2x25.2,-115.2,25.2,-180,0,-133.9027405,29.99284873
a-111.6x25.2,-111.6,25.2,-180,0,-132.5712738,31.39948743
a-108x25.2,-108,25.2,-180,0,-131.6077118,32.24651372
a-104.4x25.2,-104.4,25.2,-180,0,-131.0087891,32.54538295
a-100.8x25.2,-100.8,25.2,-180,0,-130.6034851,32.45985357
a-97.2x25.2,-97.2,25.2,-180,0,-130.0336914,32.22376733
a-93.6x25.2,-93.6,25.2,-180,0,-129.3083954,31.79615968
a-90x25.2,-90,25.2,-180,0,-128.6871643,31.0658957
a-86.4x25.2,-86.4,25.2,-180,0,-127.9775848,30.16359675
a-82.8x25.2,-82.8,25.2,-180,0,-127.3642502,28.19453717
a-79.2x25.2,-79.2,25.2,-180,0,-126.5276489,25.83301782
a-75.6x25.2,-75.6,25.2,-180,0,-125.4723816,22.52225342
a-72x25.2,-72,25.2,-180,0,-123.9618683,18.82609841
a-68.4x25.2,-68.4,25.2,-180,0,-122.1052551,15.00420178
a-64.8x25.2,-64.8,25.2,-180,0,-120.0023804,11.29937709
a-61.2x25.2,-61.2,25.2,-180,0,-117.8930206,7.865040176
a-57.6x25.2,-57.6,25.2,-180,0,-115.7076111,4.552086352
a-54x25.2,-54,25.2,-180,0,-113.3013611,1.006851399
a-50.4x25.2,-50.4,25.2,-180,0,-110.6662216,-2.846472676
a-46.8x25.2,-46.8,25.2,-180,0,-107.5584183,-7.309935524
a-43.2x25.2,-43.2,25.2,-180,0,-104.2171097,-12.10292275
a-39.6x25.2,-39.6,25.2,-180,0,-100.7224731,-17.27348917
a-36x25.2,-36,25.2,-180,0,-97.7143555,-21.56632304
a-32.4x25.2,-32.4,25.2,-180,0,-95.0230179,-25.48274489
a-28.8x25.2,-28.8,25.2,-180,0,-93.0154495,-28.31274948
a-25.2x25.2,-25.2,25.2,-180,0,-91.167572,-30.84439018
a-21.6x25.2,-21.6,25.2,-180,0,-89.0288467,-33.51152004
a-18x25.2,-18,25.2,-180,0,-86.3398972,-36.32077242
a-14.4x25.2,-14.4,25.2,-180,0,-82.7811661,-38.63296467
a-10.8x25.2,-10.8,25.2,-180,0,-71.9514465,-45.39529762
a-7.2x25.2,-7.2,25.2,-180,0,-52.9218636,-55.51903657
a-3.6x25.2,-3.6,25.2,-180,0,-34.5142021,-62.14761315
a0x25.2,0,25.2,-180,0,-19.0582027,-65.30891512
a3.6x25.2,3.6,25.2,-180,0,-8.6490107,-66.03719416
a7.2x25.2,7.2,25.2,-180,0,-1.043703,-66.03280095
a10.8x25.2,10.8,25.2,-180,0,4.9951792,-65.88698632
a14.4x25.2,14.4,25.2,-180,0,9.688056,-65.81734034
a18x25.2,18,25.2,-180,0,13.6378679,-65.95341552
a21.6x25.2,21.6,25.2,-180,0,17.6553764,-66.19585307
a25.2x25.2,25.2,25.2,-180,0,22.168129,-66.3300306
a28.8x25.2,28.8,25.2,-180,0,29.3062229,-65.80293079
a32.4x25.2,32.4,25.2,-180,0,41.3664589,-63.9700736
a36x25.2,36,25.2,-180,0,57.9529648,-59.70220014
a39.6x25.2,39.6,25.2,-180,0,79.6413574,-49.63716259
a43.2x25.2,43.2,25.2,-180,0,99.1149368,-35.98892684
a46.8x25.2,46.8,25.2,-180,0,114.0373535,-21.30376877
a50.4x25.2,50.4,25.2,-180,0,122.4242706,-9.719400622
a54x25.2,54,25.2,-180,0,125.4286423,-4.954209775
a57.6x25.2,57.6,25.2,-180,0,126.5443268,-4.016107689
a61.2x25.2,61.2,25.2,-180,0,127.329689,-4.028171161
a64.8x25.2,64.8,25.2,-180,0,128.6246796,-3.256188966
a68.4x25.2,68.4,25.2,-180,0,130.1121521,-2.042309874
a72x25.2,72,25.2,-180,0,131.5867462,-0.870674122
a75.6x25.2,75.6,25.2,-180,0,133.1100464,0.10669841
a79.2x25.2,79.2,25.2,-180,0,134.7537994,0.71154237
a82.8x25.2,82.8,25.2,-180,0,136.3398743,0.496460431
a86.4x25.2,86.4,25.2,-180,0,137.775238,-0.67248126
a90x25.2,90,25.2,-180,0,139.0050964,-2.232328952
a93.6x25.2,93.6,25.2,-180,0,140.1422424,-3.541684635
a97.2x25.2,97.2,25.2,-180,0,141.2971039,-4.1787494
a100.8x25.2,100.8,25.2,-180,0,142.5360413,-3.953380131
a104.4x25.2,104.4,25.2,-180,0,143.9624634,-3.229448652
a108x25.2,108,25.2,-180,0,145.5757599,-2.305666611
a111.6x25.2,111.6,25.2,-180,0,147.3484039,-1.359643076
a115.2x25.2,115.2,25.2,-180,0,149.1951294,-0.46393249
a118.8x25.2,118.8,25.2,-180,0,151.0794678,0.386422366
a122.4x25.2,122.4,25.2,-180,0,152.956543,1.265326712
a126x25.2,126,25.2,-180,0,154.8656006,2.1836094
a129.6x25.2,129.6,25.2,-180,0,156.837738,3.083775263
a133.2x25.2,133.2,25.2,-180,0,158.8461914,3.917839489
a136.8x25.2,136.8,25.2,-180,0,160.9111786,4.664818822
a140.4x25.2,140.4,25.2,-180,0,163.0374908,5.328749294
a144x25.2,144,25.2,-180,0,165.2198639,5.92925033
a147.6x25.2,147.6,25.2,-180,0,167.4799042,6.481151415
a151.2x25.2,151.2,25.2,-180,0,169.8157959,6.989596486
a154.8x25.2,154.8,25.2,-180,0,172.2149506,7.466500961
a158.4x25.2,158.4,25.2,-180,0,174.6803589,7.913149202
a162x25.2,162,25.2,-180,0,177.2212067,8.329594572
a165.6x25.2,165.6,25.2,-180,0,179.8229065,8.722800899
a169.2x25.2,169.2,25.2,-180,0,182.4835358,9.095526196
a172.8x25.2,172.8,25.2,-180,0,185.208725,9.450074207
a176.4x25.2,176.4,25.2,-180,0,188.0006409,9.788307691
a-180x28.8,-180,28.8,-180,0,-187.3084717,21.72571612
a-176.4x28.8,-176.4,28.8,-180,0,-184.0851135,21.76445437
a-172.8x28.8,-172.8,28.8,-180,0,-180.8829193,21.82223264
a-169.2x28.8,-169.2,28.8,-180,0,-177.7021484,21.89811731
a-165.6x28.8,-165.6,28.8,-180,0,-174.5406952,21.99140933
a-162x28.8,-162,28.8,-180,0,-171.393692,22.1047759
a-158.4x28.8,-158.4,28.8,-180,0,-168.259613,22.24371714
a-154.8x28.8,-154.8,28.8,-180,0,-165.1368713,22.42051018
a-151.2x28.8,-151.2,28.8,-180,0,-162.019928,22.64390815
a-147.6x28.8,-147.6,28.8,-180,0,-158.9058533,22.92927155
a-144x28.8,-144,28.8,-180,0,-155.7874908,23.31041444
a-140.4x28.8,-140.4,28.8,-180,0,-152.6595306,23.81369983
a-136.8x28.8,-136.8,28.8,-180,0,-149.5058441,24.4994613
a-133.2x28.8,-133.2,28.8,-180,0,-146.3070221,25.45952999
a-129.6x28.8,-129.6,28.8,-180,0,-143.0607605,26.79163902
a-126x28.8,-126,28.8,-180,0,-139.8348541,28.57400772
a-122.4x28.8,-122.4,28.8,-180,0,-136.8133545,30.63086026
a-118.8x28.8,-118.8,28.8,-180,0,-134.5239868,32.4937225
a-115.2x28.8,-115.2,28.8,-180,0,-132.8720245,33.81851593
a-111.6x28.8,-111.6,28.8,-180,0,-131.8809052,34.59186205
a-108x28.8,-108,28.8,-180,0,-131.1747742,34.97936392
a-104.4x28.8,-104.4,28.8,-180,0,-130.6793365,35.12989028
a-100.8x28.8,-100.8,28.8,-180,0,-130.3690796,35.14163386
a-97.2x28.8,-97.2,28.8,-180,0,-129.9325104,35.14922293
a-93.6x28.8,-93.6,28.8,-180,0,-129.3507233,35.08497856
a-90x28.8,-90,28.8,-180,0,-128.872406,34.75788716
a-86.4x28.8,-86.4,28.8,-180,0,-128.3829803,34.29825575
a-82.8x28.8,-82.8,28.8,-180,0,-127.8681564,33.33361115
a-79.2x28.8,-79.2,28.8,-180,0,-127.3109055,31.82983457
a-75.6x28.8,-75.6,28.8,-180,0,-126.6112976,29.95254573
a-72x28.8,-72,28.8,-180,0,-125.7268143,27.20471676
a-68.4x28.8,-68.4,28.8,-180,0,-124.4001846,24.17310293
a-64.8x28.8,-64.8,28.8,-180,0,-122.7372284,20.85549875
a-61.2x28.8,-61.2,28.8,-180,0,-120.8508911,17.44223685
a-57.6x28.8,-57.6,28.8,-180,0,-118.9021988,14.06733783
a-54x28.8,-54,28.8,-180,0,-116.8903732,10.90867578
a-50.4x28.8,-50.4,28.8,-180,0,-114.7267761,7.531350062
a-46.8x28.8,-46.8,28.8,-180,0,-112.3601761,3.785501138
a-43.2x28.8,-43.2,28.8,-180,0,-109.6459656,-0.461747654
a-39.6x28.8,-39.6,28.8,-180,0,-106.6599503,-5.210018992
a-36x28.8,-36,28.8,-180,0,-103.4243011,-10.54280872
a-32.4x28.8,-32.4,28.8,-180,0,-100.2209396,-15.70435435
a-28.8x28.8,-28.8,28.8,-180,0,-97.0790863,-20.93697579
a-25.2x28.8,-25.2,28.8,-180,0,-94.4439545,-25.14314865
a-21.6x28.8,-21.6,28.8,-180,0,-92.0992203,-28.79722149
a-18x28.8,-18,28.8,-180,0,-89.5253372,-32.26867988
a-14.4x28.8,-14.4,28.8,-180,0,-85.701416,-36.02890317
a-10.8x28.8,-10.8,28.8,-180,0,-79.067421,-39.66652643
a-7.2x28.8,-7.2,28.8,-180,0,-58.8874207,-50.25660278
a-3.6x28.8,-3.6,28.8,-180,0,-35.8612862,-59.10288134
a0x28.8,0,28.8,-180,0,-17.0180683,-63.20721051
a3.6x28.8,3.6,28.8,-180,0,-5.6685495,-64.0620607
a7.2x28.8,7.2,28.8,-180,0,1.5907283,-64.04194201
a10.8x28.8,10.8,28.8,-180,0,6.7928138,-63.8175045
a14.4x28.8,14.4,28.8,-180,0,10.9589119,-63.74126122
a18x28.8,18,28.8,-180,0,14.3678255,-63.79661885
a21.6x28.8,21.6,28.8,-180,0,18.3344975,-63.91387023
a25.2x28.8,25.2,28.8,-180,0,23.6386814,-63.69417686
a28.8x28.8,28.8,28.8,-180,0,33.0423203,-62.32298518
a32.4x28.8,32.4,28.8,-180,0,48.8583298,-58.50157139
a36x28.8,36,28.8,-180,0,72.0212936,-48.97312565
a39.6x28.8,39.6,28.8,-180,0,94.8412552,-33.71939307
a43.2x28.8,43.2,28.8,-180,0,112.982666,-15.50854458
a46.8x28.8,46.8,28.8,-180,0,124.5639114,1.629764222
a50.4x28.8,50.4,28.8,-180,0,128.2236023,10.07682957
a54x28.8,54,28.8,-180,0,129.3272705,13.33643273
a57.6x28.8,57.6,28.8,-180,0,129.7986908,13.51724815
a61.2x28.8,61.2,28.8,-180,0,130.3225861,12.98995432
a64.8x28.8,64.8,28.8,-180,0,131.1457672,12.81704268
a68.4x28.8,68.4,28.8,-180,0,132.2853394,13.12198489
a72x28.8,72,28.8,-180,0,133.7151337,13.73598954
a75.6x28.8,75.6,28.8,-180,0,135.2653046,13.90310736
a79.2x28.8,79.2,28.8,-180,0,136.6510315,13.24712923
a82.8x28.8,82.8,28.8,-180,0,137.8856506,11.94152082
a86.4x28.8,86.4,28.8,-180,0,139.0470734,10.13400322
a90x28.8,90,28.8,-180,0,140.1571503,8.405306266
a93.6x28.8,93.6,28.8,-180,0,141.3205261,6.922852457
a97.2x28.8,97.2,28.8,-180,0,142.5613098,6.046418537
a100.8x28.8,100.8,28.8,-180,0,143.8654327,5.86854636
a104.4x28.8,104.4,28.8,-180,0,145.3015137,6.151241801
a108x28.8,108,28.8,-180,0,146.8617096,6.64893766
a111.6x28.8,111.6,28.8,-180,0,148.5502319,7.186539504
a115.2x28.8,115.2,28.8,-180,0,150.3028564,7.710507435
a118.8x28.8,118.8,28.8,-180,0,152.1056824,8.200966856
a122.4x28.8,122.4,28.8,-180,0,153.9282532,8.713174012
a126x28.8,126,28.8,-180,0,155.7775269,9.280414013
a129.6x28.8,129.6,28.8,-180,0,157.6934357,9.85583426
a133.2x28.8,133.2,28.8,-180,0,159.637619,10.39086652
a136.8x28.8,136.8,28.8,-180,0,161.6330872,10.8610903
a140.4x28.8,140.4,28.8,-180,0,163.7033234,11.27322786
a144x28.8,144,28.8,-180,0,165.8383789,11.64670325
a147.6x28.8,147.6,28.8,-180,0,168.0525208,11.99716926
a151.2x28.8,151.2,28.8,-180,0,170.3491058,12.32445835
a154.8x28.8,154.8,28.8,-180,0,172.7110596,12.63360538
a158.4x28.8,158.4,28.8,-180,0,175.1378479,12.92543604
a162x28.8,162,28.8,-180,0,177.6457672,13.19991722
a165.6x28.8,165.6,28.8,-180,0,180.2174835,13.46138445
a169.2x28.8,169.2,28.8,-180,0,182.8513947,13.71269746
a172.8x28.8,172.8,28.8,-180,0,185.5537415,13.9570423
a176.4x28.8,176.4,28.8,-180,0,188.3269196,14.1976914
a-180x32.4,-180,32.4,-180,0,-187.2796936,25.51556592
a-176.4x32.4,-176.4,32.4,-180,0,-184.0387115,25.57900999
a-172.8x32.4,-172.8,32.4,-180,0,-180.8225098,25.66413217
a-169.2x32.4,-169.2,32.4,-180,0,-177.6296692,25.76600566
a-165.6x32.4,-165.6,32.4,-180,0,-174.4570618,25.88064006
a-162x32.4,-162,32.4,-180,0,-171.2967834,26.01037486
a-158.4x32.4,-158.4,32.4,-180,0,-168.1439972,26.16059738
a-154.8x32.4,-154.8,32.4,-180,0,-164.9967651,26.34319254
a-151.2x32.4,-151.2,32.4,-180,0,-161.8426819,26.56855242
a-147.6x32.4,-147.6,32.4,-180,0,-158.6779633,26.85290123
a-144x32.4,-144,32.4,-180,0,-155.4867096,27.22944541
a-140.4x32.4,-140.4,32.4,-180,0,-152.2569122,27.725345
a-136.8x32.4,-136.8,32.4,-180,0,-148.9612579,28.3873243
a-133.2x32.4,-133.2,32.4,-180,0,-145.5398254,29.32633262
a-129.6x32.4,-129.6,32.4,-180,0,-142.0006256,30.62434054
a-126x32.4,-126,32.4,-180,0,-138.4984436,32.29959424
a-122.4x32.4,-122.4,32.4,-180,0,-135.4629669,34.09564498
a-118.8x32.4,-118.8,32.4,-180,0,-133.4491882,35.34545629
a-115.2x32.4,-115.2,32.4,-180,0,-132.2581787,36.02550982
a-111.6x32.4,-111.6,32.4,-180,0,-131.545166,36.33827786
a-108x32.4,-108,32.4,-180,0,-130.9970551,36.46982443
a-104.4x32.4,-104.4,32.4,-180,0,-130.5306702,36.54893644
a-100.8x32.4,-100.8,32.4,-180,0,-130.2473755,36.5693266
a-97.2x32.4,-97.2,32.4,-180,0,-129.8838196,36.59551575
a-93.6x32.4,-93.6,32.4,-180,0,-129.4200439,36.57914205
a-90x32.4,-90,32.4,-180,0,-128.9986115,36.44209538
a-86.4x32.4,-86.4,32.4,-180,0,-128.6257019,36.11217976
a-82.8x32.4,-82.8,32.4,-180,0,-128.1853638,35.64723042
a-79.2x32.4,-79.2,32.4,-180,0,-127.7322693,34.98254325
a-75.6x32.4,-75.6,32.4,-180,0,-127.1714096,34.17558486
a-72x32.4,-72,32.4,-180,0,-126.5430832,32.76593132
a-68.4x32.4,-68.4,32.4,-180,0,-125.7008209,31.11258144
a-64.8x32.4,-64.8,32.4,-180,0,-124.6613846,29.29877839
a-61.2x32.4,-61.2,32.4,-180,0,-123.1622467,26.72682429
a-57.6x32.4,-57.6,32.4,-180,0,-121.581192,24.03624288
a-54x32.4,-54,32.4,-180,0,-119.8987274,21.22549108
a-50.4x32.4,-50.4,32.4,-180,0,-118.0911713,18.19606443
a-46.8x32.4,-46.8,32.4,-180,0,-116.2157516,15.05998192
a-43.2x32.4,-43.2,32.4,-180,0,-114.1125183,11.48182303
a-39.6x32.4,-39.6,32.4,-180,0,-111.8718719,7.670599084
a-36x32.4,-36,32.4,-180,0,-109.3518372,3.397934518
a-32.4x32.4,-32.4,32.4,-180,0,-106.6838531,-1.282587912
a-28.8x32.4,-28.8,32.4,-180,0,-103.8407669,-6.368260277
a-25.2x32.4,-25.2,32.4,-180,0,-100.8119431,-11.83658102
a-21.6x32.4,-21.6,32.4,-180,0,-97.6030121,-17.76256989
a-18x32.4,-18,32.4,-180,0,-94.1358337,-23.86847917
a-14.4x32.4,-14.4,32.4,-180,0,-90.1100311,-29.28934525
a-10.8x32.4,-10.8,32.4,-180,0,-82.9863358,-34.63678549
a-7.2x32.4,-7.2,32.4,-180,0,-67.4865799,-41.47482313
a-3.6x32.4,-3.6,32.4,-180,0,-40.8746185,-52.49425952
a0x32.4,0,32.4,-180,0,-17.6466293,-58.90017682
a3.6x32.4,3.6,32.4,-180,0,-4.2745466,-61.00236252
a7.2x32.4,7.2,32.4,-180,0,3.4784594,-61.56034355
a10.8x32.4,10.8,32.4,-180,0,8.3417292,-61.51776236
a14.4x32.4,14.4,32.4,-180,0,12.025775,-61.36727688
a18x32.4,18,32.4,-180,0,15.6228418,-61.2173256
a21.6x32.4,21.6,32.4,-180,0,20.2906876,-60.88049236
a25.2x32.4,25.2,32.4,-180,0,27.7052364,-59.86683861
a28.8x32.4,28.8,32.4,-180,0,41.9740524,-56.57611564
a32.4x32.4,32.4,32.4,-180,0,65.1340179,-47.70691739
a36x32.4,36,32.4,-180,0,92.7143936,-28.61339749
a39.6x32.4,39.6,32.4,-180,0,113.2643127,-2.806359709
a43.2x32.4,43.2,32.4,-180,0,124.8913345,18.63559397
a46.8x32.4,46.8,32.4,-180,0,128.586731,27.03155981
a50.4x32.4,50.4,32.4,-180,0,129.8596039,30.73414728
a54x32.4,54,32.4,-180,0,130.4044037,32.36206972
a57.6x32.4,57.6,32.4,-180,0,130.7900085,32.74710278
a61.2x32.4,61.2,32.4,-180,0,131.310379,32.71183053
a64.8x32.4,64.8,32.4,-180,0,132.1352844,32.5859127
a68.4x32.4,68.4,32.4,-180,0,133.2841949,32.10182479
a72x32.4,72,32.4,-180,0,134.69841,31.19235403
a75.6x32.4,75.6,32.4,-180,0,136.1957245,29.33935425
a79.2x32.4,79.2,32.4,-180,0,137.5377655,26.84325746
a82.8x32.4,82.8,32.4,-180,0,138.7578888,24.26276504
a86.4x32.4,86.4,32.4,-180,0,139.87883,21.84123987
a90x32.4,90,32.4,-180,0,141.0101318,19.79560145
a93.6x32.4,93.6,32.4,-180,0,142.2483673,18.15569661
a97.2x32.4,97.2,32.4,-180,0,143.5344086,16.98500301
a100.8x32.4,100.8,32.4,-180,0,144.863739,16.32756651
a104.4x32.4,104.4,32.4,-180,0,146.2838287,16.07220772
a108x32.4,108,32.4,-180,0,147.7898407,16.04199327
a111.6x32.4,111.6,32.4,-180,0,149.4043121,16.08004534
a115.2x32.4,115.2,32.4,-180,0,151.0809937,16.14382098
a118.8x32.4,118.8,32.4,-180,0,152.8199768,16.20751543
a122.4x32.4,122.4,32.4,-180,0,154.6019135,16.31696022
a126x32.4,126,32.4,-180,0,156.4154053,16.51954581
a129.6x32.4,129.6,32.4,-180,0,158.2910767,16.75417296
a133.2x32.4,133.2,32.4,-180,0,160.1876526,16.96393502
a136.8x32.4,136.8,32.4,-180,0,162.1323853,17.12606613
a140.4x32.4,140.4,32.4,-180,0,164.1654663,17.26029036
a144x32.4,144,32.4,-180,0,166.2731476,17.38799564
a147.6x32.4,147.6,32.4,-180,0,168.4603882,17.5284618
a151.2x32.4,151.2,32.4,-180,0,170.7323608,17.67615328
a154.8x32.4,154.8,32.4,-180,0,173.0691071,17.82057684
a158.4x32.4,158.4,32.4,-180,0,175.4694672,17.9581821
a162x32.4,162,32.4,-180,0,177.9524994,18.08916478
a165.6x32.4,165.6,32.4,-180,0,180.5031128,18.21576207
a169.2x32.4,169.2,32.4,-180,0,183.1191864,18.34203317
a172.8x32.4,172.8,32.4,-180,0,185.8060608,18.47247067
a176.4x32.4,176.4,32.4,-180,0,188.5701447,18.61225182
a-180x36,-180,36,-180,0,-187.2273254,29.28366463
a-176.4x36,-176.4,36,-180,0,-183.9611511,29.37430136
a-172.8x36,-172.8,36,-180,0,-180.7308197,29.49139415
a-169.2x36,-169.2,36,-180,0,-177.5271606,29.62264726
a-165.6x36,-165.6,36,-180,0,-174.3483887,29.75722712
a-162x36,-162,36,-180,0,-171.1812439,29.89796774
a-158.4x36,-158.4,36,-180,0,-168.0111237,30.05137395
a-154.8x36,-154.8,36,-180,0,-164.8463898,30.22688538
a-151.2x36,-151.2,36,-180,0,-161.654892,30.43636239
a-147.6x36,-147.6,36,-180,0,-158.4415894,30.69521944
a-144x36,-144,36,-180,0,-155.175354,31.03895421
a-140.4x36,-140.4,36,-180,0,-151.8389893,31.49089732
a-136.8x36,-136.8,36,-180,0,-148.4042511,32.07842632
a-133.2x36,-133.2,36,-180,0,-144.7816315,32.86637607
a-129.6x36,-129.6,36,-180,0,-141.0117645,33.91986246
a-126x36,-126,36,-180,0,-137.3648224,35.171103
a-122.4x36,-122.4,36,-180,0,-134.5490112,36.29061764
a-118.8x36,-118.8,36,-180,0,-132.8303833,36.96872886
a-115.2x36,-115.2,36,-180,0,-131.9756012,37.24405486
a-111.6x36,-111.6,36,-180,0,-131.4276581,37.3101872
a-108x36,-108,36,-180,0,-130.9625092,37.29705786
a-104.4x36,-104.4,36,-180,0,-130.5179443,37.29015589
a-100.8x36,-100.8,36,-180,0,-130.2107697,37.26711769
a-97.2x36,-97.2,36,-180,0,-129.8857269,37.23557532
a-93.6x36,-93.6,36,-180,0,-129.4858398,37.18305122
a-90x36,-90,36,-180,0,-129.1083069,37.08858514
a-86.4x36,-86.4,36,-180,0,-128.7729645,36.92716055
a-82.8x36,-82.8,36,-180,0,-128.3973541,36.74788805
a-79.2x36,-79.2,36,-180,0,-127.9932785,36.48752632
a-75.6x36,-75.6,36,-180,0,-127.5299683,36.10277738
a-72x36,-72,36,-180,0,-126.9515228,35.4710672
a-68.4x36,-68.4,36,-180,0,-126.316185,34.80467035
a-64.8x36,-64.8,36,-180,0,-125.5097198,34.14091817
a-61.2x36,-61.2,36,-180,0,-124.5067673,33.13275925
a-57.6x36,-57.6,36,-180,0,-123.3336563,31.68638567
a-54x36,-54,36,-180,0,-122.0726776,29.97091059
a-50.4x36,-50.4,36,-180,0,-120.7488403,28.12287958
a-46.8x36,-46.8,36,-180,0,-119.3538437,25.92285278
a-43.2x36,-43.2,36,-180,0,-117.7476883,23.19957302
a-39.6x36,-39.6,36,-180,0,-116.0106659,20.22795309
a-36x36,-36,36,-180,0,-114.1398773,17.03811858
a-32.4x36,-32.4,36,-180,0,-112.168045,13.61907789
a-28.8x36,-28.8,36,-180,0,-110.1121216,10.00272983
a-25.2x36,-25.2,36,-180,0,-108.0480957,6.291375894
a-21.6x36,-21.6,36,-180,0,-105.9364548,2.408974871
a-18x36,-18,36,-180,0,-102.882103,-2.941550785
a-14.4x36,-14.4,36,-180,0,-97.801857,-10.66007893
a-10.8x36,-10.8,36,-180,0,-89.6616058,-18.8520239
a-7.2x36,-7.2,36,-180,0,-74.976738,-28.40934889
a-3.6x36,-3.6,36,-180,0,-50.1736526,-41.30937351
a0x36,0,36,-180,0,-24.0763741,-51.5264903
a3.6x36,3.6,36,-180,0,-6.7718673,-56.3907673
a7.2x36,7.2,36,-180,0,2.9917595,-58.29881625
a10.8x36,10.8,36,-180,0,8.9050608,-58.93026729
a14.4x36,14.4,36,-180,0,13.1738653,-58.82307211
a18x36,18,36,-180,0,17.7863979,-58.29794318
a21.6x36,21.6,36,-180,0,25.1005096,-57.16060406
a25.2x36,25.2,36,-180,0,37.6854858,-54.40583915
a28.8x36,28.8,36,-180,0,62.1702843,-44.32827541
a32.4x36,32.4,36,-180,0,96.7860641,-12.58649245
a36x36,36,36,-180,0,117.6234665,28.69383671
a39.6x36,39.6,36,-180,0,122.6170349,43.95392362
a43.2x36,43.2,36,-180,0,125.4960938,46.81874892
a46.8x36,46.8,36,-180,0,127.7453232,46.91466045
a50.4x36,50.4,36,-180,0,128.9848328,46.2572597
a54x36,54,36,-180,0,129.5574646,45.74316601
a57.6x36,57.6,36,-180,0,129.9443359,45.74815007
a61.2x36,61.2,36,-180,0,130.4834595,45.87675253
a64.8x36,64.8,36,-180,0,131.3540497,45.84967357
a68.4x36,68.4,36,-180,0,132.5875549,45.21136927
a72x36,72,36,-180,0,134.0839691,43.90872548
a75.6x36,75.6,36,-180,0,135.7080078,41.63908717
a79.2x36,79.2,36,-180,0,137.2633209,38.75161036
a82.8x36,82.8,36,-180,0,138.6310272,35.67672534
a86.4x36,86.4,36,-180,0,139.951416,32.84505397
a90x36,90,36,-180,0,141.2914276,30.53649478
a93.6x36,93.6,36,-180,0,142.6056061,28.73131467
a97.2x36,97.2,36,-180,0,143.951355,27.37013035
a100.8x36,100.8,36,-180,0,145.3476715,26.45477684
a104.4x36,104.4,36,-180,0,146.7846069,25.87172598
a108x36,108,36,-180,0,148.2705841,25.46734072
a111.6x36,111.6,36,-180,0,149.84375,25.08036375
a115.2x36,115.2,36,-180,0,151.4749908,24.70499116
a118.8x36,118.8,36,-180,0,153.1789398,24.33237311
a122.4x36,122.4,36,-180,0,154.9488525,24.03943461
a126x36,126,36,-180,0,156.7516632,23.87974193
a129.6x36,129.6,36,-180,0,158.6057739,23.77029083
a133.2x36,133.2,36,-180,0,160.4743805,23.64094375
a136.8x36,136.8,36,-180,0,162.3931274,23.46640423
a140.4x36,140.4,36,-180,0,164.4122314,23.29126046
a144x36,144,36,-180,0,166.5181274,23.14556705
a147.6x36,147.6,36,-180,0,168.7037964,23.06456589
a151.2x36,151.2,36,-180,0,170.9663544,23.03700043
a154.8x36,154.8,36,-180,0,173.2887878,23.02293466
a158.4x36,158.4,36,-180,0,175.672348,23.00823895
a162x36,162,36,-180,0,178.1369781,22.99248353
a165.6x36,165.6,36,-180,0,180.6751862,22.97872696
a169.2x36,169.2,36,-180,0,183.2830658,22.97438655
a172.8x36,172.8,36,-180,0,185.9637604,22.98588871
a176.4x36,176.4,36,-180,0,188.7281189,23.0213768
a-180x39.6,-180,39.6,-180,0,-187.1485443,33.02278772
a-176.4x39.6,-176.4,39.6,-180,0,-183.8475494,33.14364221
a-172.8x39.6,-172.8,39.6,-180,0,-180.6001434,33.30087983
a-169.2x39.6,-169.2,39.6,-180,0,-177.389267,33.46982606
a-165.6x39.6,-165.6,39.6,-180,0,-174.2140045,33.62603471
a-162x39.6,-162,39.6,-180,0,-171.0482025,33.77468251
a-158.4x39.6,-158.4,39.6,-180,0,-167.8672638,33.92435612
a-154.8x39.6,-154.8,39.6,-180,0,-164.6944733,34.0807543
a-151.2x39.6,-151.2,39.6,-180,0,-161.4712982,34.25519179
a-147.6x39.6,-147.6,39.6,-180,0,-158.2159729,34.46242155
a-144x39.6,-144,39.6,-180,0,-154.8741455,34.73900334
a-140.4x39.6,-140.4,39.6,-180,0,-151.4377594,35.10076249
a-136.8x39.6,-136.8,39.6,-180,0,-147.8828583,35.55457438
a-133.2x39.6,-133.2,39.6,-180,0,-144.1166229,36.10691185
a-129.6x39.6,-129.6,39.6,-180,0,-140.2354431,36.7481073
a-126x39.6,-126,39.6,-180,0,-136.5693359,37.40495813
a-122.4x39.6,-122.4,39.6,-180,0,-134.0241394,37.86401451
a-118.8x39.6,-118.8,39.6,-180,0,-132.5673828,38.06361554
a-115.2x39.6,-115.2,39.6,-180,0,-131.8983459,38.0758115
a-111.6x39.6,-111.6,39.6,-180,0,-131.4240112,38.01416038
a-108x39.6,-108,39.6,-180,0,-130.9746246,37.93714877
a-104.4x39.6,-104.4,39.6,-180,0,-130.5243683,37.86430578
a-100.8x39.6,-100.8,39.6,-180,0,-130.1859131,37.76627818
a-97.2x39.6,-97.2,39.6,-180,0,-129.8839111,37.65777158
a-93.6x39.6,-93.6,39.6,-180,0,-129.5132599,37.56208576
a-90x39.6,-90,39.6,-180,0,-129.1516876,37.47821085
a-86.4x39.6,-86.4,39.6,-180,0,-128.8254852,37.37292119
a-82.8x39.6,-82.8,39.6,-180,0,-128.4814453,37.29648685
a-79.2x39.6,-79.2,39.6,-180,0,-128.1331024,37.20377956
a-75.6x39.6,-75.6,39.6,-180,0,-127.7571869,37.04154945
a-72x39.6,-72,39.6,-180,0,-127.2312775,36.76563551
a-68.4x39.6,-68.4,39.6,-180,0,-126.5869141,36.43173608
a-64.8x39.6,-64.8,39.6,-180,0,-125.8676758,36.12199722
a-61.2x39.6,-61.2,39.6,-180,0,-125.0632095,35.80357577
a-57.6x39.6,-57.6,39.6,-180,0,-124.1056366,35.27244389
a-54x39.6,-54,39.6,-180,0,-123.181572,34.61650547
a-50.4x39.6,-50.4,39.6,-180,0,-122.2498398,33.89338131
a-46.8x39.6,-46.8,39.6,-180,0,-121.282959,32.98483471
a-43.2x39.6,-43.2,39.6,-180,0,-120.29953,31.95762911
a-39.6x39.6,-39.6,39.6,-180,0,-119.1085739,30.57170359
a-36x39.6,-36,39.6,-180,0,-117.8186111,28.77593967
a-32.4x39.6,-32.4,39.6,-180,0,-116.2885437,26.66028211
a-28.8x39.6,-28.8,39.6,-180,0,-114.8287125,24.58834364
a-25.2x39.6,-25.2,39.6,-180,0,-113.394577,22.64069764
a-21.6x39.6,-21.6,39.6,-180,0,-112.0725937,21.04544512
a-18x39.6,-18,39.6,-180,0,-110.2016373,18.94469462
a-14.4x39.6,-14.4,39.6,-180,0,-106.1841125,14.39692799
a-10.8x39.6,-10.8,39.6,-180,0,-98.5221405,6.56264437
a-7.2x39.6,-7.2,39.6,-180,0,-86.3463821,-4.843180397
a-3.6x39.6,-3.6,39.6,-180,0,-64.722847,-24.57970259
a0x39.6,0,39.6,-180,0,-36.3609352,-41.84592458
a3.6x39.6,3.6,39.6,-180,0,-15.9677124,-49.96462497
a7.2x39.6,7.2,39.6,-180,0,-1.4319104,-54.16939022
a10.8x39.6,10.8,39.6,-180,0,7.9180121,-55.86617063
a14.4x39.6,14.4,39.6,-180,0,14.9759912,-56.10184712
a18x39.6,18,39.6,-180,0,23.1667881,-55.17316234
a21.6x39.6,21.6,39.6,-180,0,36.1726418,-52.14096008
a25.2x39.6,25.2,39.6,-180,0,70.9739609,-30.79723235
a28.8x39.6,28.8,39.6,-180,0,108.1804886,35.32488038
a32.4x39.6,32.4,39.6,-180,0,114.1106186,59.14374799
a36x39.6,36,39.6,-180,0,117.8135529,58.79170437
a39.6x39.6,39.6,39.6,-180,0,121.2242126,57.5830883
a43.2x39.6,43.2,39.6,-180,0,123.9769592,56.73114234
a46.8x39.6,46.8,39.6,-180,0,126.2270355,55.48947127
a50.4x39.6,50.4,39.6,-180,0,127.6604233,53.90849904
a54x39.6,54,39.6,-180,0,128.4548798,52.77863918
a57.6x39.6,57.6,39.6,-180,0,128.9958801,52.35891165
a61.2x39.6,61.2,39.6,-180,0,129.639679,52.23573343
a64.8x39.6,64.8,39.6,-180,0,130.5563049,52.09804285
a68.4x39.6,68.4,39.6,-180,0,131.7767792,51.65966263
a72x39.6,72,39.6,-180,0,133.2288971,50.856107
a75.6x39.6,75.6,39.6,-180,0,134.7975006,49.2867462
a79.2x39.6,79.2,39.6,-180,0,136.370697,47.12570624
a82.8x39.6,82.8,39.6,-180,0,137.9139557,44.84101887
a86.4x39.6,86.4,39.6,-180,0,139.4009857,42.35327053
a90x39.6,90,39.6,-180,0,140.9324951,40.05740689
a93.6x39.6,93.6,39.6,-180,0,142.4457397,38.25314293
a97.2x39.6,97.2,39.6,-180,0,143.9145813,36.87617635
a100.8x39.6,100.8,39.6,-180,0,145.3973694,35.91349241
a104.4x39.6,104.4,39.6,-180,0,146.8580322,35.22162865
a108x39.6,108,39.6,-180,0,148.3093872,34.64458963
a111.6x39.6,111.6,39.6,-180,0,149.8267212,33.97699368
a115.2x39.6,115.2,39.6,-180,0,151.4067688,33.25002819
a118.8x39.6,118.8,39.6,-180,0,153.0809021,32.46037119
a122.4x39.6,122.4,39.6,-180,0,154.870636,31.76356935
a126x39.6,126,39.6,-180,0,156.7015076,31.2255715
a129.6x39.6,129.6,39.6,-180,0,158.5694427,30.77785047
a133.2x39.6,133.2,39.6,-180,0,160.4436798,30.31473083
a136.8x39.6,136.8,39.6,-180,0,162.3833466,29.80038705
a140.4x39.6,140.4,39.6,-180,0,164.4219971,29.30576643
a144x39.6,144,39.6,-180,0,166.5639954,28.87619603
a147.6x39.6,147.6,39.6,-180,0,168.7872009,28.57824746
a151.2x39.6,151.2,39.6,-180,0,171.0532227,28.39374708
a154.8x39.6,154.8,39.6,-180,0,173.3689575,28.23702322
a158.4x39.6,158.4,39.6,-180,0,175.7428741,28.07428388
a162x39.6,162,39.6,-180,0,178.190979,27.90664476
a165.6x39.6,165.6,39.6,-180,0,180.7266235,27.74417996
a169.2x39.6,169.2,39.6,-180,0,183.3379364,27.60227427
a172.8x39.6,172.8,39.6,-180,0,186.0202789,27.48954474
a176.4x39.6,176.4,39.6,-180,0,188.7987061,27.41574031
a-180x43.2,-180,43.2,-180,0,-187.0397644,36.7229068
a-176.4x43.2,-176.4,43.2,-180,0,-183.6924438,36.87462132
a-172.8x43.2,-172.8,43.2,-180,0,-180.4169617,37.0806957
a-169.2x43.2,-169.2,43.2,-180,0,-177.2065125,37.29872164
a-165.6x43.2,-165.6,43.2,-180,0,-174.0500183,37.48162231
a-162x43.2,-162,43.2,-180,0,-170.894928,37.63985263
a-158.4x43.2,-158.4,43.2,-180,0,-167.7180634,37.7837841
a-154.8x43.2,-154.8,43.2,-180,0,-164.5475616,37.91211977
a-151.2x43.2,-151.2,43.2,-180,0,-161.3092651,38.03079617
a-147.6x43.2,-147.6,43.2,-180,0,-158.0202179,38.15574755
a-144x43.2,-144,43.2,-180,0,-154.5995178,38.32984499
a-140.4x43.2,-140.4,43.2,-180,0,-151.0670471,38.5687463
a-136.8x43.2,-136.8,43.2,-180,0,-147.4263306,38.84360861
a-133.2x43.2,-133.2,43.2,-180,0,-143.6348267,39.09082231
a-129.6x43.2,-129.6,43.2,-180,0,-139.8057404,39.2403383
a-126x43.2,-126,43.2,-180,0,-136.2761078,39.23736048
a-122.4x43.2,-122.4,43.2,-180,0,-133.937973,39.09351823
a-118.8x43.2,-118.8,43.2,-180,0,-132.6235199,38.93181745
a-115.2x43.2,-115.2,43.2,-180,0,-131.9794769,38.7700349
a-111.6x43.2,-111.6,43.2,-180,0,-131.5401154,38.60773752
a-108x43.2,-108,43.2,-180,0,-131.1053925,38.45944484
a-104.4x43.2,-104.4,43.2,-180,0,-130.6408691,38.32607156
a-100.8x43.2,-100.8,43.2,-180,0,-130.2232513,38.18014778
a-97.2x43.2,-97.2,43.2,-180,0,-129.9105377,38.0179064
a-93.6x43.2,-93.6,43.2,-180,0,-129.539093,37.87237844
a-90x43.2,-90,43.2,-180,0,-129.1685181,37.76779494
a-86.4x43.2,-86.4,43.2,-180,0,-128.8213654,37.68161509
a-82.8x43.2,-82.8,43.2,-180,0,-128.4753571,37.66394852
a-79.2x43.2,-79.2,43.2,-180,0,-128.1731567,37.6724369
a-75.6x43.2,-75.6,43.2,-180,0,-127.8626938,37.66097922
a-72x43.2,-72,43.2,-180,0,-127.41819,37.56084583
a-68.4x43.2,-68.4,43.2,-180,0,-126.7519989,37.32551234
a-64.8x43.2,-64.8,43.2,-180,0,-126.0620499,37.08456024
a-61.2x43.2,-61.2,43.2,-180,0,-125.3305969,36.84608655
a-57.6x43.2,-57.6,43.2,-180,0,-124.3640747,36.56921804
a-54x43.2,-54,43.2,-180,0,-123.5225601,36.32940334
a-50.4x43.2,-50.4,43.2,-180,0,-122.780098,36.12413051
a-46.8x43.2,-46.8,43.2,-180,0,-121.964386,35.94442688
a-43.2x43.2,-43.2,43.2,-180,0,-121.1679077,35.73913356
a-39.6x43.2,-39.6,43.2,-180,0,-120.3504562,35.47393683
a-36x43.2,-36,43.2,-180,0,-119.5419922,35.15976021
a-32.4x43.2,-32.4,43.2,-180,0,-118.5571213,34.71424654
a-28.8x43.2,-28.8,43.2,-180,0,-117.5372467,34.24536605
a-25.2x43.2,-25.2,43.2,-180,0,-116.5107269,33.80613559
a-21.6x43.2,-21.6,43.2,-180,0,-115.3999481,33.45534928
a-18x43.2,-18,43.2,-180,0,-113.7979431,33.03557917
a-14.4x43.2,-14.4,43.2,-180,0,-110.1196442,31.39042891
a-10.8x43.2,-10.8,43.2,-180,0,-103.4084015,27.55333527
a-7.2x43.2,-7.2,43.2,-180,0,-94.2829819,20.9125806
a-3.6x43.2,-3.6,43.2,-180,0,-83.3244858,7.789803641
a0x43.2,0,43.2,-180,0,-56.8589478,-22.69648928
a3.6x43.2,3.6,43.2,-180,0,-27.8373203,-41.12682389
a7.2x43.2,7.2,43.2,-180,0,-10.2363415,-48.40935469
a10.8x43.2,10.8,43.2,-180,0,6.5499172,-52.2073457
a14.4x43.2,14.4,43.2,-180,0,20.0746746,-52.78919498
a18x43.2,18,43.2,-180,0,37.5674286,-48.74795685
a21.6x43.2,21.6,43.2,-180,0,84.906601,-3.321409631
a25.2x43.2,25.2,43.2,-180,0,106.3917313,65.09936453
a28.8x43.2,28.8,43.2,-180,0,109.3483505,66.74515535
a32.4x43.2,32.4,43.2,-180,0,113.9962997,63.88754171
a36x43.2,36,43.2,-180,0,118.0827789,61.56791152
a39.6x43.2,39.6,43.2,-180,0,121.3490829,59.90635602
a43.2x43.2,43.2,43.2,-180,0,123.7556458,58.691438
a46.8x43.2,46.8,43.2,-180,0,125.5503922,57.67586458
a50.4x43.2,50.4,43.2,-180,0,126.8631744,56.5733273
a54x43.2,54,43.2,-180,0,127.7638092,55.70896557
a57.6x43.2,57.6,43.2,-180,0,128.5035095,55.10712173
a61.2x43.2,61.2,43.2,-180,0,129.2893372,54.76564546
a64.8x43.2,64.8,43.2,-180,0,130.2440033,54.53894534
a68.4x43.2,68.4,43.2,-180,0,131.4175873,54.1579849
a72x43.2,72,43.2,-180,0,132.7565613,53.51499077
a75.6x43.2,75.6,43.2,-180,0,134.1362457,52.6193036
a79.2x43.2,79.2,43.2,-180,0,135.5731812,51.54106755
a82.8x43.2,82.8,43.2,-180,0,137.0969849,50.34034166
a86.4x43.2,86.4,43.2,-180,0,138.6294861,49.06857909
a90x43.2,90,43.2,-180,0,140.245636,47.40801868
a93.6x43.2,93.6,43.2,-180,0,141.8842316,45.96900542
a97.2x43.2,97.2,43.2,-180,0,143.5195618,44.81579452
a100.8x43.2,100.8,43.2,-180,0,145.119751,44.02072609
a104.4x43.2,104.4,43.2,-180,0,146.64328,43.43093325
a108x43.2,108,43.2,-180,0,148.0524139,42.90459166
a111.6x43.2,111.6,43.2,-180,0,149.4516296,42.14534775
a115.2x43.2,115.2,43.2,-180,0,150.9129333,41.26034097
a118.8x43.2,118.8,43.2,-180,0,152.5323944,40.17342878
a122.4x43.2,122.4,43.2,-180,0,154.3511658,39.13990022
a126x43.2,126,43.2,-180,0,156.2485352,38.23412575
a129.6x43.2,129.6,43.2,-180,0,158.1987915,37.47809267
a133.2x43.2,133.2,43.2,-180,0,160.1185608,36.71012508
a136.8x43.2,136.8,43.2,-180,0,162.1200104,35.89898444
a140.4x43.2,140.4,43.2,-180,0,164.2145996,35.12952508
a144x43.2,144,43.2,-180,0,166.4271393,34.47382311
a147.6x43.2,147.6,43.2,-180,0,168.7187195,34.01891988
a151.2x43.2,151.2,43.2,-180,0,171.0007629,33.72326976
a154.8x43.2,154.8,43.2,-180,0,173.3086853,33.45419875
a158.4x43.2,158.4,43.2,-180,0,175.6693726,33.15009834
a162x43.2,162,43.2,-180,0,178.1034546,32.82431786
a165.6x43.2,165.6,43.2,-180,0,180.6464081,32.50240923
a169.2x43.2,169.2,43.2,-180,0,183.2744598,32.21522018
a172.8x43.2,172.8,43.2,-180,0,185.9702759,31.97275484
a176.4x43.2,176.4,43.2,-180,0,188.7752228,31.78354723
a-180x46.8,-180,46.8,-180,0,-186.9047394,40.35107801
a-176.4x46.8,-176.4,46.8,-180,0,-183.4955292,40.51051212
a-172.8x46.8,-172.8,46.8,-180,0,-180.1674957,40.74574661
a-169.2x46.8,-169.2,46.8,-180,0,-176.9599304,41.01414735
a-165.6x46.8,-165.6,46.8,-180,0,-173.833847,41.25364277
a-162x46.8,-162,46.8,-180,0,-170.7015991,41.46242241
a-158.4x46.8,-158.4,46.8,-180,0,-167.5554047,41.63062753
a-154.8x46.8,-154.8,46.8,-180,0,-164.4169006,41.73324346
a-151.2x46.8,-151.2,46.8,-180,0,-161.2025909,41.76565489
a-147.6x46.8,-147.6,46.8,-180,0,-157.898941,41.75272533
a-144x46.8,-144,46.8,-180,0,-154.3929443,41.746597
a-140.4x46.8,-140.4,46.8,-180,0,-150.7480316,41.77933176
a-136.8x46.8,-136.8,46.8,-180,0,-147.052887,41.80313779
a-133.2x46.8,-133.2,46.8,-180,0,-143.3642426,41.71230304
a-129.6x46.8,-129.6,46.8,-180,0,-139.7723999,41.41611916
a-126x46.8,-126,46.8,-180,0,-136.5200043,40.87903794
a-122.4x46.8,-122.4,46.8,-180,0,-134.237381,40.29966951
a-118.8x46.8,-118.8,46.8,-180,0,-132.9245453,39.85737774
a-115.2x46.8,-115.2,46.8,-180,0,-132.1448975,39.54331333
a-111.6x46.8,-111.6,46.8,-180,0,-131.7068939,39.2705217
a-108x46.8,-108,46.8,-180,0,-131.277832,39.0337802
a-104.4x46.8,-104.4,46.8,-180,0,-130.8283234,38.81847589
a-100.8x46.8,-100.8,46.8,-180,0,-130.3384857,38.61314969
a-97.2x46.8,-97.2,46.8,-180,0,-130.028244,38.38861848
a-93.6x46.8,-93.6,46.8,-180,0,-129.6291656,38.19773349
a-90x46.8,-90,46.8,-180,0,-129.2118988,38.07295665
a-86.4x46.8,-86.4,46.8,-180,0,-128.8166351,37.96890045
a-82.8x46.8,-82.8,46.8,-180,0,-128.4412231,37.95055017
a-79.2x46.8,-79.2,46.8,-180,0,-128.1602783,38.00526491
a-75.6x46.8,-75.6,46.8,-180,0,-127.8903122,38.09229498
a-72x46.8,-72,46.8,-180,0,-127.4931717,38.1006619
a-68.4x46.8,-68.4,46.8,-180,0,-126.8788223,37.9481686
a-64.8x46.8,-64.8,46.8,-180,0,-126.2136688,37.74982313
a-61.2x46.8,-61.2,46.8,-180,0,-125.4989395,37.53462614
a-57.6x46.8,-57.6,46.8,-180,0,-124.4930801,37.29810663
a-54x46.8,-54,46.8,-180,0,-123.5825195,37.16955807
a-50.4x46.8,-50.4,46.8,-180,0,-122.7535706,37.15149085
a-46.8x46.8,-46.8,46.8,-180,0,-121.8245316,37.27461434
a-43.2x46.8,-43.2,46.8,-180,0,-120.9073944,37.40724275
a-39.6x46.8,-39.6,46.8,-180,0,-120.1312332,37.62686072
a-36x46.8,-36,46.8,-180,0,-119.4011154,37.86227799
a-32.4x46.8,-32.4,46.8,-180,0,-118.5721664,38.15693806
a-28.8x46.8,-28.8,46.8,-180,0,-117.7125168,38.50904235
a-25.2x46.8,-25.2,46.8,-180,0,-116.8354797,38.88637309
a-21.6x46.8,-21.6,46.8,-180,0,-115.8957672,39.23124206
a-18x46.8,-18,46.8,-180,0,-114.5149155,39.66851415
a-14.4x46.8,-14.4,46.8,-180,0,-111.1075058,40.20780614
a-10.8x46.8,-10.8,46.8,-180,0,-104.5692444,40.83978365
a-7.2x46.8,-7.2,46.8,-180,0,-96.1866455,41.61168294
a-3.6x46.8,-3.6,46.8,-180,0,-88.7090073,40.85569981
a0x46.8,0,46.8,-180,0,-77.6038895,39.86164443
a3.6x46.8,3.6,46.8,-180,0,-50.5799217,31.59591919
a7.2x46.8,7.2,46.8,-180,0,-26.8956184,16.04491943
a10.8x46.8,10.8,46.8,-180,0,0.5851317,8.56579995
a14.4x46.8,14.4,46.8,-180,0,48.6481934,19.19317793
a18x46.8,18,46.8,-180,0,96.803154,58.25811381
a21.6x46.8,21.6,46.8,-180,0,102.0972137,72.08671167
a25.2x46.8,25.2,46.8,-180,0,106.1622162,70.21968148
a28.8x46.8,28.8,46.8,-180,0,110.372757,67.97954317
a32.4x46.8,32.4,46.8,-180,0,114.0485458,66.13502573
a36x46.8,36,46.8,-180,0,117.4627914,63.99346626
a39.6x46.8,39.6,46.8,-180,0,120.5870972,61.5455854
a43.2x46.8,43.2,46.8,-180,0,122.9403458,59.89028074
a46.8x46.8,46.8,46.8,-180,0,124.8060989,58.66679646
a50.4x46.8,50.4,46.8,-180,0,126.1591644,57.8116454
a54x46.8,54,46.8,-180,0,127.2153549,57.11166199
a57.6x46.8,57.6,46.8,-180,0,128.1571198,56.48630297
a61.2x46.8,61.2,46.8,-180,0,129.0951385,56.03168008
a64.8x46.8,64.8,46.8,-180,0,130.1248627,55.63677568
a68.4x46.8,68.4,46.8,-180,0,131.2802429,55.22657931
a72x46.8,72,46.8,-180,0,132.5426941,54.74224041
a75.6x46.8,75.6,46.8,-180,0,133.8140106,54.21720804
a79.2x46.8,79.2,46.8,-180,0,135.1473236,53.64583804
a82.8x46.8,82.8,46.8,-180,0,136.5839386,53.01483525
a86.4x46.8,86.4,46.8,-180,0,138.056427,52.22444836
a90x46.8,90,46.8,-180,0,139.6438904,51.33271752
a93.6x46.8,93.6,46.8,-180,0,141.2901306,50.47868083
a97.2x46.8,97.2,46.8,-180,0,143.0259552,49.71009739
a100.8x46.8,100.8,46.8,-180,0,144.7033234,49.07777945
a104.4x46.8,104.4,46.8,-180,0,146.2949371,48.54517115
a108x46.8,108,46.8,-180,0,147.6613922,48.09676579
a111.6x46.8,111.6,46.8,-180,0,148.9393921,47.58500495
a115.2x46.8,115.2,46.8,-180,0,150.2168274,46.88251714
a118.8x46.8,118.8,46.8,-180,0,151.7545624,45.87416322
a122.4x46.8,122.4,46.8,-180,0,153.5585632,44.83352168
a126x46.8,126,46.8,-180,0,155.5137177,43.79902405
a129.6x46.8,129.6,46.8,-180,0,157.5885773,42.91345264
a133.2x46.8,133.2,46.8,-180,0,159.5772095,42.01506916
a136.8x46.8,136.8,46.8,-180,0,161.6707306,41.14011526
a140.4x46.8,140.4,46.8,-180,0,163.8721924,40.33502641
a144x46.8,144,46.8,-180,0,166.192215,39.68301657
a147.6x46.8,147.6,46.8,-180,0,168.5460358,39.23413306
a151.2x46.8,151.2,46.8,-180,0,170.8350525,38.90372691
a154.8x46.8,154.8,46.8,-180,0,173.1081848,38.56784534
a158.4x46.8,158.4,46.8,-180,0,175.42836,38.14548516
a162x46.8,162,46.8,-180,0,177.8560638,37.68128202
a165.6x46.8,165.6,46.8,-180,0,180.4150085,37.21532892
a169.2x46.8,169.2,46.8,-180,0,183.0717773,36.79323757
a172.8x46.8,172.8,46.8,-180,0,185.7975464,36.42080846
a176.4x46.8,176.4,46.8,-180,0,188.636734,36.10595169
a-180x50.4,-180,50.4,-180,0,-186.7742462,43.90008803
a-176.4x50.4,-176.4,50.4,-180,0,-183.3028564,44.02287363
a-172.8x50.4,-172.8,50.4,-180,0,-179.8959961,44.2252682
a-169.2x50.4,-169.2,50.4,-180,0,-176.6469269,44.51459442
a-165.6x50.4,-165.6,50.4,-180,0,-173.5136566,44.84960868
a-162x50.4,-162,50.4,-180,0,-170.4089203,45.17391295
a-158.4x50.4,-158.4,50.4,-180,0,-167.3421478,45.41594858
a-154.8x50.4,-154.8,50.4,-180,0,-164.3078613,45.50112053
a-151.2x50.4,-151.2,50.4,-180,0,-161.1899719,45.41121699
a-147.6x50.4,-147.6,50.4,-180,0,-157.915741,45.19423798
a-144x50.4,-144,50.4,-180,0,-154.3421021,44.90132088
a-140.4x50.4,-140.4,50.4,-180,0,-150.5770416,44.59083786
a-136.8x50.4,-136.8,50.4,-180,0,-146.8398132,44.24641431
a-133.2x50.4,-133.2,50.4,-180,0,-143.2946014,43.80166418
a-129.6x50.4,-129.6,50.4,-180,0,-140.0115662,43.13973521
a-126x50.4,-126,50.4,-180,0,-137.0932007,42.25630931
a-122.4x50.4,-122.4,50.4,-180,0,-134.8307343,41.41118759
a-118.8x50.4,-118.8,50.4,-180,0,-133.503067,40.76425496
a-115.2x50.4,-115.2,50.4,-180,0,-132.5222626,40.31916618
a-111.6x50.4,-111.6,50.4,-180,0,-131.9225464,39.95502924
a-108x50.4,-108,50.4,-180,0,-131.4660797,39.64649644
a-104.4x50.4,-104.4,50.4,-180,0,-131.0280762,39.38139856
a-100.8x50.4,-100.8,50.4,-180,0,-130.539444,39.13235707
a-97.2x50.4,-97.2,50.4,-180,0,-130.1700592,38.87518238
a-93.6x50.4,-93.6,50.4,-180,0,-129.7579803,38.64152949
a-90x50.4,-90,50.4,-180,0,-129.2950287,38.49207393
a-86.4x50.4,-86.4,50.4,-180,0,-128.8474731,38.37989244
a-82.8x50.4,-82.8,50.4,-180,0,-128.4405365,38.36685053
a-79.2x50.4,-79.2,50.4,-180,0,-128.1430359,38.43712121
a-75.6x50.4,-75.6,50.4,-180,0,-127.8781891,38.5421008
a-72x50.4,-72,50.4,-180,0,-127.5115356,38.58013399
a-68.4x50.4,-68.4,50.4,-180,0,-127.009964,38.51993005
a-64.8x50.4,-64.8,50.4,-180,0,-126.4057465,38.40545387
a-61.2x50.4,-61.2,50.4,-180,0,-125.6735992,38.25672777
a-57.6x50.4,-57.6,50.4,-180,0,-124.6386871,38.12106063
a-54x50.4,-54,50.4,-180,0,-123.5728836,38.23911034
a-50.4x50.4,-50.4,50.4,-180,0,-122.4319305,38.52574518
a-46.8x50.4,-46.8,50.4,-180,0,-121.2453384,39.01601227
a-43.2x50.4,-43.2,50.4,-180,0,-120.1009598,39.41283458
a-39.6x50.4,-39.6,50.4,-180,0,-119.090744,39.97040175
a-36x50.4,-36,50.4,-180,0,-118.0763474,40.53939351
a-32.4x50.4,-32.4,50.4,-180,0,-117.1580505,41.23410572
a-28.8x50.4,-28.8,50.4,-180,0,-116.2448807,42.00709081
a-25.2x50.4,-25.2,50.4,-180,0,-115.3644028,42.95353224
a-21.6x50.4,-21.6,50.4,-180,0,-114.5073013,43.93836065
a-18x50.4,-18,50.4,-180,0,-113.138092,45.28759493
a-14.4x50.4,-14.4,50.4,-180,0,-109.7749634,48.19013946
a-10.8x50.4,-10.8,50.4,-180,0,-101.300621,56.4925129
a-7.2x50.4,-7.2,50.4,-180,0,-92.610321,65.4647943
a-3.6x50.4,-3.6,50.4,-180,0,-81.9309998,72.27120159
a0x50.4,0,50.4,-180,0,-61.8536072,85.87327209
a3.6x50.4,3.6,50.4,-180,0,-31.4925766,95.54304173
a7.2x50.4,7.2,50.4,-180,0,-5.8197393,98.08664509
a10.8x50.4,10.8,50.4,-180,0,24.9936714,98.62342792
a14.4x50.4,14.4,50.4,-180,0,62.623703,94.40092033
a18x50.4,18,50.4,-180,0,86.607048,84.9529022
a21.6x50.4,21.6,50.4,-180,0,99.3814468,76.90300926
a25.2x50.4,25.2,50.4,-180,0,105.6922302,73.24276263
a28.8x50.4,28.8,50.4,-180,0,109.8337326,71.15874615
a32.4x50.4,32.4,50.4,-180,0,113.0712357,69.2652368
a36x50.4,36,50.4,-180,0,116.2837067,66.5232081
a39.6x50.4,39.6,50.4,-180,0,119.2901611,63.69636455
a43.2x50.4,43.2,50.4,-180,0,121.9162216,61.26067982
a46.8x50.4,46.8,50.4,-180,0,123.9735031,59.68305748
a50.4x50.4,50.4,50.4,-180,0,125.5037384,58.68470682
a54x50.4,54,50.4,-180,0,126.7289581,57.99627998
a57.6x50.4,57.6,50.4,-180,0,127.8035202,57.44859906
a61.2x50.4,61.2,50.4,-180,0,128.8680878,56.98888983
a64.8x50.4,64.8,50.4,-180,0,129.9713135,56.56548645
a68.4x50.4,68.4,50.4,-180,0,131.1438141,56.12398371
a72x50.4,72,50.4,-180,0,132.3929138,55.6318011
a75.6x50.4,75.6,50.4,-180,0,133.648941,55.14010951
a79.2x50.4,79.2,50.4,-180,0,134.9536285,54.6379381
a82.8x50.4,82.8,50.4,-180,0,136.33255,54.1111407
a86.4x50.4,86.4,50.4,-180,0,137.7651825,53.57784072
a90x50.4,90,50.4,-180,0,139.3090057,53.02670515
a93.6x50.4,93.6,50.4,-180,0,140.9158936,52.47965562
a97.2x50.4,97.2,50.4,-180,0,142.6528931,51.96042249
a100.8x50.4,100.8,50.4,-180,0,144.3401031,51.47887658
a104.4x50.4,104.4,50.4,-180,0,145.9714966,51.03143978
a108x50.4,108,50.4,-180,0,147.3167725,50.65326577
a111.6x50.4,111.6,50.4,-180,0,148.5532532,50.16200573
a115.2x50.4,115.2,50.4,-180,0,149.7272644,49.63782445
a118.8x50.4,118.8,50.4,-180,0,151.1832428,48.99656061
a122.4x50.4,122.4,50.4,-180,0,152.9232178,48.27521919
a126x50.4,126,50.4,-180,0,154.8997345,47.48851265
a129.6x50.4,129.6,50.4,-180,0,157.007431,46.76304398
a133.2x50.4,133.2,50.4,-180,0,159.04776,46.02602855
a136.8x50.4,136.8,50.4,-180,0,161.2331543,45.37507674
a140.4x50.4,140.4,50.4,-180,0,163.5598602,44.80182719
a144x50.4,144,50.4,-180,0,165.9883728,44.36945896
a147.6x50.4,147.6,50.4,-180,0,168.3444824,44.04726869
a151.2x50.4,151.2,50.4,-180,0,170.5943451,43.70571155
a154.8x50.4,154.8,50.4,-180,0,172.7956238,43.32513081
a158.4x50.4,158.4,50.4,-180,0,175.0625916,42.84607493
a162x50.4,162,50.4,-180,0,177.4856415,42.32521803
a165.6x50.4,165.6,50.4,-180,0,180.0604553,41.79114792
a169.2x50.4,169.2,50.4,-180,0,182.7404175,41.28194671
a172.8x50.4,172.8,50.4,-180,0,185.4964447,40.79530584
a176.4x50.4,176.4,50.4,-180,0,188.3782654,40.3505212
a-180x54,-180,54,-180,0,-186.6776886,47.3626398
a-176.4x54,-176.4,54,-180,0,-183.1575317,47.4104062
a-172.8x54,-172.8,54,-180,0,-179.6517334,47.52723211
a-169.2x54,-169.2,54,-180,0,-176.2714386,47.79591946
a-165.6x54,-165.6,54,-180,0,-173.0582275,48.21020855
a-162x54,-162,54,-180,0,-169.9857483,48.62534103
a-158.4x54,-158.4,54,-180,0,-167.0678864,48.9158828
a-154.8x54,-154.8,54,-180,0,-164.242569,48.96246328
a-151.2x54,-151.2,54,-180,0,-161.3088226,48.73154449
a-147.6x54,-147.6,54,-180,0,-158.1283264,48.2765863
a-144x54,-144,54,-180,0,-154.5489807,47.62690218
a-140.4x54,-140.4,54,-180,0,-150.7056732,46.87171914
a-136.8x54,-136.8,54,-180,0,-146.9400024,46.0652367
a-133.2x54,-133.2,54,-180,0,-143.511322,45.22934555
a-129.6x54,-129.6,54,-180,0,-140.4473419,44.3243238
a-126x54,-126,54,-180,0,-137.7177124,43.34093626
a-122.4x54,-122.4,54,-180,0,-135.4084625,42.37351249
a-118.8x54,-118.8,54,-180,0,-134.0796967,41.59556827
a-115.2x54,-115.2,54,-180,0,-133.0343323,41.04808494
a-111.6x54,-111.6,54,-180,0,-132.2288513,40.62184462
a-108x54,-108,54,-180,0,-131.7260284,40.27508291
a-104.4x54,-104.4,54,-180,0,-131.2490082,39.9948824
a-100.8x54,-100.8,54,-180,0,-130.7567902,39.75051275
a-97.2x54,-97.2,54,-180,0,-130.3003387,39.51630824
a-93.6x54,-93.6,54,-180,0,-129.8894958,39.31052878
a-90x54,-90,54,-180,0,-129.4055176,39.16030924
a-86.4x54,-86.4,54,-180,0,-128.9184113,39.04113472
a-82.8x54,-82.8,54,-180,0,-128.5070953,39.02156326
a-79.2x54,-79.2,54,-180,0,-128.1997223,39.0706019
a-75.6x54,-75.6,54,-180,0,-127.9146042,39.12406416
a-72x54,-72,54,-180,0,-127.5681992,39.1378834
a-68.4x54,-68.4,54,-180,0,-127.133606,39.11574625
a-64.8x54,-64.8,54,-180,0,-126.5593414,39.12339243
a-61.2x54,-61.2,54,-180,0,-125.7659531,39.19502294
a-57.6x54,-57.6,54,-180,0,-124.6492538,39.37507956
a-54x54,-54,54,-180,0,-123.1530991,40.38951529
a-50.4x54,-50.4,54,-180,0,-121.579628,41.76233255
a-46.8x54,-46.8,54,-180,0,-120.1374664,42.93881113
a-43.2x54,-43.2,54,-180,0,-118.8315125,43.95951981
a-39.6x54,-39.6,54,-180,0,-117.639389,44.87162439
a-36x54,-36,54,-180,0,-116.5031357,45.77525841
a-32.4x54,-32.4,54,-180,0,-115.5155258,46.77036516
a-28.8x54,-28.8,54,-180,0,-114.5142059,47.94167355
a-25.2x54,-25.2,54,-180,0,-113.5121841,49.35057935
a-21.6x54,-21.6,54,-180,0,-112.2365417,51.24303324
a-18x54,-18,54,-180,0,-109.9432297,54.38733852
a-14.4x54,-14.4,54,-180,0,-104.1094284,61.0747634
a-10.8x54,-10.8,54,-180,0,-94.8137817,70.00601441
a-7.2x54,-7.2,54,-180,0,-87.6059341,76.36638899
a-3.6x54,-3.6,54,-180,0,-73.446167,86.62717208
a0x54,0,54,-180,0,-48.9334259,97.56688486
a3.6x54,3.6,54,-180,0,-28.971796,102.2184496
a7.2x54,7.2,54,-180,0,-6.6088152,104.5139708
a10.8x54,10.8,54,-180,0,19.9934692,104.7636056
a14.4x54,14.4,54,-180,0,48.2592888,101.6648045
a18x54,18,54,-180,0,72.2572403,95.56839122
a21.6x54,21.6,54,-180,0,90.2248993,87.59170744
a25.2x54,25.2,54,-180,0,100.7856445,81.15780853
a28.8x54,28.8,54,-180,0,106.9031906,76.62361882
a32.4x54,32.4,54,-180,0,111.0410767,73.00504751
a36x54,36,54,-180,0,114.4760666,69.60555355
a39.6x54,39.6,54,-180,0,117.8014755,66.02376128
a43.2x54,43.2,54,-180,0,120.7576675,62.93728974
a46.8x54,46.8,54,-180,0,123.092514,60.81695289
a50.4x54,50.4,54,-180,0,124.8555527,59.54734917
a54x54,54,54,-180,0,126.2583542,58.76112141
a57.6x54,57.6,54,-180,0,127.4799118,58.16597059
a61.2x54,61.2,54,-180,0,128.6435547,57.67162265
a64.8x54,64.8,54,-180,0,129.8162689,57.21026386
a68.4x54,68.4,54,-180,0,131.0168762,56.75651867
a72x54,72,54,-180,0,132.2707672,56.29366332
a75.6x54,75.6,54,-180,0,133.544693,55.82865285
a79.2x54,79.2,54,-180,0,134.8617859,55.3557423
a82.8x54,82.8,54,-180,0,136.2276001,54.87506004
a86.4x54,86.4,54,-180,0,137.6456299,54.39677109
a90x54,90,54,-180,0,139.1551819,53.9152818
a93.6x54,93.6,54,-180,0,140.7227936,53.43922659
a97.2x54,97.2,54,-180,0,142.4132233,52.99820908
a100.8x54,100.8,54,-180,0,144.0706787,52.52834271
a104.4x54,104.4,54,-180,0,145.6994019,52.07841241
a108x54,108,54,-180,0,147.0628662,51.71344689
a111.6x54,111.6,54,-180,0,148.3310089,51.37462772
a115.2x54,115.2,54,-180,0,149.4903412,51.05272623
a118.8x54,118.8,54,-180,0,150.9000092,50.70190197
a122.4x54,122.4,54,-180,0,152.555069,50.29808611
a126x54,126,54,-180,0,154.5013123,49.85044251
a129.6x54,129.6,54,-180,0,156.5779419,49.43061981
a133.2x54,133.2,54,-180,0,158.6734314,49.03214323
a136.8x54,136.8,54,-180,0,160.9591064,48.71132407
a140.4x54,140.4,54,-180,0,163.3928528,48.44247779
a144x54,144,54,-180,0,165.8776703,48.24315126
a147.6x54,147.6,54,-180,0,168.1620178,48.03626635
a151.2x54,151.2,54,-180,0,170.329483,47.72580409
a154.8x54,154.8,54,-180,0,172.4485321,47.36054844
a158.4x54,158.4,54,-180,0,174.671875,46.92912625
a162x54,162,54,-180,0,177.0791473,46.46759148
a165.6x54,165.6,54,-180,0,179.6468506,45.97847849
a169.2x54,169.2,54,-180,0,182.3139496,45.47260022
a172.8x54,172.8,54,-180,0,185.0748596,44.93549869
a176.4x54,176.4,54,-180,0,188.0041046,44.40650856
a-180x57.6,-180,57.6,-180,0,-186.6469421,50.69275152
a-176.4x57.6,-176.4,57.6,-180,0,-183.1076965,50.62312726
a-172.8x57.6,-172.8,57.6,-180,0,-179.501358,50.59169974
a-169.2x57.6,-169.2,57.6,-180,0,-175.8986664,50.72790556
a-165.6x57.6,-165.6,57.6,-180,0,-172.5167389,51.06915964
a-162x57.6,-162,57.6,-180,0,-169.48349,51.44489593
a-158.4x57.6,-158.4,57.6,-180,0,-166.7785645,51.67909141
a-154.8x57.6,-154.8,57.6,-180,0,-164.2554016,51.62456418
a-151.2x57.6,-151.2,57.6,-180,0,-161.5794983,51.21879705
a-147.6x57.6,-147.6,57.6,-180,0,-158.5394287,50.55869614
a-144x57.6,-144,57.6,-180,0,-155.0072632,49.66122168
a-140.4x57.6,-140.4,57.6,-180,0,-151.1496429,48.61182577
a-136.8x57.6,-136.8,57.6,-180,0,-147.3552399,47.53216956
a-133.2x57.6,-133.2,57.6,-180,0,-143.9730377,46.36136292
a-129.6x57.6,-129.6,57.6,-180,0,-141.0054626,45.19988272
a-126x57.6,-126,57.6,-180,0,-138.3529053,44.1032255
a-122.4x57.6,-122.4,57.6,-180,0,-135.9679108,43.11431262
a-118.8x57.6,-118.8,57.6,-180,0,-134.5202026,42.31990687
a-115.2x57.6,-115.2,57.6,-180,0,-133.447937,41.72985726
a-111.6x57.6,-111.6,57.6,-180,0,-132.5109863,41.26967785
a-108x57.6,-108,57.6,-180,0,-131.9775085,40.9073487
a-104.4x57.6,-104.4,57.6,-180,0,-131.4811554,40.64179354
a-100.8x57.6,-100.8,57.6,-180,0,-130.9941101,40.47094806
a-97.2x57.6,-97.2,57.6,-180,0,-130.521759,40.3562333
a-93.6x57.6,-93.6,57.6,-180,0,-130.1143494,40.2691362
a-90x57.6,-90,57.6,-180,0,-129.6279297,40.16765335
a-86.4x57.6,-86.4,57.6,-180,0,-129.1328583,40.05362248
a-82.8x57.6,-82.8,57.6,-180,0,-128.7016907,39.96936656
a-79.2x57.6,-79.2,57.6,-180,0,-128.3557434,39.9175524
a-75.6x57.6,-75.6,57.6,-180,0,-128.0190125,39.88904702
a-72x57.6,-72,57.6,-180,0,-127.6913223,39.9090114
a-68.4x57.6,-68.4,57.6,-180,0,-127.2882385,39.9872617
a-64.8x57.6,-64.8,57.6,-180,0,-126.7102509,40.10069214
a-61.2x57.6,-61.2,57.6,-180,0,-125.6316147,40.72113727
a-57.6x57.6,-57.6,57.6,-180,0,-124.0594177,42.05466561
a-54x57.6,-54,57.6,-180,0,-121.9842072,44.57750395
a-50.4x57.6,-50.4,57.6,-180,0,-120.0816498,47.17566946
a-46.8x57.6,-46.8,57.6,-180,0,-118.6633835,48.89571396
a-43.2x57.6,-43.2,57.6,-180,0,-117.4953461,49.97060008
a-39.6x57.6,-39.6,57.6,-180,0,-116.2546997,50.87574947
a-36x57.6,-36,57.6,-180,0,-115.1586227,51.78158189
a-32.4x57.6,-32.4,57.6,-180,0,-114.0041962,52.7964335
a-28.8x57.6,-28.8,57.6,-180,0,-112.784996,54.23372579
a-25.2x57.6,-25.2,57.6,-180,0,-111.2215347,56.18472932
a-21.6x57.6,-21.6,57.6,-180,0,-108.7565231,59.4710318
a-18x57.6,-18,57.6,-180,0,-104.5015106,64.76702233
a-14.4x57.6,-14.4,57.6,-180,0,-98.3810196,70.69598599
a-10.8x57.6,-10.8,57.6,-180,0,-91.5333099,76.08285724
a-7.2x57.6,-7.2,57.6,-180,0,-81.2018814,84.87581298
a-3.6x57.6,-3.6,57.6,-180,0,-63.0588646,96.75795092
a0x57.6,0,57.6,-180,0,-41.5178452,104.1032281
a3.6x57.6,3.6,57.6,-180,0,-25.0515995,107.0867384
a7.2x57.6,7.2,57.6,-180,0,-6.2799578,108.7919641
a10.8x57.6,10.8,57.6,-180,0,15.9145622,109.0296804
a14.4x57.6,14.4,57.6,-180,0,39.5111046,107.2155689
a18x57.6,18,57.6,-180,0,61.6552238,103.0306857
a21.6x57.6,21.6,57.6,-180,0,80.3184967,96.58726776
a25.2x57.6,25.2,57.6,-180,0,93.9337463,89.02642551
a28.8x57.6,28.8,57.6,-180,0,102.0326691,82.854606
a32.4x57.6,32.4,57.6,-180,0,107.6641617,77.67924244
a36x57.6,36,57.6,-180,0,112.1321106,73.09204518
a39.6x57.6,39.6,57.6,-180,0,115.9470291,68.96725792
a43.2x57.6,43.2,57.6,-180,0,119.3683319,65.15440713
a46.8x57.6,46.8,57.6,-180,0,122.1240387,62.29307323
a50.4x57.6,50.4,57.6,-180,0,124.1676331,60.60088931
a54x57.6,54,57.6,-180,0,125.8018723,59.48801559
a57.6x57.6,57.6,57.6,-180,0,127.1711044,58.81628871
a61.2x57.6,61.2,57.6,-180,0,128.421814,58.27959675
a64.8x57.6,64.8,57.6,-180,0,129.6498108,57.8175295
a68.4x57.6,68.4,57.6,-180,0,130.8777008,57.35158164
a72x57.6,72,57.6,-180,0,132.1509247,56.86924123
a75.6x57.6,75.6,57.6,-180,0,133.4578094,56.3786563
a79.2x57.6,79.2,57.6,-180,0,134.8093567,55.88320427
a82.8x57.6,82.8,57.6,-180,0,136.191452,55.39433427
a86.4x57.6,86.4,57.6,-180,0,137.6111145,54.91247666
a90x57.6,90,57.6,-180,0,139.091507,54.43907902
a93.6x57.6,93.6,57.6,-180,0,140.6167145,53.96442253
a97.2x57.6,97.2,57.6,-180,0,142.2439728,53.53168774
a100.8x57.6,100.8,57.6,-180,0,143.8572235,53.11906013
a104.4x57.6,104.4,57.6,-180,0,145.4549103,52.74238124
a108x57.6,108,57.6,-180,0,146.8560181,52.44962387
a111.6x57.6,111.6,57.6,-180,0,148.1624908,52.19215049
a115.2x57.6,115.2,57.6,-180,0,149.33461,51.97338955
a118.8x57.6,118.8,57.6,-180,0,150.7487946,51.7620097
a122.4x57.6,122.4,57.6,-180,0,152.3756256,51.54543971
a126x57.6,126,57.6,-180,0,154.3391724,51.3450144
a129.6x57.6,129.6,57.6,-180,0,156.4330902,51.18025013
a133.2x57.6,133.2,57.6,-180,0,158.6133575,51.08633756
a136.8x57.6,136.8,57.6,-180,0,160.9537964,51.06988529
a140.4x57.6,140.4,57.6,-180,0,163.395401,51.08168815
a144x57.6,144,57.6,-180,0,165.8322906,51.06276336
a147.6x57.6,147.6,57.6,-180,0,168.0091705,50.93918819
a151.2x57.6,151.2,57.6,-180,0,170.0940857,50.68529184
a154.8x57.6,154.8,57.6,-180,0,172.154129,50.38114449
a158.4x57.6,158.4,57.6,-180,0,174.3644867,50.05683997
a162x57.6,162,57.6,-180,0,176.7541504,49.73181074
a165.6x57.6,165.6,57.6,-180,0,179.2877655,49.38789542
a169.2x57.6,169.2,57.6,-180,0,181.8951874,49.00740829
a172.8x57.6,172.8,57.6,-180,0,184.6222839,48.55784148
a176.4x57.6,176.4,57.6,-180,0,187.5824127,48.08494146
a-180x61.2,-180,61.2,-180,0,-186.7140656,53.84695937
a-176.4x61.2,-176.4,61.2,-180,0,-183.1934967,53.62817686
a-172.8x61.2,-172.8,61.2,-180,0,-179.524765,53.41178399
a-169.2x61.2,-169.2,61.2,-180,0,-175.6988373,53.3079867
a-165.6x61.2,-165.6,61.2,-180,0,-172.1186371,53.39346741
a-162x61.2,-162,61.2,-180,0,-169.1061554,53.528233
a-158.4x61.2,-158.4,61.2,-180,0,-166.5997162,53.5692447
a-154.8x61.2,-154.8,61.2,-180,0,-164.3585663,53.4044588
a-151.2x61.2,-151.2,61.2,-180,0,-161.9017487,52.95978605
a-147.6x61.2,-147.6,61.2,-180,0,-158.9846954,52.29432402
a-144x61.2,-144,61.2,-180,0,-155.5788116,51.219288
a-140.4x61.2,-140.4,61.2,-180,0,-151.8547211,49.94743488
a-136.8x61.2,-136.8,61.2,-180,0,-148.140213,48.63526649
a-133.2x61.2,-133.2,61.2,-180,0,-144.7239685,47.4056899
a-129.6x61.2,-129.6,61.2,-180,0,-141.7049713,46.10169579
a-126x61.2,-126,61.2,-180,0,-138.9640656,44.88317983
a-122.4x61.2,-122.4,61.2,-180,0,-136.5322723,43.7826816
a-118.8x61.2,-118.8,61.2,-180,0,-134.9073792,42.9988569
a-115.2x61.2,-115.2,61.2,-180,0,-133.7943268,42.43775015
a-111.6x61.2,-111.6,61.2,-180,0,-132.8598785,41.97388266
a-108x61.2,-108,61.2,-180,0,-132.2029419,41.60667637
a-104.4x61.2,-104.4,61.2,-180,0,-131.6551666,41.3593192
a-100.8x61.2,-100.8,61.2,-180,0,-131.1219482,41.26288647
a-97.2x61.2,-97.2,61.2,-180,0,-130.7053223,41.3020672
a-93.6x61.2,-93.6,61.2,-180,0,-130.3706207,41.35802381
a-90x61.2,-90,61.2,-180,0,-129.9358215,41.32756249
a-86.4x61.2,-86.4,61.2,-180,0,-129.4572449,41.22507079
a-82.8x61.2,-82.8,61.2,-180,0,-129.0141296,41.1043431
a-79.2x61.2,-79.2,61.2,-180,0,-128.6226654,40.99682338
a-75.6x61.2,-75.6,61.2,-180,0,-128.2409668,40.9144287
a-72x61.2,-72,61.2,-180,0,-127.8939056,40.95250386
a-68.4x61.2,-68.4,61.2,-180,0,-127.3905716,41.16435634
a-64.8x61.2,-64.8,61.2,-180,0,-126.6743011,41.73189937
a-61.2x61.2,-61.2,61.2,-180,0,-125.0212555,43.35755729
a-57.6x61.2,-57.6,61.2,-180,0,-122.7136078,46.24774051
a-54x61.2,-54,61.2,-180,0,-120.3622437,49.54059874
a-50.4x61.2,-50.4,61.2,-180,0,-118.5813293,52.14564999
a-46.8x61.2,-46.8,61.2,-180,0,-117.5197906,53.45911931
a-43.2x61.2,-43.2,61.2,-180,0,-116.4715042,54.381901
a-39.6x61.2,-39.6,61.2,-180,0,-115.3046036,55.3206605
a-36x61.2,-36,61.2,-180,0,-113.9556808,56.45713038
a-32.4x61.2,-32.4,61.2,-180,0,-112.3356934,58.17688294
a-28.8x61.2,-28.8,61.2,-180,0,-110.4288406,60.33507232
a-25.2x61.2,-25.2,61.2,-180,0,-107.8661041,63.36481415
a-21.6x61.2,-21.6,61.2,-180,0,-104.497673,67.24422536
a-18x61.2,-18,61.2,-180,0,-100.1534882,71.63026913
a-14.4x61.2,-14.4,61.2,-180,0,-94.7256393,76.50338539
a-10.8x61.2,-10.8,61.2,-180,0,-86.4960403,84.05604361
a-7.2x61.2,-7.2,61.2,-180,0,-74.5895691,93.14770072
a-3.6x61.2,-3.6,61.2,-180,0,-56.9180679,102.2593562
a0x61.2,0,61.2,-180,0,-38.3166504,107.3246191
a3.6x61.2,3.6,61.2,-180,0,-22.7770138,109.6416767
a7.2x61.2,7.2,61.2,-180,0,-5.628747,110.9757511
a10.8x61.2,10.8,61.2,-180,0,13.9617853,111.162124
a14.4x61.2,14.4,61.2,-180,0,34.7437057,109.8229128
a18x61.2,18,61.2,-180,0,54.7134705,106.6514476
a21.6x61.2,21.6,61.2,-180,0,72.4103851,101.5592801
a25.2x61.2,25.2,61.2,-180,0,86.4419937,95.06556009
a28.8x61.2,28.8,61.2,-180,0,96.0444031,88.73542596
a32.4x61.2,32.4,61.2,-180,0,103.1532059,82.92501749
a36x61.2,36,61.2,-180,0,108.8114395,77.56228026
a39.6x61.2,39.6,61.2,-180,0,113.5712204,72.56717392
a43.2x61.2,43.2,61.2,-180,0,117.5716095,68.14129216
a46.8x61.2,46.8,61.2,-180,0,120.8426056,64.51442545
a50.4x61.2,50.4,61.2,-180,0,123.3951111,61.89046408
a54x61.2,54,61.2,-180,0,125.2493515,60.49187673
a57.6x61.2,57.6,61.2,-180,0,126.8160782,59.54968264
a61.2x61.2,61.2,61.2,-180,0,128.1963196,58.87752824
a64.8x61.2,64.8,61.2,-180,0,129.4885864,58.37015262
a68.4x61.2,68.4,61.2,-180,0,130.7373352,57.88162209
a72x61.2,72,61.2,-180,0,132.0220337,57.40021083
a75.6x61.2,75.6,61.2,-180,0,133.3573914,56.89620185
a79.2x61.2,79.2,61.2,-180,0,134.7502441,56.37933218
a82.8x61.2,82.8,61.2,-180,0,136.1634979,55.87215164
a86.4x61.2,86.4,61.2,-180,0,137.5927582,55.37716324
a90x61.2,90,61.2,-180,0,139.0516205,54.90395954
a93.6x61.2,93.6,61.2,-180,0,140.5353851,54.42840747
a97.2x61.2,97.2,61.2,-180,0,142.0992279,54.00182068
a100.8x61.2,100.8,61.2,-180,0,143.6625214,53.59085765
a104.4x61.2,104.4,61.2,-180,0,145.2249146,53.22699986
a108x61.2,108,61.2,-180,0,146.6688538,52.9464273
a111.6x61.2,111.6,61.2,-180,0,148.0496368,52.70984014
a115.2x61.2,115.2,61.2,-180,0,149.3008881,52.57298107
a118.8x61.2,118.8,61.2,-180,0,150.7290192,52.50623354
a122.4x61.2,122.4,61.2,-180,0,152.3280334,52.4753012
a126x61.2,126,61.2,-180,0,154.3020935,52.51272973
a129.6x61.2,129.6,61.2,-180,0,156.4457092,52.58898142
a133.2x61.2,133.2,61.2,-180,0,158.7278748,52.73338121
a136.8x61.2,136.8,61.2,-180,0,161.115921,52.88329473
a140.4x61.2,140.4,61.2,-180,0,163.507843,53.00788046
a144x61.2,144,61.2,-180,0,165.8266296,53.05152453
a147.6x61.2,147.6,61.2,-180,0,167.8774414,52.96670453
a151.2x61.2,151.2,61.2,-180,0,169.8817291,52.78339435
a154.8x61.2,154.8,61.2,-180,0,171.907608,52.56849931
a158.4x61.2,158.4,61.2,-180,0,174.1420746,52.36481841
a162x61.2,162,61.2,-180,0,176.5409851,52.18016353
a165.6x61.2,165.6,61.2,-180,0,179.0503235,51.99528772
a169.2x61.2,169.2,61.2,-180,0,181.5958099,51.79105689
a172.8x61.2,172.8,61.2,-180,0,184.2781982,51.53603599
a176.4x61.2,176.4,61.2,-180,0,187.244278,51.27430284
a-180x64.8,-180,64.8,-180,0,-186.9084473,56.83289418
a-176.4x64.8,-176.4,64.8,-180,0,-183.4160919,56.44720967
a-172.8x64.8,-172.8,64.8,-180,0,-179.7277374,56.0419989
a-169.2x64.8,-169.2,64.8,-180,0,-175.7522583,55.6527193
a-165.6x64.8,-165.6,64.8,-180,0,-172.0081787,55.35974723
a-162x64.8,-162,64.8,-180,0,-168.9787292,55.13911742
a-158.4x64.8,-158.4,64.8,-180,0,-166.592041,54.91483801
a-154.8x64.8,-154.8,64.8,-180,0,-164.5493317,54.58567014
a-151.2x64.8,-151.2,64.8,-180,0,-162.2545929,54.06726726
a-147.6x64.8,-147.6,64.8,-180,0,-159.4618835,53.34942433
a-144x64.8,-144,64.8,-180,0,-156.2028351,52.41619681
a-140.4x64.8,-140.4,64.8,-180,0,-152.6815033,51.31619386
a-136.8x64.8,-136.8,64.8,-180,0,-149.1171875,49.92951584
a-133.2x64.8,-133.2,64.8,-180,0,-145.7582092,48.58039705
a-129.6x64.8,-129.6,64.8,-180,0,-142.6275482,47.31306856
a-126x64.8,-126,64.8,-180,0,-139.7121429,46.08842405
a-122.4x64.8,-122.4,64.8,-180,0,-137.2263489,44.79660472
a-118.8x64.8,-118.8,64.8,-180,0,-135.4203949,43.90199696
a-115.2x64.8,-115.2,64.8,-180,0,-134.2862854,43.28170873
a-111.6x64.8,-111.6,64.8,-180,0,-133.3136597,42.82111632
a-108x64.8,-108,64.8,-180,0,-132.5189667,42.46495475
a-104.4x64.8,-104.4,64.8,-180,0,-131.8947601,42.2243601
a-100.8x64.8,-100.8,64.8,-180,0,-131.2929993,42.13018881
a-97.2x64.8,-97.2,64.8,-180,0,-130.9782104,42.25765854
a-93.6x64.8,-93.6,64.8,-180,0,-130.6583862,42.40597364
a-90x64.8,-90,64.8,-180,0,-130.2403564,42.40320571
a-86.4x64.8,-86.4,64.8,-180,0,-129.7607422,42.30926742
a-82.8x64.8,-82.8,64.8,-180,0,-129.3039246,42.20197583
a-79.2x64.8,-79.2,64.8,-180,0,-128.8582001,42.07886514
a-75.6x64.8,-75.6,64.8,-180,0,-128.4294739,42.0488879
a-72x64.8,-72,64.8,-180,0,-128.0430145,42.19677977
a-68.4x64.8,-68.4,64.8,-180,0,-127.2889709,42.78764735
a-64.8x64.8,-64.8,64.8,-180,0,-125.996048,44.2193593
a-61.2x64.8,-61.2,64.8,-180,0,-123.8395767,46.96103833
a-57.6x64.8,-57.6,64.8,-180,0,-121.1987305,50.50503983
a-54x64.8,-54,64.8,-180,0,-119.0159225,53.25524425
a-50.4x64.8,-50.4,64.8,-180,0,-117.5821533,55.13719086
a-46.8x64.8,-46.8,64.8,-180,0,-116.6430588,56.25352154
a-43.2x64.8,-43.2,64.8,-180,0,-115.6010742,57.41182403
a-39.6x64.8,-39.6,64.8,-180,0,-114.1864014,58.99191629
a-36x64.8,-36,64.8,-180,0,-112.3554916,61.08494601
a-32.4x64.8,-32.4,64.8,-180,0,-110.1667633,63.64883724
a-28.8x64.8,-28.8,64.8,-180,0,-107.7389755,66.28226196
a-25.2x64.8,-25.2,64.8,-180,0,-105.0136261,69.02119735
a-21.6x64.8,-21.6,64.8,-180,0,-101.5906601,72.34123267
a-18x64.8,-18,64.8,-180,0,-97.1277008,76.38515311
a-14.4x64.8,-14.4,64.8,-180,0,-91.0020752,82.14396443
a-10.8x64.8,-10.8,64.8,-180,0,-82.313797,89.44489298
a-7.2x64.8,-7.2,64.8,-180,0,-70.6238022,97.27061388
a-3.6x64.8,-3.6,64.8,-180,0,-54.8223152,104.3277077
a0x64.8,0,64.8,-180,0,-37.8136253,108.5768866
a3.6x64.8,3.6,64.8,-180,0,-21.8634377,110.7580049
a7.2x64.8,7.2,64.8,-180,0,-4.9312611,111.9113478
a10.8x64.8,10.8,64.8,-180,0,13.3676376,112.0198584
a14.4x64.8,14.4,64.8,-180,0,32.2762833,110.8751332
a18x64.8,18,64.8,-180,0,50.5012856,108.291073
a21.6x64.8,21.6,64.8,-180,0,66.8630219,104.2113105
a25.2x64.8,25.2,64.8,-180,0,79.9199219,99.11423662
a28.8x64.8,28.8,64.8,-180,0,90.1349869,93.51109478
a32.4x64.8,32.4,64.8,-180,0,98.2534637,87.85476119
a36x64.8,36,64.8,-180,0,104.9012527,82.34136794
a39.6x64.8,39.6,64.8,-180,0,110.4517212,77.07197832
a43.2x64.8,43.2,64.8,-180,0,115.1459732,72.10506254
a46.8x64.8,46.8,64.8,-180,0,119.0861816,67.65832714
a50.4x64.8,50.4,64.8,-180,0,122.0803986,64.40509113
a54x64.8,54,64.8,-180,0,124.4652023,62.01866098
a57.6x64.8,57.6,64.8,-180,0,126.3142548,60.60937932
a61.2x64.8,61.2,64.8,-180,0,127.8730927,59.72332476
a64.8x64.8,64.8,64.8,-180,0,129.2628021,59.05168327
a68.4x64.8,68.4,64.8,-180,0,130.5637817,58.46992082
a72x64.8,72,64.8,-180,0,131.8605042,57.95946383
a75.6x64.8,75.6,64.8,-180,0,133.2180939,57.42337545
a79.2x64.8,79.2,64.8,-180,0,134.6489105,56.87423478
a82.8x64.8,82.8,64.8,-180,0,136.0945892,56.33874865
a86.4x64.8,86.4,64.8,-180,0,137.5307312,55.82834821
a90x64.8,90,64.8,-180,0,138.9723816,55.35692773
a93.6x64.8,93.6,64.8,-180,0,140.4131775,54.89482612
a97.2x64.8,97.2,64.8,-180,0,141.9313965,54.48666194
a100.8x64.8,100.8,64.8,-180,0,143.4604797,54.07832091
a104.4x64.8,104.4,64.8,-180,0,144.9954071,53.72085978
a108x64.8,108,64.8,-180,0,146.463913,53.43485173
a111.6x64.8,111.6,64.8,-180,0,147.9006653,53.20615052
a115.2x64.8,115.2,64.8,-180,0,149.2493286,53.13875468
a118.8x64.8,118.8,64.8,-180,0,150.7524719,53.16355736
a122.4x64.8,122.4,64.8,-180,0,152.4091492,53.25716461
a126x64.8,126,64.8,-180,0,154.4492493,53.43659354
a129.6x64.8,129.6,64.8,-180,0,156.6585083,53.63978451
a133.2x64.8,133.2,64.8,-180,0,158.994873,53.88919065
a136.8x64.8,136.8,64.8,-180,0,161.3633881,54.10370951
a140.4x64.8,140.4,64.8,-180,0,163.6517639,54.25925147
a144x64.8,144,64.8,-180,0,165.825882,54.32903778
a147.6x64.8,147.6,64.8,-180,0,167.7616882,54.27086408
a151.2x64.8,151.2,64.8,-180,0,169.7022705,54.13769516
a154.8x64.8,154.8,64.8,-180,0,171.7305298,53.99196754
a158.4x64.8,158.4,64.8,-180,0,174.0246735,53.89207767
a162x64.8,162,64.8,-180,0,176.4627533,53.84516919
a165.6x64.8,165.6,64.8,-180,0,178.9748688,53.83529481
a169.2x64.8,169.2,64.8,-180,0,181.4969025,53.85297724
a172.8x64.8,172.8,64.8,-180,0,184.1650696,53.88913988
a176.4x64.8,176.4,64.8,-180,0,187.1419067,53.97594389
a-180x68.4,-180,68.4,-180,0,-187.2771606,59.8748399
a-176.4x68.4,-176.4,68.4,-180,0,-183.7929382,59.3281623
a-172.8x68.4,-172.8,68.4,-180,0,-180.1401825,58.74046479
a-169.2x68.4,-169.2,68.4,-180,0,-176.2219696,58.05333161
a-165.6x68.4,-165.6,68.4,-180,0,-172.4343414,57.33653689
a-162x68.4,-162,68.4,-180,0,-169.3041687,56.74916069
a-158.4x68.4,-158.4,68.4,-180,0,-166.8481293,56.33318555
a-154.8x68.4,-154.8,68.4,-180,0,-164.8458099,55.9601994
a-151.2x68.4,-151.2,68.4,-180,0,-162.6296692,55.52335412
a-147.6x68.4,-147.6,68.4,-180,0,-160.0090485,54.82094239
a-144x68.4,-144,68.4,-180,0,-156.9585419,53.87597412
a-140.4x68.4,-140.4,68.4,-180,0,-153.634964,52.77316604
a-136.8x68.4,-136.8,68.4,-180,0,-150.2467041,51.58041197
a-133.2x68.4,-133.2,68.4,-180,0,-146.9399109,50.37137778
a-129.6x68.4,-129.6,68.4,-180,0,-143.8194122,49.02801329
a-126x68.4,-126,68.4,-180,0,-140.9041138,47.67017127
a-122.4x68.4,-122.4,68.4,-180,0,-138.2939758,46.37208224
a-118.8x68.4,-118.8,68.4,-180,0,-136.2019653,45.3712209
a-115.2x68.4,-115.2,68.4,-180,0,-134.9580231,44.62652807
a-111.6x68.4,-111.6,68.4,-180,0,-133.9112091,44.08519896
a-108x68.4,-108,68.4,-180,0,-133.0018921,43.69163248
a-104.4x68.4,-104.4,68.4,-180,0,-132.2842865,43.40902546
a-100.8x68.4,-100.8,68.4,-180,0,-131.6007538,43.17899252
a-97.2x68.4,-97.2,68.4,-180,0,-131.2212982,43.16818744
a-93.6x68.4,-93.6,68.4,-180,0,-130.8135834,43.20677151
a-90x68.4,-90,68.4,-180,0,-130.4247589,43.25031318
a-86.4x68.4,-86.4,68.4,-180,0,-129.9663544,43.19825075
a-82.8x68.4,-82.8,68.4,-180,0,-129.5146637,43.15922802
a-79.2x68.4,-79.2,68.4,-180,0,-129.014267,43.08903678
a-75.6x68.4,-75.6,68.4,-180,0,-128.4733887,43.22875745
a-72x68.4,-72,68.4,-180,0,-127.8334656,43.69821453
a-68.4x68.4,-68.4,68.4,-180,0,-126.819458,44.92999233
a-64.8x68.4,-64.8,68.4,-180,0,-124.9381485,47.34712418
a-61.2x68.4,-61.2,68.4,-180,0,-122.4952393,50.55587014
a-57.6x68.4,-57.6,68.4,-180,0,-120.0539169,53.45945058
a-54x68.4,-54,68.4,-180,0,-118.1723175,55.57973195
a-50.4x68.4,-50.4,68.4,-180,0,-116.8605118,56.93978749
a-46.8x68.4,-46.8,68.4,-180,0,-115.9823837,57.98342108
a-43.2x68.4,-43.2,68.4,-180,0,-114.8116837,59.49329534
a-39.6x68.4,-39.6,68.4,-180,0,-113.0481949,61.87091995
a-36x68.4,-36,68.4,-180,0,-110.8911591,64.66674651
a-32.4x68.4,-32.4,68.4,-180,0,-108.5659714,67.41570595
a-28.8x68.4,-28.8,68.4,-180,0,-106.1761017,69.96949765
a-25.2x68.4,-25.2,68.4,-180,0,-103.4587936,72.50655112
a-21.6x68.4,-21.6,68.4,-180,0,-99.7134552,75.91829435
a-18x68.4,-18,68.4,-180,0,-94.6210709,80.57923703
a-14.4x68.4,-14.4,68.4,-180,0,-87.8190613,86.56814723
a-10.8x68.4,-10.8,68.4,-180,0,-79.1296158,93.07233366
a-7.2x68.4,-7.2,68.4,-180,0,-68.0189133,99.7516773
a-3.6x68.4,-3.6,68.4,-180,0,-53.760498,105.5329681
a0x68.4,0,68.4,-180,0,-38.0319901,109.337272
a3.6x68.4,3.6,68.4,-180,0,-21.9438095,111.4848615
a7.2x68.4,7.2,68.4,-180,0,-5.0431867,112.5420239
a10.8x68.4,10.8,68.4,-180,0,12.5314398,112.5913203
a14.4x68.4,14.4,68.4,-180,0,30.215332,111.5715827
a18x68.4,18,68.4,-180,0,47.1320457,109.3872864
a21.6x68.4,21.6,68.4,-180,0,62.2216492,106.0812463
a25.2x68.4,25.2,68.4,-180,0,74.6050873,102.0057087
a28.8x68.4,28.8,68.4,-180,0,84.5104599,97.49655317
a32.4x68.4,32.4,68.4,-180,0,93.1042633,92.49293024
a36x68.4,36,68.4,-180,0,100.2861786,87.48028082
a39.6x68.4,39.6,68.4,-180,0,106.4798813,82.34472325
a43.2x68.4,43.2,68.4,-180,0,111.7545547,77.37240365
a46.8x68.4,46.8,68.4,-180,0,116.2387161,72.6600083
a50.4x68.4,50.4,68.4,-180,0,119.9681778,68.48859948
a54x68.4,54,68.4,-180,0,122.9466782,65.1765856
a57.6x68.4,57.6,68.4,-180,0,125.2929382,62.89477398
a61.2x68.4,61.2,68.4,-180,0,127.2914429,61.18962187
a64.8x68.4,64.8,68.4,-180,0,128.8999939,60.05736909
a68.4x68.4,68.4,68.4,-180,0,130.2720184,59.37914364
a72x68.4,72,68.4,-180,0,131.5998077,58.7765492
a75.6x68.4,75.6,68.4,-180,0,132.9892273,58.15632354
a79.2x68.4,79.2,68.4,-180,0,134.4577026,57.53726946
a82.8x68.4,82.8,68.4,-180,0,135.9354401,56.93839878
a86.4x68.4,86.4,68.4,-180,0,137.3902283,56.37798098
a90x68.4,90,68.4,-180,0,138.835495,55.87013154
a93.6x68.4,93.6,68.4,-180,0,140.2561188,55.4071003
a97.2x68.4,97.2,68.4,-180,0,141.7351685,55.0115909
a100.8x68.4,100.8,68.4,-180,0,143.2331085,54.60972198
a104.4x68.4,104.4,68.4,-180,0,144.758667,54.27283897
a108x68.4,108,68.4,-180,0,146.2767029,53.99300342
a111.6x68.4,111.6,68.4,-180,0,147.7885742,53.77312712
a115.2x68.4,115.2,68.4,-180,0,149.2511749,53.74955545
a118.8x68.4,118.8,68.4,-180,0,150.8407593,53.85410499
a122.4x68.4,122.4,68.4,-180,0,152.5669556,54.08424013
a126x68.4,126,68.4,-180,0,154.6600342,54.42494803
a129.6x68.4,129.6,68.4,-180,0,156.9025574,54.76302897
a133.2x68.4,133.2,68.4,-180,0,159.2457123,55.09293402
a136.8x68.4,136.8,68.4,-180,0,161.5615845,55.31400856
a140.4x68.4,140.4,68.4,-180,0,163.7497253,55.41500037
a144x68.4,144,68.4,-180,0,165.8079071,55.43399199
a147.6x68.4,147.6,68.4,-180,0,167.6701965,55.37429986
a151.2x68.4,151.2,68.4,-180,0,169.5906982,55.32556205
a154.8x68.4,154.8,68.4,-180,0,171.6620331,55.30872232
a158.4x68.4,158.4,68.4,-180,0,174.0279541,55.36838569
a162x68.4,162,68.4,-180,0,176.5236511,55.49683177
a165.6x68.4,165.6,68.4,-180,0,179.0772705,55.67719571
a169.2x68.4,169.2,68.4,-180,0,181.6558228,55.91310875
a172.8x68.4,172.8,68.4,-180,0,184.384613,56.22704408
a176.4x68.4,176.4,68.4,-180,0,187.428772,56.63799318
a-180x72,-180,72,-180,0,-187.8076935,63.28563077
a-176.4x72,-176.4,72,-180,0,-184.3471069,62.62622793
a-172.8x72,-172.8,72,-180,0,-180.7690277,61.88613773
a-169.2x72,-169.2,72,-180,0,-177.0036011,60.97293565
a-165.6x72,-165.6,72,-180,0,-173.2766266,59.90518986
a-162x72,-162,72,-180,0,-169.9674225,58.88034922
a-158.4x72,-158.4,72,-180,0,-167.3128815,58.05916949
a-154.8x72,-154.8,72,-180,0,-165.2666168,57.48796239
a-151.2x72,-151.2,72,-180,0,-163.1296082,56.95747846
a-147.6x72,-147.6,72,-180,0,-160.7006226,56.33841711
a-144x72,-144,72,-180,0,-157.8089447,55.55054226
a-140.4x72,-140.4,72,-180,0,-154.7093658,54.6212328
a-136.8x72,-136.8,72,-180,0,-151.5261841,53.558556
a-133.2x72,-133.2,72,-180,0,-148.3344421,52.34434584
a-129.6x72,-129.6,72,-180,0,-145.2690277,51.01207172
a-126x72,-126,72,-180,0,-142.4264221,49.6723553
a-122.4x72,-122.4,72,-180,0,-139.7837219,48.38776423
a-118.8x72,-118.8,72,-180,0,-137.5977325,47.24439781
a-115.2x72,-115.2,72,-180,0,-136.0475464,46.31093935
a-111.6x72,-111.6,72,-180,0,-134.8238983,45.62667589
a-108x72,-108,72,-180,0,-133.76091,45.0902066
a-104.4x72,-104.4,72,-180,0,-132.8957672,44.6417265
a-100.8x72,-100.8,72,-180,0,-132.0763397,44.24864477
a-97.2x72,-97.2,72,-180,0,-131.4599762,44.03082016
a-93.6x72,-93.6,72,-180,0,-130.939743,43.94939838
a-90x72,-90,72,-180,0,-130.5240936,43.95478213
a-86.4x72,-86.4,72,-180,0,-130.1002808,43.94201648
a-82.8x72,-82.8,72,-180,0,-129.6367188,43.98494401
a-79.2x72,-79.2,72,-180,0,-129.0703125,44.11095328
a-75.6x72,-75.6,72,-180,0,-128.327301,44.70261744
a-72x72,-72,72,-180,0,-127.2769928,45.87408637
a-68.4x72,-68.4,72,-180,0,-125.8178253,47.87525479
a-64.8x72,-64.8,72,-180,0,-123.7861023,50.67537205
a-61.2x72,-61.2,72,-180,0,-121.528244,53.35590607
a-57.6x72,-57.6,72,-180,0,-119.4872742,55.38921427
a-54x72,-54,72,-180,0,-117.8219681,56.80083947
a-50.4x72,-50.4,72,-180,0,-116.5343781,57.92157315
a-46.8x72,-46.8,72,-180,0,-115.495491,59.0684543
a-43.2x72,-43.2,72,-180,0,-113.9660873,61.22693929
a-39.6x72,-39.6,72,-180,0,-112.0495224,63.96327234
a-36x72,-36,72,-180,0,-109.866333,66.89542444
a-32.4x72,-32.4,72,-180,0,-107.7126083,69.50941336
a-28.8x72,-28.8,72,-180,0,-105.4206085,71.93048862
a-25.2x72,-25.2,72,-180,0,-102.5478745,74.78267284
a-21.6x72,-21.6,72,-180,0,-98.2426682,78.91439838
a-18x72,-18,72,-180,0,-92.4136047,84.25211626
a-14.4x72,-14.4,72,-180,0,-85.0934601,90.23565786
a-10.8x72,-10.8,72,-180,0,-76.3134613,96.19363932
a-7.2x72,-7.2,72,-180,0,-65.4986496,101.9948541
a-3.6x72,-3.6,72,-180,0,-52.446476,106.8155184
a0x72,0,72,-180,0,-37.8101578,110.1929405
a3.6x72,3.6,72,-180,0,-22.3564205,112.212057
a7.2x72,7.2,72,-180,0,-6.1395965,113.2192468
a10.8x72,10.8,72,-180,0,10.5228672,113.3202572
a14.4x72,14.4,72,-180,0,27.0922623,112.5041446
a18x72,18,72,-180,0,42.8575859,110.7710111
a21.6x72,21.6,72,-180,0,57.0746231,108.112445
a25.2x72,25.2,72,-180,0,69.023262,104.8284496
a28.8x72,28.8,72,-180,0,79.0477295,101.0763181
a32.4x72,32.4,72,-180,0,87.8203964,96.90708304
a36x72,36,72,-180,0,95.3523483,92.48031728
a39.6x72,39.6,72,-180,0,101.8705521,87.93783301
a43.2x72,43.2,72,-180,0,107.5330429,83.38833266
a46.8x72,46.8,72,-180,0,112.522438,78.77585847
a50.4x72,50.4,72,-180,0,116.8042297,74.4143131
a54x72,54,72,-180,0,120.3630524,70.5507482
a57.6x72,57.6,72,-180,0,123.3861237,67.1956931
a61.2x72,61.2,72,-180,0,125.9807816,64.3509359
a64.8x72,64.8,72,-180,0,128.0358124,62.40718185
a68.4x72,68.4,72,-180,0,129.6969757,61.147772
a72x72,72,72,-180,0,131.1409302,60.19036577
a75.6x72,75.6,72,-180,0,132.5860138,59.32815772
a79.2x72,79.2,72,-180,0,134.0797577,58.52649419
a82.8x72,82.8,72,-180,0,135.5859375,57.86293634
a86.4x72,86.4,72,-180,0,137.0901947,57.25171948
a90x72,90,72,-180,0,138.5763397,56.70614696
a93.6x72,93.6,72,-180,0,140.0229645,56.21171351
a97.2x72,97.2,72,-180,0,141.4932861,55.79615319
a100.8x72,100.8,72,-180,0,142.9820404,55.37075217
a104.4x72,104.4,72,-180,0,144.5272522,55.02348957
a108x72,108,72,-180,0,146.1119843,54.72847746
a111.6x72,111.6,72,-180,0,147.7162628,54.52755572
a115.2x72,115.2,72,-180,0,149.3495789,54.52686492
a118.8x72,118.8,72,-180,0,151.0895996,54.68106013
a122.4x72,122.4,72,-180,0,152.9344177,54.96117848
a126x72,126,72,-180,0,155.0534668,55.37115904
a129.6x72,129.6,72,-180,0,157.2645111,55.77715079
a133.2x72,133.2,72,-180,0,159.5240479,56.15815408
a136.8x72,136.8,72,-180,0,161.6954498,56.4005079
a140.4x72,140.4,72,-180,0,163.737854,56.48775411
a144x72,144,72,-180,0,165.695282,56.50177514
a147.6x72,147.6,72,-180,0,167.5643616,56.47389553
a151.2x72,151.2,72,-180,0,169.5715027,56.52284516
a154.8x72,154.8,72,-180,0,171.7735291,56.64920373
a158.4x72,158.4,72,-180,0,174.2523956,56.93527974
a162x72,162,72,-180,0,176.8275299,57.3411509
a165.6x72,165.6,72,-180,0,179.4458923,57.83087724
a169.2x72,169.2,72,-180,0,182.1160126,58.39589145
a172.8x72,172.8,72,-180,0,184.915451,59.05231656
a176.4x72,176.4,72,-180,0,188.01474,59.76946773
a-180x75.6,-180,75.6,-180,0,-188.3864288,66.92532114
a-176.4x75.6,-176.4,75.6,-180,0,-184.9963684,66.2136909
a-172.8x75.6,-172.8,75.6,-180,0,-181.5392914,65.3924876
a-169.2x75.6,-169.2,75.6,-180,0,-177.9849701,64.37650207
a-165.6x75.6,-165.6,75.6,-180,0,-174.4351196,63.14289526
a-162x75.6,-162,75.6,-180,0,-171.0830688,61.80211869
a-158.4x75.6,-158.4,75.6,-180,0,-168.3463898,60.67325886
a-154.8x75.6,-154.8,75.6,-180,0,-166.0197601,59.82397055
a-151.2x75.6,-151.2,75.6,-180,0,-163.8082123,59.11631454
a-147.6x75.6,-147.6,75.6,-180,0,-161.453598,58.42797298
a-144x75.6,-144,75.6,-180,0,-158.6920013,57.58729925
a-140.4x75.6,-140.4,75.6,-180,0,-155.7915039,56.60202445
a-136.8x75.6,-136.8,75.6,-180,0,-152.8134155,55.47436038
a-133.2x75.6,-133.2,75.6,-180,0,-149.8161774,54.2791569
a-129.6x75.6,-129.6,75.6,-180,0,-146.9033813,53.03311854
a-126x75.6,-126,75.6,-180,0,-144.102356,51.70995708
a-122.4x75.6,-122.4,75.6,-180,0,-141.4595642,50.33032195
a-118.8x75.6,-118.8,75.6,-180,0,-139.2171478,48.99476774
a-115.2x75.6,-115.2,75.6,-180,0,-137.3602753,47.92465234
a-111.6x75.6,-111.6,75.6,-180,0,-135.8779449,47.08852677
a-108x75.6,-108,75.6,-180,0,-134.5688477,46.38699529
a-104.4x75.6,-104.4,75.6,-180,0,-133.4780579,45.80526663
a-100.8x75.6,-100.8,75.6,-180,0,-132.4855042,45.3079171
a-97.2x75.6,-97.2,75.6,-180,0,-131.7151947,44.99166816
a-93.6x75.6,-93.6,75.6,-180,0,-131.1243591,44.87873387
a-90x75.6,-90,75.6,-180,0,-130.6614685,44.89741527
a-86.4x75.6,-86.4,75.6,-180,0,-130.1956635,45.02006336
a-82.8x75.6,-82.8,75.6,-180,0,-129.6424103,45.30623012
a-79.2x75.6,-79.2,75.6,-180,0,-128.9062958,45.83370192
a-75.6x75.6,-75.6,75.6,-180,0,-127.858345,46.9138343
a-72x75.6,-72,75.6,-180,0,-126.4026947,48.90907938
a-68.4x75.6,-68.4,75.6,-180,0,-124.6532364,51.24591397
a-64.8x75.6,-64.8,75.6,-180,0,-122.7931442,53.63850152
a-61.2x75.6,-61.2,75.6,-180,0,-120.9386063,55.52332555
a-57.6x75.6,-57.6,75.6,-180,0,-119.206604,56.92046628
a-54x75.6,-54,75.6,-180,0,-117.6540756,58.06859051
a-50.4x75.6,-50.4,75.6,-180,0,-116.2212906,59.26051497
a-46.8x75.6,-46.8,75.6,-180,0,-114.7784805,60.88586043
a-43.2x75.6,-43.2,75.6,-180,0,-113.0633163,63.13465325
a-39.6x75.6,-39.6,75.6,-180,0,-111.1136475,65.78248337
a-36x75.6,-36,75.6,-180,0,-109.0753098,68.48837168
a-32.4x75.6,-32.4,75.6,-180,0,-106.9693909,71.02524363
a-28.8x75.6,-28.8,75.6,-180,0,-104.5160141,73.77972174
a-25.2x75.6,-25.2,75.6,-180,0,-101.2478409,77.32795599
a-21.6x75.6,-21.6,75.6,-180,0,-96.3637466,82.20172792
a-18x75.6,-18,75.6,-180,0,-89.9845047,87.93342181
a-14.4x75.6,-14.4,75.6,-180,0,-82.3858643,93.6465783
a-10.8x75.6,-10.8,75.6,-180,0,-73.5668488,99.09592947
a-7.2x75.6,-7.2,75.6,-180,0,-63.1421204,104.071275
a-3.6x75.6,-3.6,75.6,-180,0,-50.8850479,108.1852299
a0x75.6,0,75.6,-180,0,-37.2094955,111.142467
a3.6x75.6,3.6,75.6,-180,0,-22.6047211,112.9909294
a7.2x75.6,7.2,75.6,-180,0,-7.2800965,113.9481016
a10.8x75.6,10.8,75.6,-180,0,8.3874245,114.1200795
a14.4x75.6,14.4,75.6,-180,0,23.9002285,113.4931946
a18x75.6,18,75.6,-180,0,38.6378365,112.1171776
a21.6x75.6,21.6,75.6,-180,0,52.0835686,110.0413188
a25.2x75.6,25.2,75.6,-180,0,63.8219223,107.3722204
a28.8x75.6,28.8,75.6,-180,0,73.9117584,104.2761291
a32.4x75.6,32.4,75.6,-180,0,82.6958466,100.7918497
a36x75.6,36,75.6,-180,0,90.5001678,96.96250843
a39.6x75.6,39.6,75.6,-180,0,97.2788773,93.01221335
a43.2x75.6,43.2,75.6,-180,0,103.2546768,88.93484221
a46.8x75.6,46.8,75.6,-180,0,108.5390244,84.78715056
a50.4x75.6,50.4,75.6,-180,0,113.1329422,80.7455479
a54x75.6,54,75.6,-180,0,117.1121368,76.84981662
a57.6x75.6,57.6,75.6,-180,0,120.6283417,73.17832786
a61.2x75.6,61.2,75.6,-180,0,123.772316,69.7169698
a64.8x75.6,64.8,75.6,-180,0,126.4252472,66.83842357
a68.4x75.6,68.4,75.6,-180,0,128.5816193,64.60293344
a72x75.6,72,75.6,-180,0,130.3500214,62.88537685
a75.6x75.6,75.6,75.6,-180,0,131.9687653,61.44495335
a79.2x75.6,79.2,75.6,-180,0,133.5112305,60.45919853
a82.8x75.6,82.8,75.6,-180,0,135.0782623,59.6031593
a86.4x75.6,86.4,75.6,-180,0,136.6451416,58.82127146
a90x75.6,90,75.6,-180,0,138.1749725,58.09493767
a93.6x75.6,93.6,75.6,-180,0,139.6837158,57.44221153
a97.2x75.6,97.2,75.6,-180,0,141.1874542,56.89283695
a100.8x75.6,100.8,75.6,-180,0,142.7159271,56.44288723
a104.4x75.6,104.4,75.6,-180,0,144.3289185,56.17628552
a108x75.6,108,75.6,-180,0,146.014679,55.97114826
a111.6x75.6,111.6,75.6,-180,0,147.7437592,55.87816312
a115.2x75.6,115.2,75.6,-180,0,149.5305328,55.9513759
a118.8x75.6,118.8,75.6,-180,0,151.4043274,56.13505186
a122.4x75.6,122.4,75.6,-180,0,153.3538666,56.42506454
a126x75.6,126,75.6,-180,0,155.482193,56.81699149
a129.6x75.6,129.6,75.6,-180,0,157.6476746,57.19723514
a133.2x75.6,133.2,75.6,-180,0,159.8126678,57.54791582
a136.8x75.6,136.8,75.6,-180,0,161.8490448,57.78991335
a140.4x75.6,140.4,75.6,-180,0,163.7953491,57.94224045
a144x75.6,144,75.6,-180,0,165.7272949,58.07631996
a147.6x75.6,147.6,75.6,-180,0,167.6784821,58.23549232
a151.2x75.6,151.2,75.6,-180,0,169.833313,58.53011206
a154.8x75.6,154.8,75.6,-180,0,172.1854858,58.9405152
a158.4x75.6,158.4,75.6,-180,0,174.749176,59.45829728
a162x75.6,162,75.6,-180,0,177.406662,60.1017889
a165.6x75.6,165.6,75.6,-180,0,180.1115723,60.85709329
a169.2x75.6,169.2,75.6,-180,0,182.8738098,61.65939748
a172.8x75.6,172.8,75.6,-180,0,185.7303314,62.51567198
a176.4x75.6,176.4,75.6,-180,0,188.7858582,63.39162177
a-180x79.2,-180,79.2,-180,0,-188.9763489,70.71443071
a-176.4x79.2,-176.4,79.2,-180,0,-185.6773682,69.9995475
a-172.8x79.2,-172.8,79.2,-180,0,-182.3549652,69.17264992
a-169.2x79.2,-169.2,79.2,-180,0,-179.008194,68.17829894
a-165.6x79.2,-165.6,79.2,-180,0,-175.6792755,66.99245939
a-162x79.2,-162,79.2,-180,0,-172.4899445,65.64604236
a-158.4x79.2,-158.4,79.2,-180,0,-169.6235046,64.38500267
a-154.8x79.2,-154.8,79.2,-180,0,-167.0418396,63.29359012
a-151.2x79.2,-151.2,79.2,-180,0,-164.6615753,62.36881271
a-147.6x79.2,-147.6,79.2,-180,0,-162.2341309,61.56822174
a-144x79.2,-144,79.2,-180,0,-159.5998688,60.67586356
a-140.4x79.2,-140.4,79.2,-180,0,-156.8622742,59.65705679
a-136.8x79.2,-136.8,79.2,-180,0,-154.0615234,58.50034261
a-133.2x79.2,-133.2,79.2,-180,0,-151.2728424,57.21521436
a-129.6x79.2,-129.6,79.2,-180,0,-148.5411224,55.95945055
a-126x79.2,-126,79.2,-180,0,-145.8671112,54.60192199
a-122.4x79.2,-122.4,79.2,-180,0,-143.3139496,53.14386548
a-118.8x79.2,-118.8,79.2,-180,0,-140.9990082,51.68429862
a-115.2x79.2,-115.2,79.2,-180,0,-138.9143677,50.36629455
a-111.6x79.2,-111.6,79.2,-180,0,-137.155777,49.26188009
a-108x79.2,-108,79.2,-180,0,-135.5746002,48.39665373
a-104.4x79.2,-104.4,79.2,-180,0,-134.2458191,47.71792585
a-100.8x79.2,-100.8,79.2,-180,0,-133.0788574,47.16040645
a-97.2x79.2,-97.2,79.2,-180,0,-132.1397095,46.75383667
a-93.6x79.2,-93.6,79.2,-180,0,-131.4322052,46.57351655
a-90x79.2,-90,79.2,-180,0,-130.8641968,46.62963048
a-86.4x79.2,-86.4,79.2,-180,0,-130.2499695,47.01870775
a-82.8x79.2,-82.8,79.2,-180,0,-129.5002136,47.74926143
a-79.2x79.2,-79.2,79.2,-180,0,-128.4540863,48.95537852
a-75.6x79.2,-75.6,79.2,-180,0,-127.0412292,50.52213429
a-72x79.2,-72,79.2,-180,0,-125.3961868,52.67260369
a-68.4x79.2,-68.4,79.2,-180,0,-123.7001038,54.63374379
a-64.8x79.2,-64.8,79.2,-180,0,-122.0385895,56.29261833
a-61.2x79.2,-61.2,79.2,-180,0,-120.4412766,57.70845538
a-57.6x79.2,-57.6,79.2,-180,0,-118.8430481,59.03844583
a-54x79.2,-54,79.2,-180,0,-117.2255783,60.33823855
a-50.4x79.2,-50.4,79.2,-180,0,-115.592804,61.74933802
a-46.8x79.2,-46.8,79.2,-180,0,-113.8267899,63.5614278
a-43.2x79.2,-43.2,79.2,-180,0,-111.9337769,65.82534471
a-39.6x79.2,-39.6,79.2,-180,0,-109.9317551,68.31396853
a-36x79.2,-36,79.2,-180,0,-107.8880005,70.81462467
a-32.4x79.2,-32.4,79.2,-180,0,-105.6296768,73.52519377
a-28.8x79.2,-28.8,79.2,-180,0,-102.8456116,76.8010171
a-25.2x79.2,-25.2,79.2,-180,0,-99.091629,80.94032517
a-21.6x79.2,-21.6,79.2,-180,0,-93.7572632,86.25452455
a-18x79.2,-18,79.2,-180,0,-87.1410141,91.77235437
a-14.4x79.2,-14.4,79.2,-180,0,-79.5254745,97.01458047
a-10.8x79.2,-10.8,79.2,-180,0,-70.8726654,101.8181748
a-7.2x79.2,-7.2,79.2,-180,0,-60.73946,106.1434252
a-3.6x79.2,-3.6,79.2,-180,0,-49.2362137,109.6065995
a0x79.2,0,79.2,-180,0,-36.4265556,112.177057
a3.6x79.2,3.6,79.2,-180,0,-22.6693707,113.8446777
a7.2x79.2,7.2,79.2,-180,0,-8.2524099,114.7509266
a10.8x79.2,10.8,79.2,-180,0,6.4703479,114.9534644
a14.4x79.2,14.4,79.2,-180,0,20.9998875,114.4884408
a18x79.2,18,79.2,-180,0,34.8831825,113.4215394
a21.6x79.2,21.6,79.2,-180,0,47.7195511,111.7792078
a25.2x79.2,25.2,79.2,-180,0,59.1818161,109.6136799
a28.8x79.2,28.8,79.2,-180,0,69.1881866,107.0377336
a32.4x79.2,32.4,79.2,-180,0,78.1669617,104.0851309
a36x79.2,36,79.2,-180,0,86.048439,100.8490392
a39.6x79.2,39.6,79.2,-180,0,92.9528122,97.44210837
a43.2x79.2,43.2,79.2,-180,0,99.1442184,93.84182283
a46.8x79.2,46.8,79.2,-180,0,104.6189651,90.2017233
a50.4x79.2,50.4,79.2,-180,0,109.4513092,86.57949373
a54x79.2,54,79.2,-180,0,113.7203217,82.99211578
a57.6x79.2,57.6,79.2,-180,0,117.5298538,79.54325067
a61.2x79.2,61.2,79.2,-180,0,120.9900589,76.1938585
a64.8x79.2,64.8,79.2,-180,0,124.0619125,72.99258214
a68.4x79.2,68.4,79.2,-180,0,126.7299347,70.10792511
a72x79.2,72,79.2,-180,0,129.0049286,67.61405471
a75.6x79.2,75.6,79.2,-180,0,130.9702148,65.49164458
a79.2x79.2,79.2,79.2,-180,0,132.6827698,64.06087771
a82.8x79.2,82.8,79.2,-180,0,134.4055023,62.82110292
a86.4x79.2,86.4,79.2,-180,0,136.0736694,61.68242667
a90x79.2,90,79.2,-180,0,137.6730499,60.66364545
a93.6x79.2,93.6,79.2,-180,0,139.2792206,59.85848555
a97.2x79.2,97.2,79.2,-180,0,140.8643188,59.38687915
a100.8x79.2,100.8,79.2,-180,0,142.4806519,59.0426246
a104.4x79.2,104.4,79.2,-180,0,144.1929169,58.82643745
a108x79.2,108,79.2,-180,0,145.9904022,58.69593164
a111.6x79.2,111.6,79.2,-180,0,147.8467712,58.66646322
a115.2x79.2,115.2,79.2,-180,0,149.7661438,58.75045721
a118.8x79.2,118.8,79.2,-180,0,151.7480927,58.89810505
a122.4x79.2,122.4,79.2,-180,0,153.7783661,59.10650126
a126x79.2,126,79.2,-180,0,155.9021149,59.37766641
a129.6x79.2,129.6,79.2,-180,0,158.0255432,59.64940837
a133.2x79.2,133.2,79.2,-180,0,160.1221466,59.91692322
a136.8x79.2,136.8,79.2,-180,0,162.0978394,60.15466521
a140.4x79.2,140.4,79.2,-180,0,164.0412903,60.42202166
a144x79.2,144,79.2,-180,0,166.030014,60.74486531
a147.6x79.2,147.6,79.2,-180,0,168.1101685,61.1681533
a151.2x79.2,151.2,79.2,-180,0,170.4162903,61.76730934
a154.8x79.2,154.8,79.2,-180,0,172.882431,62.4751748
a158.4x79.2,158.4,79.2,-180,0,175.4929199,63.25293515
a162x79.2,162,79.2,-180,0,178.1822968,64.04348691
a165.6x79.2,165.6,79.2,-180,0,180.9226379,64.8908373
a169.2x79.2,169.2,79.2,-180,0,183.719696,65.74434118
a172.8x79.2,172.8,79.2,-180,0,186.5884552,66.59998022
a176.4x79.2,176.4,79.2,-180,0,189.5692444,67.4377201
a-180x82.8,-180,82.8,-180,0,-189.548996,74.60688311
a-176.4x82.8,-176.4,82.8,-180,0,-186.3407593,73.92199127
a-172.8x82.8,-172.8,82.8,-180,0,-183.1385956,73.14031264
a-169.2x82.8,-169.2,82.8,-180,0,-179.9535217,72.23467574
a-165.6x82.8,-165.6,82.8,-180,0,-176.8088989,71.19265608
a-162x82.8,-162,82.8,-180,0,-173.7718201,70.02793385
a-158.4x82.8,-158.4,82.8,-180,0,-170.8864136,68.85214349
a-154.8x82.8,-154.8,82.8,-180,0,-168.1690369,67.7262184
a-151.2x82.8,-151.2,82.8,-180,0,-165.619339,66.69990062
a-147.6x82.8,-147.6,82.8,-180,0,-163.0964966,65.81346539
a-144x82.8,-144,82.8,-180,0,-160.5186768,64.89457512
a-140.4x82.8,-140.4,82.8,-180,0,-157.8974609,63.90967322
a-136.8x82.8,-136.8,82.8,-180,0,-155.2492065,62.81926551
a-133.2x82.8,-133.2,82.8,-180,0,-152.6338654,61.59326635
a-129.6x82.8,-129.6,82.8,-180,0,-150.0551758,60.36571609
a-126x82.8,-126,82.8,-180,0,-147.5249023,59.05476353
a-122.4x82.8,-122.4,82.8,-180,0,-145.1047211,57.63811478
a-118.8x82.8,-118.8,82.8,-180,0,-142.8171387,56.21091415
a-115.2x82.8,-115.2,82.8,-180,0,-140.6719208,54.86186433
a-111.6x82.8,-111.6,82.8,-180,0,-138.7345886,53.65899423
a-108x82.8,-108,82.8,-180,0,-136.9361115,52.63804691
a-104.4x82.8,-104.4,82.8,-180,0,-135.3789215,51.81608873
a-100.8x82.8,-100.8,82.8,-180,0,-134.0057831,51.16414597
a-97.2x82.8,-97.2,82.8,-180,0,-132.8473358,50.64380375
a-93.6x82.8,-93.6,82.8,-180,0,-131.917984,50.4155328
a-90x82.8,-90,82.8,-180,0,-131.1083527,50.51082289
a-86.4x82.8,-86.4,82.8,-180,0,-130.1909637,51.15716821
a-82.8x82.8,-82.8,82.8,-180,0,-129.1448364,52.21012177
a-79.2x82.8,-79.2,82.8,-180,0,-127.7778168,53.71454147
a-75.6x82.8,-75.6,82.8,-180,0,-126.1857605,55.32432746
a-72x82.8,-72,82.8,-180,0,-124.5210495,56.96490925
a-68.4x82.8,-68.4,82.8,-180,0,-122.9340057,58.42962271
a-64.8x82.8,-64.8,82.8,-180,0,-121.3664246,59.73148298
a-61.2x82.8,-61.2,82.8,-180,0,-119.8087616,60.96830664
a-57.6x82.8,-57.6,82.8,-180,0,-118.1656036,62.39232432
a-54x82.8,-54,82.8,-180,0,-116.3671265,64.07866248
a-50.4x82.8,-50.4,82.8,-180,0,-114.4762955,65.88292043
a-46.8x82.8,-46.8,82.8,-180,0,-112.3779602,67.92708511
a-43.2x82.8,-43.2,82.8,-180,0,-110.2909546,70.04583227
a-39.6x82.8,-39.6,82.8,-180,0,-108.1970062,72.26900101
a-36x82.8,-36,82.8,-180,0,-106.0016022,74.75890003
a-32.4x82.8,-32.4,82.8,-180,0,-103.4584579,77.67250835
a-28.8x82.8,-28.8,82.8,-180,0,-100.2587128,81.3190761
a-25.2x82.8,-25.2,82.8,-180,0,-96.0634155,85.78529697
a-21.6x82.8,-21.6,82.8,-180,0,-90.5210876,90.81531218
a-18x82.8,-18,82.8,-180,0,-83.9754868,95.73212878
a-14.4x82.8,-14.4,82.8,-180,0,-76.5139542,100.3113113
a-10.8x82.8,-10.8,82.8,-180,0,-68.0622711,104.4762644
a-7.2x82.8,-7.2,82.8,-180,0,-58.4892502,108.097312
a-3.6x82.8,-3.6,82.8,-180,0,-47.5462456,111.0587364
a0x82.8,0,82.8,-180,0,-35.467804,113.2767342
a3.6x82.8,3.6,82.8,-180,0,-22.5221233,114.7556992
a7.2x82.8,7.2,82.8,-180,0,-8.9646301,115.5929132
a10.8x82.8,10.8,82.8,-180,0,4.8807516,115.8211064
a14.4x82.8,14.4,82.8,-180,0,18.570509,115.5112642
a18x82.8,18,82.8,-180,0,31.7348328,114.6811158
a21.6x82.8,21.6,82.8,-180,0,43.9904823,113.3459648
a25.2x82.8,25.2,82.8,-180,0,55.1626396,111.584804
a28.8x82.8,28.8,82.8,-180,0,65.1496964,109.4314733
a32.4x82.8,32.4,82.8,-180,0,74.0407257,106.9399065
a36x82.8,36,82.8,-180,0,81.9583054,104.2001222
a39.6x82.8,39.6,82.8,-180,0,89.0547791,101.2315555
a43.2x82.8,43.2,82.8,-180,0,95.3703308,98.12574178
a46.8x82.8,46.8,82.8,-180,0,100.9818115,94.95637632
a50.4x82.8,50.4,82.8,-180,0,105.9982147,91.73248415
a54x82.8,54,82.8,-180,0,110.455986,88.55116596
a57.6x82.8,57.6,82.8,-180,0,114.4544525,85.45728979
a61.2x82.8,61.2,82.8,-180,0,118.0873947,82.43856348
a64.8x82.8,64.8,82.8,-180,0,121.4324951,79.42030643
a68.4x82.8,68.4,82.8,-180,0,124.4495544,76.53306294
a72x82.8,72,82.8,-180,0,127.1310806,73.84524956
a75.6x82.8,75.6,82.8,-180,0,129.467041,71.44760327
a79.2x82.8,79.2,82.8,-180,0,131.5145264,69.58136906
a82.8x82.8,82.8,82.8,-180,0,133.4621887,67.92982175
a86.4x82.8,86.4,82.8,-180,0,135.320343,66.47020049
a90x82.8,90,82.8,-180,0,137.0910492,65.23725711
a93.6x82.8,93.6,82.8,-180,0,138.8392487,64.33459246
a97.2x82.8,97.2,82.8,-180,0,140.5281982,63.76182352
a100.8x82.8,100.8,82.8,-180,0,142.2610626,63.43069873
a104.4x82.8,104.4,82.8,-180,0,144.0811462,63.26241802
a108x82.8,108,82.8,-180,0,145.9791412,63.19056705
a111.6x82.8,111.6,82.8,-180,0,147.9373474,63.18533361
a115.2x82.8,115.2,82.8,-180,0,149.9494171,63.23886617
a118.8x82.8,118.8,82.8,-180,0,152.0044708,63.31712268
a122.4x82.8,122.4,82.8,-180,0,154.0921173,63.41937753
a126x82.8,126,82.8,-180,0,156.2249146,63.55436724
a129.6x82.8,129.6,82.8,-180,0,158.3473358,63.70505689
a133.2x82.8,133.2,82.8,-180,0,160.445343,63.88187311
a136.8x82.8,136.8,82.8,-180,0,162.4700165,64.10683826
a140.4x82.8,140.4,82.8,-180,0,164.5079498,64.45798247
a144x82.8,144,82.8,-180,0,166.6129913,64.91506918
a147.6x82.8,147.6,82.8,-180,0,168.8187408,65.50395643
a151.2x82.8,151.2,82.8,-180,0,171.2129364,66.23960744
a154.8x82.8,154.8,82.8,-180,0,173.716568,67.03340279
a158.4x82.8,158.4,82.8,-180,0,176.3156433,67.84885343
a162x82.8,162,82.8,-180,0,178.9863129,68.64677641
a165.6x82.8,165.6,82.8,-180,0,181.7148438,69.4332043
a169.2x82.8,169.2,82.8,-180,0,184.4974213,70.20884519
a172.8x82.8,172.8,82.8,-180,0,187.3406219,70.96461521
a176.4x82.8,176.4,82.8,-180,0,190.2553101,71.69054054
a-180x86.4,-180,86.4,-180,0,-190.0888367,78.58055401
a-176.4x86.4,-176.4,86.4,-180,0,-186.9590759,77.94379979
a-172.8x86.4,-172.8,86.4,-180,0,-183.8512573,77.22980177
a-169.2x86.4,-169.2,86.4,-180,0,-180.7778473,76.42722999
a-165.6x86.4,-165.6,86.4,-180,0,-177.7606812,75.52682641
a-162x86.4,-162,86.4,-180,0,-174.8152466,74.55663599
a-158.4x86.4,-158.4,86.4,-180,0,-171.9620972,73.54972084
a-154.8x86.4,-154.8,86.4,-180,0,-169.2101288,72.53750235
a-151.2x86.4,-151.2,86.4,-180,0,-166.5709991,71.57012668
a-147.6x86.4,-147.6,86.4,-180,0,-163.9848022,70.66767892
a-144x86.4,-144,86.4,-180,0,-161.4160614,69.76667853
a-140.4x86.4,-140.4,86.4,-180,0,-158.8545227,68.84425881
a-136.8x86.4,-136.8,86.4,-180,0,-156.3045197,67.85735337
a-133.2x86.4,-133.2,86.4,-180,0,-153.7954865,66.79912066
a-129.6x86.4,-129.6,86.4,-180,0,-151.3291473,65.6929272
a-126x86.4,-126,86.4,-180,0,-148.9135895,64.53949657
a-122.4x86.4,-122.4,86.4,-180,0,-146.5886688,63.33123967
a-118.8x86.4,-118.8,86.4,-180,0,-144.3588409,62.128175
a-115.2x86.4,-115.2,86.4,-180,0,-142.2314148,60.9618071
a-111.6x86.4,-111.6,86.4,-180,0,-140.2283325,59.86025803
a-108x86.4,-108,86.4,-180,0,-138.3220215,58.87149218
a-104.4x86.4,-104.4,86.4,-180,0,-136.6027527,58.00969478
a-100.8x86.4,-100.8,86.4,-180,0,-135.0354767,57.32801877
a-97.2x86.4,-97.2,86.4,-180,0,-133.638092,56.80148678
a-93.6x86.4,-93.6,86.4,-180,0,-132.4116058,56.63794077
a-90x86.4,-90,86.4,-180,0,-131.2507782,56.78329539
a-86.4x86.4,-86.4,86.4,-180,0,-130.009491,57.45898749
a-82.8x86.4,-82.8,86.4,-180,0,-128.670166,58.42060211
a-79.2x86.4,-79.2,86.4,-180,0,-127.1586151,59.58910402
a-75.6x86.4,-75.6,86.4,-180,0,-125.5463562,60.84544758
a-72x86.4,-72,86.4,-180,0,-123.8675995,62.13955741
a-68.4x86.4,-68.4,86.4,-180,0,-122.2318497,63.40052689
a-64.8x86.4,-64.8,86.4,-180,0,-120.5727615,64.74086511
a-61.2x86.4,-61.2,86.4,-180,0,-118.8454666,66.18193157
a-57.6x86.4,-57.6,86.4,-180,0,-117.0071335,67.83623996
a-54x86.4,-54,86.4,-180,0,-114.9619904,69.78343191
a-50.4x86.4,-50.4,86.4,-180,0,-112.7909088,71.7743235
a-46.8x86.4,-46.8,86.4,-180,0,-110.5292511,73.78783164
a-43.2x86.4,-43.2,86.4,-180,0,-108.2484055,75.75400509
a-39.6x86.4,-39.6,86.4,-180,0,-105.9541779,77.84967096
a-36x86.4,-36,86.4,-180,0,-103.45681,80.33570676
a-32.4x86.4,-32.4,86.4,-180,0,-100.5412598,83.3697942
a-28.8x86.4,-28.8,86.4,-180,0,-96.9698334,86.995585
a-25.2x86.4,-25.2,86.4,-180,0,-92.5154114,91.1498612
a-21.6x86.4,-21.6,86.4,-180,0,-87.0307846,95.45552528
a-18x86.4,-18,86.4,-180,0,-80.6577911,99.63367748
a-14.4x86.4,-14.4,86.4,-180,0,-73.5308609,103.4492911
a-10.8x86.4,-10.8,86.4,-180,0,-65.3864594,106.9582343
a-7.2x86.4,-7.2,86.4,-180,0,-56.1534767,110.0236807
a-3.6x86.4,-3.6,86.4,-180,0,-45.8550186,112.5301788
a0x86.4,0,86.4,-180,0,-34.4526405,114.4298239
a3.6x86.4,3.6,86.4,-180,0,-22.2430935,115.734245
a7.2x86.4,7.2,86.4,-180,0,-9.4466228,116.4921442
a10.8x86.4,10.8,86.4,-180,0,3.6159151,116.7377162
a14.4x86.4,14.4,86.4,-180,0,16.5756531,116.5366651
a18x86.4,18,86.4,-180,0,29.0789604,115.8727147
a21.6x86.4,21.6,86.4,-180,0,40.908268,114.8160291
a25.2x86.4,25.2,86.4,-180,0,51.7573547,113.3452236
a28.8x86.4,28.8,86.4,-180,0,61.5861053,111.552538
a32.4x86.4,32.4,86.4,-180,0,70.4305954,109.4673356
a36x86.4,36,86.4,-180,0,78.370285,107.1127244
a39.6x86.4,39.6,86.4,-180,0,85.4962387,104.5655016
a43.2x86.4,43.2,86.4,-180,0,91.8704529,101.8921897
a46.8x86.4,46.8,86.4,-180,0,97.5903015,99.13398879
a50.4x86.4,50.4,86.4,-180,0,102.7576141,96.29896757
a54x86.4,54,86.4,-180,0,107.3788223,93.49675933
a57.6x86.4,57.6,86.4,-180,0,111.5582047,90.74636204
a61.2x86.4,61.2,86.4,-180,0,115.3834381,88.02132007
a64.8x86.4,64.8,86.4,-180,0,118.9041901,85.32191861
a68.4x86.4,68.4,86.4,-180,0,122.1234894,82.71066902
a72x86.4,72,86.4,-180,0,125.0436172,80.22969025
a75.6x86.4,75.6,86.4,-180,0,127.6526947,77.99211475
a79.2x86.4,79.2,86.4,-180,0,130.0352478,75.95886599
a82.8x86.4,82.8,86.4,-180,0,132.2375641,74.18417281
a86.4x86.4,86.4,86.4,-180,0,134.3137817,72.65318383
a90x86.4,90,86.4,-180,0,136.3115997,71.3941237
a93.6x86.4,93.6,86.4,-180,0,138.237854,70.38746957
a97.2x86.4,97.2,86.4,-180,0,140.0948181,69.6720839
a100.8x86.4,100.8,86.4,-180,0,141.9737549,69.24804953
a104.4x86.4,104.4,86.4,-180,0,143.9055481,69.00440149
a108x86.4,108,86.4,-180,0,145.8930817,68.86067905
a111.6x86.4,111.6,86.4,-180,0,147.9314423,68.7778238
a115.2x86.4,115.2,86.4,-180,0,150.0120087,68.74276518
a118.8x86.4,118.8,86.4,-180,0,152.1240387,68.73507819
a122.4x86.4,122.4,86.4,-180,0,154.2610626,68.75379153
a126x86.4,126,86.4,-180,0,156.4247894,68.80824565
a129.6x86.4,129.6,86.4,-180,0,158.5860748,68.89392519
a133.2x86.4,133.2,86.4,-180,0,160.7393799,69.02466804
a136.8x86.4,136.8,86.4,-180,0,162.8694916,69.2381721
a140.4x86.4,140.4,86.4,-180,0,165.0310364,69.59246178
a144x86.4,144,86.4,-180,0,167.2506104,70.05170274
a147.6x86.4,147.6,86.4,-180,0,169.5463715,70.61999949
a151.2x86.4,151.2,86.4,-180,0,171.9707336,71.2838497
a154.8x86.4,154.8,86.4,-180,0,174.473999,71.97977123
a158.4x86.4,158.4,86.4,-180,0,177.0491943,72.68771604
a162x86.4,162,86.4,-180,0,179.690033,73.38846957
a165.6x86.4,165.6,86.4,-180,0,182.3976135,74.07355935
a169.2x86.4,169.2,86.4,-180,0,185.1554871,74.74449333
a172.8x86.4,172.8,86.4,-180,0,187.9669952,75.39415549
a176.4x86.4,176.4,86.4,-180,0,190.834137,76.01508003
a-180x90,-180,90,-180,0,-190.588028,82.6228104
a-176.4x90,-176.4,90,-180,0,-187.5219727,82.04194366
a-172.8x90,-172.8,90,-180,0,-184.4847717,81.40036742
a-169.2x90,-169.2,90,-180,0,-181.4870453,80.69350518
a-165.6x90,-165.6,90,-180,0,-178.545166,79.9173037
a-162x90,-162,90,-180,0,-175.6616364,79.0946213
a-158.4x90,-158.4,90,-180,0,-172.8442383,78.23947147
a-154.8x90,-154.8,90,-180,0,-170.0973206,77.36640893
a-151.2x90,-151.2,90,-180,0,-167.4333038,76.50437379
a-147.6x90,-147.6,90,-180,0,-164.8215637,75.65895477
a-144x90,-144,90,-180,0,-162.2520294,74.81442041
a-140.4x90,-140.4,90,-180,0,-159.7152252,73.96283755
a-136.8x90,-136.8,90,-180,0,-157.2168274,73.07964495
a-133.2x90,-133.2,90,-180,0,-154.7624207,72.16528756
a-129.6x90,-129.6,90,-180,0,-152.3566742,71.22419212
a-126x90,-126,90,-180,0,-150.0070496,70.25613526
a-122.4x90,-122.4,90,-180,0,-147.7290802,69.27268167
a-118.8x90,-118.8,90,-180,0,-145.5292358,68.30967105
a-115.2x90,-115.2,90,-180,0,-143.4173431,67.37543245
a-111.6x90,-111.6,90,-180,0,-141.3955994,66.48973917
a-108x90,-108,90,-180,0,-139.4453278,65.68164477
a-104.4x90,-104.4,90,-180,0,-137.6286316,64.96352448
a-100.8x90,-100.8,90,-180,0,-135.9094391,64.39566392
a-97.2x90,-97.2,90,-180,0,-134.2953949,63.98645715
a-93.6x90,-93.6,90,-180,0,-132.7934875,63.8934791
a-90x90,-90,90,-180,0,-131.3186646,64.0458764
a-86.4x90,-86.4,90,-180,0,-129.843399,64.54680701
a-82.8x90,-82.8,90,-180,0,-128.3053284,65.26786906
a-79.2x90,-79.2,90,-180,0,-126.6873627,66.17905689
a-75.6x90,-75.6,90,-180,0,-124.9886093,67.28921022
a-72x90,-72,90,-180,0,-123.2319794,68.48631235
a-68.4x90,-68.4,90,-180,0,-121.4394226,69.73164115
a-64.8x90,-64.8,90,-180,0,-119.590271,71.18960573
a-61.2x90,-61.2,90,-180,0,-117.629364,72.78639045
a-57.6x90,-57.6,90,-180,0,-115.5567169,74.51241684
a-54x90,-54,90,-180,0,-113.3383484,76.37618577
a-50.4x90,-50.4,90,-180,0,-110.9863663,78.27982426
a-46.8x90,-46.8,90,-180,0,-108.5577545,80.18720314
a-43.2x90,-43.2,90,-180,0,-106.0650253,82.14656898
a-39.6x90,-39.6,90,-180,0,-103.4511337,84.27885648
a-36x90,-36,90,-180,0,-100.5906219,86.73630767
a-32.4x90,-32.4,90,-180,0,-97.3247528,89.59779171
a-28.8x90,-28.8,90,-180,0,-93.5097275,92.79665968
a-25.2x90,-25.2,90,-180,0,-88.9884338,96.27233689
a-21.6x90,-21.6,90,-180,0,-83.6378708,99.8154899
a-18x90,-18,90,-180,0,-77.5575409,103.2029447
a-14.4x90,-14.4,90,-180,0,-70.6031342,106.4290213
a-10.8x90,-10.8,90,-180,0,-62.8456459,109.3398755
a-7.2x90,-7.2,90,-180,0,-54.0085526,111.8882634
a-3.6x90,-3.6,90,-180,0,-44.2231331,114.0121126
a0x90,0,90,-180,0,-33.4078293,115.6392715
a3.6x90,3.6,90,-180,0,-21.8500996,116.7762481
a7.2x90,7.2,90,-180,0,-9.7408171,117.4559231
a10.8x90,10.8,90,-180,0,2.6276252,117.7094843
a14.4x90,14.4,90,-180,0,14.9502144,117.575318
a18x90,18,90,-180,0,26.9118862,117.0502904
a21.6x90,21.6,90,-180,0,38.2807655,116.1851306
a25.2x90,25.2,90,-180,0,48.8442039,114.9828985
a28.8x90,28.8,90,-180,0,58.4576759,113.4740924
a32.4x90,32.4,90,-180,0,67.2497787,111.7078047
a36x90,36,90,-180,0,75.2072067,109.7190452
a39.6x90,39.6,90,-180,0,82.3304901,107.5459239
a43.2x90,43.2,90,-180,0,88.7406006,105.2461482
a46.8x90,46.8,90,-180,0,94.5796432,102.8225343
a50.4x90,50.4,90,-180,0,99.8378677,100.3584073
a54x90,54,90,-180,0,104.5819702,97.89855338
a57.6x90,57.6,90,-180,0,108.902504,95.46622231
a61.2x90,61.2,90,-180,0,112.8974075,93.01319569
a64.8x90,64.8,90,-180,0,116.5625534,90.61837014
a68.4x90,68.4,90,-180,0,119.910141,88.31847635
a72x90,72,90,-180,0,122.9855881,86.13353242
a75.6x90,75.6,90,-180,0,125.8195801,84.07943176
a79.2x90,79.2,90,-180,0,128.4436951,82.16043804
a82.8x90,82.8,90,-180,0,130.8745728,80.46095673
a86.4x90,86.4,90,-180,0,133.162735,79.01264295
a90x90,90,90,-180,0,135.3532257,77.78934571
a93.6x90,93.6,90,-180,0,137.4638824,76.77449364
a97.2x90,97.2,90,-180,0,139.5144958,75.97754498
a100.8x90,100.8,90,-180,0,141.5536499,75.42363348
a104.4x90,104.4,90,-180,0,143.60849,75.03864587
a108x90,108,90,-180,0,145.6929321,74.76416938
a111.6x90,111.6,90,-180,0,147.8126068,74.5728117
a115.2x90,115.2,90,-180,0,149.9615173,74.44510983
a118.8x90,118.8,90,-180,0,152.1333008,74.36327472
a122.4x90,122.4,90,-180,0,154.3246918,74.32348168
a126x90,126,90,-180,0,156.5363464,74.33779664
a129.6x90,129.6,90,-180,0,158.7541809,74.39749916
a133.2x90,133.2,90,-180,0,160.9770813,74.51091997
a136.8x90,136.8,90,-180,0,163.2060699,74.7060047
a140.4x90,140.4,90,-180,0,165.4684906,75.00931538
a144x90,144,90,-180,0,167.7740936,75.39430372
a147.6x90,147.6,90,-180,0,170.1327972,75.85840902
a151.2x90,151.2,90,-180,0,172.5776062,76.39369874
a154.8x90,154.8,90,-180,0,175.0863037,76.95959628
a158.4x90,158.4,90,-180,0,177.654007,77.54331139
a162x90,162,90,-180,0,180.2782288,78.13293988
a165.6x90,165.6,90,-180,0,182.9685059,78.71544694
a169.2x90,169.2,90,-180,0,185.7081604,79.28749096
a172.8x90,172.8,90,-180,0,188.4931183,79.84352052
a176.4x90,176.4,90,-180,0,191.3263702,80.37613812
a-180x93.6,-180,93.6,-180,0,-191.0410004,86.72178059
a-176.4x93.6,-176.4,93.6,-180,0,-188.0253448,86.19861387
a-172.8x93.6,-172.8,93.6,-180,0,-185.0410614,85.62756947
a-169.2x93.6,-169.2,93.6,-180,0,-182.0977478,85.00514137
a-165.6x93.6,-165.6,93.6,-180,0,-179.2051086,84.33332956
a-162x93.6,-162,93.6,-180,0,-176.3632202,83.62611261
a-158.4x93.6,-158.4,93.6,-180,0,-173.5751038,82.89179997
a-154.8x93.6,-154.8,93.6,-180,0,-170.8433838,82.13854187
a-151.2x93.6,-151.2,93.6,-180,0,-168.1806488,81.38075286
a-147.6x93.6,-147.6,93.6,-180,0,-165.5650024,80.62223527
a-144x93.6,-144,93.6,-180,0,-162.9973297,79.86042928
a-140.4x93.6,-140.4,93.6,-180,0,-160.4731903,79.09352294
a-136.8x93.6,-136.8,93.6,-180,0,-157.9970856,78.31375223
a-133.2x93.6,-133.2,93.6,-180,0,-155.565918,77.52241043
a-129.6x93.6,-129.6,93.6,-180,0,-153.182251,76.72324054
a-126x93.6,-126,93.6,-180,0,-150.8639221,75.9162273
a-122.4x93.6,-122.4,93.6,-180,0,-148.6002045,75.11517915
a-118.8x93.6,-118.8,93.6,-180,0,-146.4029388,74.34518662
a-115.2x93.6,-115.2,93.6,-180,0,-144.2848358,73.61159433
a-111.6x93.6,-111.6,93.6,-180,0,-142.2372131,72.93408814
a-108x93.6,-108,93.6,-180,0,-140.2477112,72.32765599
a-104.4x93.6,-104.4,93.6,-180,0,-138.3544617,71.81341534
a-100.8x93.6,-100.8,93.6,-180,0,-136.5222626,71.41970102
a-97.2x93.6,-97.2,93.6,-180,0,-134.7513428,71.16450171
a-93.6x93.6,-93.6,93.6,-180,0,-133.0539093,71.13922631
a-90x93.6,-90,93.6,-180,0,-131.3726196,71.30863366
a-86.4x93.6,-86.4,93.6,-180,0,-129.7012634,71.72266436
a-82.8x93.6,-82.8,93.6,-180,0,-127.9942322,72.36095769
a-79.2x93.6,-79.2,93.6,-180,0,-126.2291946,73.17648767
a-75.6x93.6,-75.6,93.6,-180,0,-124.4029541,74.16312144
a-72x93.6,-72,93.6,-180,0,-122.5155182,75.286388
a-68.4x93.6,-68.4,93.6,-180,0,-120.5592346,76.52013369
a-64.8x93.6,-64.8,93.6,-180,0,-118.5266953,77.90367023
a-61.2x93.6,-61.2,93.6,-180,0,-116.379425,79.44137164
a-57.6x93.6,-57.6,93.6,-180,0,-114.1337509,81.040236
a-54x93.6,-54,93.6,-180,0,-111.7805099,82.72272841
a-50.4x93.6,-50.4,93.6,-180,0,-109.2946014,84.48299167
a-46.8x93.6,-46.8,93.6,-180,0,-106.6962967,86.30707338
a-43.2x93.6,-43.2,93.6,-180,0,-103.9756699,88.2427847
a-39.6x93.6,-39.6,93.6,-180,0,-101.0913086,90.32058231
a-36x93.6,-36,93.6,-180,0,-97.9478912,92.61666956
a-32.4x93.6,-32.4,93.6,-180,0,-94.4301834,95.16484807
a-28.8x93.6,-28.8,93.6,-180,0,-90.456543,97.89895745
a-25.2x93.6,-25.2,93.6,-180,0,-85.9218597,100.7601121
a-21.6x93.6,-21.6,93.6,-180,0,-80.6508789,103.6858331
a-18x93.6,-18,93.6,-180,0,-74.7100372,106.4878639
a-14.4x93.6,-14.4,93.6,-180,0,-68.0404968,109.1316008
a-10.8x93.6,-10.8,93.6,-180,0,-60.4802971,111.5689727
a-7.2x93.6,-7.2,93.6,-180,0,-52.0044022,113.7114915
a-3.6x93.6,-3.6,93.6,-180,0,-42.6314392,115.4912285
a0x93.6,0,93.6,-180,0,-32.3748016,116.8836475
a3.6x93.6,3.6,93.6,-180,0,-21.3891697,117.8690866
a7.2x93.6,7.2,93.6,-180,0,-9.8799324,118.4732658
a10.8x93.6,10.8,93.6,-180,0,1.8861799,118.7216484
a14.4x93.6,14.4,93.6,-180,0,13.6446323,118.6287807
a18x93.6,18,93.6,-180,0,25.1191463,118.2148629
a21.6x93.6,21.6,93.6,-180,0,36.080986,117.5023944
a25.2x93.6,25.2,93.6,-180,0,46.3888016,116.5235314
a28.8x93.6,28.8,93.6,-180,0,55.8308372,115.2614746
a32.4x93.6,32.4,93.6,-180,0,64.4714127,113.7679433
a36x93.6,36,93.6,-180,0,72.3423767,112.0794284
a39.6x93.6,39.6,93.6,-180,0,79.4966965,110.2266426
a43.2x93.6,43.2,93.6,-180,0,86.009758,108.2316319
a46.8x93.6,46.8,93.6,-180,0,91.9059753,106.1434269
a50.4x93.6,50.4,93.6,-180,0,97.2333984,104.0029651
a54x93.6,54,93.6,-180,0,102.069664,101.8521611
a57.6x93.6,57.6,93.6,-180,0,106.522316,99.67968489
a61.2x93.6,61.2,93.6,-180,0,110.6163177,97.52397633
a64.8x93.6,64.8,93.6,-180,0,114.3840179,95.41963999
a68.4x93.6,68.4,93.6,-180,0,117.8644638,93.38885448
a72x93.6,72,93.6,-180,0,121.0889511,91.45129237
a75.6x93.6,75.6,93.6,-180,0,124.0954208,89.59129739
a79.2x93.6,79.2,93.6,-180,0,126.8949814,87.8571799
a82.8x93.6,82.8,93.6,-180,0,129.5086517,86.30360563
a86.4x93.6,86.4,93.6,-180,0,131.9784088,84.95690002
a90x93.6,90,93.6,-180,0,134.3420868,83.78490365
a93.6x93.6,93.6,93.6,-180,0,136.6216888,82.78871859
a97.2x93.6,97.2,93.6,-180,0,138.8429413,81.97642033
a100.8x93.6,100.8,93.6,-180,0,141.0308075,81.35016928
a104.4x93.6,104.4,93.6,-180,0,143.2111664,80.868936
a108x93.6,108,93.6,-180,0,145.3995819,80.50002332
a111.6x93.6,111.6,93.6,-180,0,147.606781,80.23009648
a115.2x93.6,115.2,93.6,-180,0,149.8298798,80.03435684
a118.8x93.6,118.8,93.6,-180,0,152.0675812,79.8975634
a122.4x93.6,122.4,93.6,-180,0,154.3196716,79.81517084
a126x93.6,126,93.6,-180,0,156.5882111,79.79933218
a129.6x93.6,129.6,93.6,-180,0,158.8667145,79.83578129
a133.2x93.6,133.2,93.6,-180,0,161.1559143,79.92757071
a136.8x93.6,136.8,93.6,-180,0,163.4616699,80.0907065
a140.4x93.6,140.4,93.6,-180,0,165.7978668,80.3331783
a144x93.6,144,93.6,-180,0,168.1671753,80.63830572
a147.6x93.6,147.6,93.6,-180,0,170.5757141,81.00365457
a151.2x93.6,151.2,93.6,-180,0,173.0464935,81.42943768
a154.8x93.6,154.8,93.6,-180,0,175.5704498,81.88709664
a158.4x93.6,158.4,93.6,-180,0,178.1434479,82.36575297
a162x93.6,162,93.6,-180,0,180.765152,82.85630472
a165.6x93.6,165.6,93.6,-180,0,183.4440308,83.34777978
a169.2x93.6,169.2,93.6,-180,0,186.1690674,83.8332697
a172.8x93.6,172.8,93.6,-180,0,188.937149,84.30718758
a176.4x93.6,176.4,93.6,-180,0,191.7459564,84.7640754
a-180x97.2,-180,97.2,-180,0,-191.446228,90.86756628
a-176.4x97.2,-176.4,97.2,-180,0,-188.4703369,90.40110906
a-172.8x97.2,-172.8,97.2,-180,0,-185.5252533,89.89713864
a-169.2x97.2,-169.2,97.2,-180,0,-182.6222687,89.35044907
a-165.6x97.2,-165.6,97.2,-180,0,-179.7657318,88.76674531
a-162x97.2,-162,97.2,-180,0,-176.9542389,88.15522611
a-158.4x97.2,-158.4,97.2,-180,0,-174.1895599,87.52111985
a-154.8x97.2,-154.8,97.2,-180,0,-171.4766998,86.86938279
a-151.2x97.2,-151.2,97.2,-180,0,-168.819931,86.20792146
a-147.6x97.2,-147.6,97.2,-180,0,-166.2080994,85.54100161
a-144x97.2,-144,97.2,-180,0,-163.6440887,84.86975106
a-140.4x97.2,-140.4,97.2,-180,0,-161.1280823,84.19523204
a-136.8x97.2,-136.8,97.2,-180,0,-158.6598969,83.51640763
a-133.2x97.2,-133.2,97.2,-180,0,-156.2357635,82.83583685
a-129.6x97.2,-129.6,97.2,-180,0,-153.8571472,82.15759797
a-126x97.2,-126,97.2,-180,0,-151.5410309,81.48539675
a-122.4x97.2,-122.4,97.2,-180,0,-149.2771759,80.83114402
a-118.8x97.2,-118.8,97.2,-180,0,-147.0656891,80.21203351
a-115.2x97.2,-115.2,97.2,-180,0,-144.9238434,79.63730692
a-111.6x97.2,-111.6,97.2,-180,0,-142.8367767,79.12167277
a-108x97.2,-108,97.2,-180,0,-140.7972717,78.67511482
a-104.4x97.2,-104.4,97.2,-180,0,-138.8297119,78.32408093
a-100.8x97.2,-100.8,97.2,-180,0,-136.9043884,78.07794721
a-97.2x97.2,-97.2,97.2,-180,0,-135.0174255,77.95268194
a-93.6x97.2,-93.6,97.2,-180,0,-133.1783142,78.01139447
a-90x97.2,-90,97.2,-180,0,-131.3456421,78.2297016
a-86.4x97.2,-86.4,97.2,-180,0,-129.5084534,78.61966138
a-82.8x97.2,-82.8,97.2,-180,0,-127.647995,79.19806626
a-79.2x97.2,-79.2,97.2,-180,0,-125.7440033,79.92643408
a-75.6x97.2,-75.6,97.2,-180,0,-123.7878494,80.80013994
a-72x97.2,-72,97.2,-180,0,-121.7665405,81.82905707
a-68.4x97.2,-68.4,97.2,-180,0,-119.6690369,82.9732002
a-64.8x97.2,-64.8,97.2,-180,0,-117.4927597,84.22591138
a-61.2x97.2,-61.2,97.2,-180,0,-115.2105713,85.61608126
a-57.6x97.2,-57.6,97.2,-180,0,-112.8334885,87.06001596
a-54x97.2,-54,97.2,-180,0,-110.348587,88.58543258
a-50.4x97.2,-50.4,97.2,-180,0,-107.7485352,90.18844946
a-46.8x97.2,-46.8,97.2,-180,0,-105.0042267,91.89260204
a-43.2x97.2,-43.2,97.2,-180,0,-102.0986938,93.71650702
a-39.6x97.2,-39.6,97.2,-180,0,-99.0089188,95.64956279
a-36x97.2,-36,97.2,-180,0,-95.6614227,97.72524927
a-32.4x97.2,-32.4,97.2,-180,0,-91.976799,99.95165371
a-28.8x97.2,-28.8,97.2,-180,0,-87.8713379,102.3076781
a-25.2x97.2,-25.2,97.2,-180,0,-83.299202,104.70175
a-21.6x97.2,-21.6,97.2,-180,0,-78.0997543,107.114738
a-18x97.2,-18,97.2,-180,0,-72.2548294,109.4663136
a-14.4x97.2,-14.4,97.2,-180,0,-65.7052231,111.6829237
a-10.8x97.2,-10.8,97.2,-180,0,-58.3728867,113.7054518
a-7.2x97.2,-7.2,97.2,-180,0,-50.2440033,115.4965435
a-3.6x97.2,-3.6,97.2,-180,0,-41.2089424,116.9913792
a0x97.2,0,97.2,-180,0,-31.401495,118.1779841
a3.6x97.2,3.6,97.2,-180,0,-20.8976116,119.0224753
a7.2x97.2,7.2,97.2,-180,0,-9.9066191,119.5540126
a10.8x97.2,10.8,97.2,-180,0,1.3381721,119.7906093
a14.4x97.2,14.4,97.2,-180,0,12.6109257,119.7336187
a18x97.2,18,97.2,-180,0,23.6700649,119.4198539
a21.6x97.2,21.6,97.2,-180,0,34.268158,118.8243208
a25.2x97.2,25.2,97.2,-180,0,44.277504,117.998969
a28.8x97.2,28.8,97.2,-180,0,53.5660744,116.9546722
a32.4x97.2,32.4,97.2,-180,0,62.0683975,115.6961419
a36x97.2,36,97.2,-180,0,69.891922,114.2603375
a39.6x97.2,39.6,97.2,-180,0,77.0359192,112.6747968
a43.2x97.2,43.2,97.2,-180,0,83.5432053,110.9701153
a46.8x97.2,46.8,97.2,-180,0,89.4687958,109.1770461
a50.4x97.2,50.4,97.2,-180,0,94.8600006,107.3291027
a54x97.2,54,97.2,-180,0,99.8023529,105.43777
a57.6x97.2,57.6,97.2,-180,0,104.3495712,103.5351009
a61.2x97.2,61.2,97.2,-180,0,108.5398331,101.6496756
a64.8x97.2,64.8,97.2,-180,0,112.4150543,99.80141184
a68.4x97.2,68.4,97.2,-180,0,116.0111847,98.01036493
a72x97.2,72,97.2,-180,0,119.3680344,96.28305674
a75.6x97.2,75.6,97.2,-180,0,122.5133743,94.6219994
a79.2x97.2,79.2,97.2,-180,0,125.4520569,93.07885222
a82.8x97.2,82.8,97.2,-180,0,128.2097473,91.69058616
a86.4x97.2,86.4,97.2,-180,0,130.8345337,90.44444121
a90x97.2,90,97.2,-180,0,133.3505554,89.34317738
a93.6x97.2,93.6,97.2,-180,0,135.77948,88.38814747
a97.2x97.2,97.2,97.2,-180,0,138.1434479,87.59450656
a100.8x97.2,100.8,97.2,-180,0,140.4635468,86.94718637
a104.4x97.2,104.4,97.2,-180,0,142.7619019,86.42456555
a108x97.2,108,97.2,-180,0,145.0524139,86.00751718
a111.6x97.2,111.6,97.2,-180,0,147.3470917,85.6941638
a115.2x97.2,115.2,97.2,-180,0,149.6465454,85.45566887
a118.8x97.2,118.8,97.2,-180,0,151.9527893,85.2815555
a122.4x97.2,122.4,97.2,-180,0,154.2680054,85.16844451
a126x97.2,126,97.2,-180,0,156.5955658,85.12561276
a129.6x97.2,129.6,97.2,-180,0,158.9330292,85.13591287
a133.2x97.2,133.2,97.2,-180,0,161.2819214,85.19931012
a136.8x97.2,136.8,97.2,-180,0,163.6487579,85.32498765
a140.4x97.2,140.4,97.2,-180,0,166.0419006,85.51385284
a144x97.2,144,97.2,-180,0,168.4618225,85.75392358
a147.6x97.2,147.6,97.2,-180,0,170.9129486,86.04298815
a151.2x97.2,151.2,97.2,-180,0,173.4117737,86.3834779
a154.8x97.2,154.8,97.2,-180,0,175.9550171,86.75487104
a158.4x97.2,158.4,97.2,-180,0,178.5392151,87.14758556
a162x97.2,162,97.2,-180,0,181.164917,87.55444074
a165.6x97.2,165.6,97.2,-180,0,183.8388824,87.96691991
a169.2x97.2,169.2,97.2,-180,0,186.5553284,88.377289
a172.8x97.2,172.8,97.2,-180,0,189.3100586,88.78068305
a176.4x97.2,176.4,97.2,-180,0,192.1026611,89.17161235
a-180x100.8,-180,100.8,-180,0,-191.8070068,95.04851561
a-176.4x100.8,-176.4,100.8,-180,0,-188.861618,94.63813721
a-172.8x100.8,-172.8,100.8,-180,0,-185.9473572,94.19681068
a-169.2x100.8,-169.2,100.8,-180,0,-183.0764618,93.71945804
a-165.6x100.8,-165.6,100.8,-180,0,-180.2472992,93.21420535
a-162x100.8,-162,100.8,-180,0,-177.4592285,92.68646477
a-158.4x100.8,-158.4,100.8,-180,0,-174.7134094,92.13985592
a-154.8x100.8,-154.8,100.8,-180,0,-172.016449,91.57727556
a-151.2x100.8,-151.2,100.8,-180,0,-169.3677216,91.00479449
a-147.6x100.8,-147.6,100.8,-180,0,-166.7613373,90.42611897
a-144x100.8,-144,100.8,-180,0,-164.2008667,89.84375687
a-140.4x100.8,-140.4,100.8,-180,0,-161.6893768,89.26006811
a-136.8x100.8,-136.8,100.8,-180,0,-159.2224579,88.67713616
a-133.2x100.8,-133.2,100.8,-180,0,-156.7973175,88.09805251
a-129.6x100.8,-129.6,100.8,-180,0,-154.4167175,87.52690337
a-126x100.8,-126,100.8,-180,0,-152.0905304,86.97000078
a-122.4x100.8,-122.4,100.8,-180,0,-149.8096161,86.43555807
a-118.8x100.8,-118.8,100.8,-180,0,-147.5772247,85.93948234
a-115.2x100.8,-115.2,100.8,-180,0,-145.4046173,85.49215467
a-111.6x100.8,-111.6,100.8,-180,0,-143.2722168,85.10043038
a-108x100.8,-108,100.8,-180,0,-141.1781464,84.77367345
a-104.4x100.8,-104.4,100.8,-180,0,-139.138382,84.53806474
a-100.8x100.8,-100.8,100.8,-180,0,-137.1289063,84.39544284
a-97.2x100.8,-97.2,100.8,-180,0,-135.1437683,84.35794546
a-93.6x100.8,-93.6,100.8,-180,0,-133.1875,84.47386419
a-90x100.8,-90,100.8,-180,0,-131.2291412,84.71277221
a-86.4x100.8,-86.4,100.8,-180,0,-129.26091,85.08247602
a-82.8x100.8,-82.8,100.8,-180,0,-127.2741776,85.61643595
a-79.2x100.8,-79.2,100.8,-180,0,-125.2476959,86.27592713
a-75.6x100.8,-75.6,100.8,-180,0,-123.1730728,87.05254011
a-72x100.8,-72,100.8,-180,0,-121.0338287,87.97501687
a-68.4x100.8,-68.4,100.8,-180,0,-118.8170853,89.00788505
a-64.8x100.8,-64.8,100.8,-180,0,-116.520752,90.13614653
a-61.2x100.8,-61.2,100.8,-180,0,-114.1337738,91.36041633
a-57.6x100.8,-57.6,100.8,-180,0,-111.6444321,92.66020579
a-54x100.8,-54,100.8,-180,0,-109.0466766,94.03727192
a-50.4x100.8,-50.4,100.8,-180,0,-106.3289795,95.49245307
a-46.8x100.8,-46.8,100.8,-180,0,-103.4641342,97.04142434
a-43.2x100.8,-43.2,100.8,-180,0,-100.4194031,98.69692548
a-39.6x100.8,-39.6,100.8,-180,0,-97.1691437,100.448083
a-36x100.8,-36,100.8,-180,0,-93.6747818,102.2818325
a-32.4x100.8,-32.4,100.8,-180,0,-89.8663635,104.2083739
a-28.8x100.8,-28.8,100.8,-180,0,-85.6776962,106.2112518
a-25.2x100.8,-25.2,100.8,-180,0,-81.0457687,108.2504943
a-21.6x100.8,-21.6,100.8,-180,0,-75.8879623,110.25769
a-18x100.8,-18,100.8,-180,0,-70.1142197,112.2092635
a-14.4x100.8,-14.4,100.8,-180,0,-63.6652374,114.0567677
a-10.8x100.8,-10.8,100.8,-180,0,-56.5111198,115.7506915
a-7.2x100.8,-7.2,100.8,-180,0,-48.6074982,117.2464901
a-3.6x100.8,-3.6,100.8,-180,0,-39.8939133,118.49426
a0x100.8,0,100.8,-180,0,-30.4860573,119.4982059
a3.6x100.8,3.6,100.8,-180,0,-20.4028053,120.2175145
a7.2x100.8,7.2,100.8,-180,0,-9.8628349,120.6803897
a10.8x100.8,10.8,100.8,-180,0,0.9282703,120.8981903
a14.4x100.8,14.4,100.8,-180,0,11.7721472,120.8639944
a18x100.8,18,100.8,-180,0,22.4368839,120.6143408
a21.6x100.8,21.6,100.8,-180,0,32.7193184,120.1396235
a25.2x100.8,25.2,100.8,-180,0,42.4743347,119.4517618
a28.8x100.8,28.8,100.8,-180,0,51.5841408,118.5760589
a32.4x100.8,32.4,100.8,-180,0,60.0385513,117.5288641
a36x100.8,36,100.8,-180,0,67.7718048,116.3157515
a39.6x100.8,39.6,100.8,-180,0,74.8676682,114.9724782
a43.2x100.8,43.2,100.8,-180,0,81.3636856,113.5233332
a46.8x100.8,46.8,100.8,-180,0,87.3135452,111.9893944
a50.4x100.8,50.4,100.8,-180,0,92.7843094,110.3850663
a54x100.8,54,100.8,-180,0,97.7910995,108.7514022
a57.6x100.8,57.6,100.8,-180,0,102.4072189,107.106405
a61.2x100.8,61.2,100.8,-180,0,106.6772079,105.4690329
a64.8x100.8,64.8,100.8,-180,0,110.642067,103.8570766
a68.4x100.8,68.4,100.8,-180,0,114.3393173,102.2860628
a72x100.8,72,100.8,-180,0,117.8179779,100.7459113
a75.6x100.8,75.6,100.8,-180,0,121.0726013,99.28595929
a79.2x100.8,79.2,100.8,-180,0,124.1165695,97.93847708
a82.8x100.8,82.8,100.8,-180,0,127.0049744,96.69576546
a86.4x100.8,86.4,100.8,-180,0,129.7621002,95.5656877
a90x100.8,90,100.8,-180,0,132.409668,94.55350345
a93.6x100.8,93.6,100.8,-180,0,134.9682922,93.6633797
a97.2x100.8,97.2,100.8,-180,0,137.4550171,92.91227811
a100.8x100.8,100.8,100.8,-180,0,139.8923035,92.27377434
a104.4x100.8,104.4,100.8,-180,0,142.297699,91.74513211
a108x100.8,108,100.8,-180,0,144.6839752,91.31401559
a111.6x100.8,111.6,100.8,-180,0,147.061554,90.98098317
a115.2x100.8,115.2,100.8,-180,0,149.4352417,90.71997258
a118.8x100.8,118.8,100.8,-180,0,151.8086853,90.52352723
a122.4x100.8,122.4,100.8,-180,0,154.1855774,90.3898118
a126x100.8,126,100.8,-180,0,156.5701447,90.32469791
a129.6x100.8,129.6,100.8,-180,0,158.962616,90.31078129
a133.2x100.8,133.2,100.8,-180,0,161.364975,90.34649285
a136.8x100.8,136.8,100.8,-180,0,163.7834015,90.43740955
a140.4x100.8,140.4,100.8,-180,0,166.2238464,90.58167856
a144x100.8,144,100.8,-180,0,168.6864166,90.76940913
a147.6x100.8,147.6,100.8,-180,0,171.1746521,90.99839638
a151.2x100.8,151.2,100.8,-180,0,173.7007141,91.27110845
a154.8x100.8,154.8,100.8,-180,0,176.2640381,91.57238516
a158.4x100.8,158.4,100.8,-180,0,178.8617554,91.89379682
a162x100.8,162,100.8,-180,0,181.4947968,92.22967905
a165.6x100.8,165.6,100.8,-180,0,184.1683044,92.57362253
a169.2x100.8,169.2,100.8,-180,0,186.8803864,92.91839438
a172.8x100.8,172.8,100.8,-180,0,189.6265259,93.25955472
a176.4x100.8,176.4,100.8,-180,0,192.4066772,93.592389
a-180x104.4,-180,104.4,-180,0,-192.1226349,99.25974497
a-176.4x104.4,-176.4,104.4,-180,0,-189.2027283,98.9020972
a-172.8x104.4,-172.8,104.4,-180,0,-186.3136597,98.5192753
a-169.2x104.4,-169.2,104.4,-180,0,-183.4677582,98.10668755
a-165.6x104.4,-165.6,104.4,-180,0,-180.6598816,97.67272584
a-162x104.4,-162,104.4,-180,0,-177.8901825,97.22053043
a-158.4x104.4,-158.4,104.4,-180,0,-175.1595154,96.75275868
a-154.8x104.4,-154.8,104.4,-180,0,-172.4755707,96.27102188
a-151.2x104.4,-151.2,104.4,-180,0,-169.8343048,95.78078052
a-147.6x104.4,-147.6,104.4,-180,0,-167.2328033,95.28504667
a-144x104.4,-144,104.4,-180,0,-164.6747437,94.78682038
a-140.4x104.4,-140.4,104.4,-180,0,-162.1650543,94.28910989
a-136.8x104.4,-136.8,104.4,-180,0,-159.6956024,93.79504911
a-133.2x104.4,-133.2,104.4,-180,0,-157.2650452,93.30793235
a-129.6x104.4,-129.6,104.4,-180,0,-154.8770752,92.83228899
a-126x104.4,-126,104.4,-180,0,-152.5360718,92.3747412
a-122.4x104.4,-122.4,104.4,-180,0,-150.2343597,91.94115366
a-118.8x104.4,-118.8,104.4,-180,0,-147.974884,91.54509829
a-115.2x104.4,-115.2,104.4,-180,0,-145.7645874,91.19679782
a-111.6x104.4,-111.6,104.4,-180,0,-143.5877075,90.9007752
a-108x104.4,-108,104.4,-180,0,-141.4407196,90.66359596
a-104.4x104.4,-104.4,104.4,-180,0,-139.334259,90.50861337
a-100.8x104.4,-100.8,104.4,-180,0,-137.2486877,90.43379132
a-97.2x104.4,-97.2,104.4,-180,0,-135.1780243,90.44802004
a-93.6x104.4,-93.6,104.4,-180,0,-133.1236267,90.59012953
a-90x104.4,-90,104.4,-180,0,-131.0642853,90.83791562
a-86.4x104.4,-86.4,104.4,-180,0,-128.9910278,91.19100234
a-82.8x104.4,-82.8,104.4,-180,0,-126.8962708,91.67511437
a-79.2x104.4,-79.2,104.4,-180,0,-124.7640991,92.26933334
a-75.6x104.4,-75.6,104.4,-180,0,-122.5855103,92.96394863
a-72x104.4,-72,104.4,-180,0,-120.3454056,93.77209675
a-68.4x104.4,-68.4,104.4,-180,0,-118.0283661,94.68857097
a-64.8x104.4,-64.8,104.4,-180,0,-115.6324692,95.68907431
a-61.2x104.4,-61.2,104.4,-180,0,-113.1483994,96.77133127
a-57.6x104.4,-57.6,104.4,-180,0,-110.5685272,97.92046942
a-54x104.4,-54,104.4,-180,0,-107.871788,99.14751846
a-50.4x104.4,-50.4,104.4,-180,0,-105.051239,100.4461369
a-46.8x104.4,-46.8,104.4,-180,0,-102.0760956,101.827352
a-43.2x104.4,-43.2,104.4,-180,0,-98.9200287,103.292083
a-39.6x104.4,-39.6,104.4,-180,0,-95.5524826,104.8358214
a-36x104.4,-36,104.4,-180,0,-91.9530563,106.428125
a-32.4x104.4,-32.4,104.4,-180,0,-88.056015,108.0775273
a-28.8x104.4,-28.8,104.4,-180,0,-83.8078156,109.7682921
a-25.2x104.4,-25.2,104.4,-180,0,-79.1374969,111.4803672
a-21.6x104.4,-21.6,104.4,-180,0,-73.9376526,113.1790561
a-18x104.4,-18,104.4,-180,0,-68.2105942,114.7991516
a-14.4x104.4,-14.4,104.4,-180,0,-61.88694,116.3246239
a-10.8x104.4,-10.8,104.4,-180,0,-54.9142952,117.7257095
a-7.2x104.4,-7.2,104.4,-180,0,-47.1971855,118.9616592
a-3.6x104.4,-3.6,104.4,-180,0,-38.7553291,120.0067107
a0x104.4,0,104.4,-180,0,-29.6658936,120.8518269
a3.6x104.4,3.6,104.4,-180,0,-19.9326305,121.4586248
a7.2x104.4,7.2,104.4,-180,0,-9.7775536,121.8568702
a10.8x104.4,10.8,104.4,-180,0,0.6238398,122.0541874
a14.4x104.4,14.4,104.4,-180,0,11.0999575,122.0364764
a18x104.4,18,104.4,-180,0,21.4320908,121.8346528
a21.6x104.4,21.6,104.4,-180,0,31.4501514,121.4530341
a25.2x104.4,25.2,104.4,-180,0,40.9691887,120.886096
a28.8x104.4,28.8,104.4,-180,0,49.8959732,120.1581212
a32.4x104.4,32.4,104.4,-180,0,58.2186279,119.284489
a36x104.4,36,104.4,-180,0,65.9184647,118.2787147
a39.6x104.4,39.6,104.4,-180,0,72.9727859,117.1483938
a43.2x104.4,43.2,104.4,-180,0,79.4842911,115.9186714
a46.8x104.4,46.8,104.4,-180,0,85.4702301,114.6111093
a50.4x104.4,50.4,104.4,-180,0,90.9652557,113.24938
a54x104.4,54,104.4,-180,0,96.014267,111.8561527
a57.6x104.4,57.6,104.4,-180,0,100.6860886,110.4471012
a61.2x104.4,61.2,104.4,-180,0,105.0232086,109.0387078
a64.8x104.4,64.8,104.4,-180,0,109.0676651,107.6429587
a68.4x104.4,68.4,104.4,-180,0,112.8674469,106.2620608
a72x104.4,72,104.4,-180,0,116.4319916,104.9275963
a75.6x104.4,75.6,104.4,-180,0,119.7635193,103.6685782
a79.2x104.4,79.2,104.4,-180,0,122.9122314,102.4885978
a82.8x104.4,82.8,104.4,-180,0,125.9102325,101.3923037
a86.4x104.4,86.4,104.4,-180,0,128.7794189,100.3860454
a90x104.4,90,104.4,-180,0,131.5402832,99.47453029
a93.6x104.4,93.6,104.4,-180,0,134.2067566,98.67097518
a97.2x104.4,97.2,104.4,-180,0,136.8022003,97.97069904
a100.8x104.4,100.8,104.4,-180,0,139.3421021,97.3676669
a104.4x104.4,104.4,104.4,-180,0,141.8421631,96.85934388
a108x104.4,108,104.4,-180,0,144.314682,96.4398414
a111.6x104.4,111.6,104.4,-180,0,146.7687836,96.10637751
a115.2x104.4,115.2,104.4,-180,0,149.2120209,95.84003228
a118.8x104.4,118.8,104.4,-180,0,151.64888,95.63489003
a122.4x104.4,122.4,104.4,-180,0,154.0838318,95.49062031
a126x104.4,126,104.4,-180,0,156.5215912,95.41013011
a129.6x104.4,129.6,104.4,-180,0,158.964386,95.37735845
a133.2x104.4,133.2,104.4,-180,0,161.4145813,95.38999141
a136.8x104.4,136.8,104.4,-180,0,163.8777924,95.45157924
a140.4x104.4,140.4,104.4,-180,0,166.3588867,95.55922924
a144x104.4,144,104.4,-180,0,168.8581848,95.70434345
a147.6x104.4,147.6,104.4,-180,0,171.3787231,95.88470611
a151.2x104.4,151.2,104.4,-180,0,173.9298706,96.10225124
a154.8x104.4,154.8,104.4,-180,0,176.5124359,96.34551418
a158.4x104.4,158.4,104.4,-180,0,179.1240845,96.60715284
a162x104.4,162,104.4,-180,0,181.7658844,96.88265357
a165.6x104.4,165.6,104.4,-180,0,184.441803,97.16712898
a169.2x104.4,169.2,104.4,-180,0,187.15242,97.45440476
a172.8x104.4,172.8,104.4,-180,0,189.8934631,97.74046073
a176.4x104.4,176.4,104.4,-180,0,192.6651764,98.02132255
a-180x108,-180,108,-180,0,-192.3963318,103.4937827
a-176.4x108,-176.4,108,-180,0,-189.4970245,103.1870048
a-172.8x108,-172.8,108,-180,0,-186.6290131,102.8592309
a-169.2x108,-169.2,108,-180,0,-183.8017578,102.5082666
a-165.6x108,-165.6,108,-180,0,-181.0106201,102.1401717
a-162x108,-162,108,-180,0,-178.2554016,101.7573951
a-158.4x108,-158.4,108,-180,0,-175.5367279,101.3620185
a-154.8x108,-154.8,108,-180,0,-172.8631592,100.9549538
a-151.2x108,-151.2,108,-180,0,-170.2280579,100.5411906
a-147.6x108,-147.6,108,-180,0,-167.6302795,100.1230297
a-144x108,-144,108,-180,0,-165.0736389,99.70347212
a-140.4x108,-140.4,108,-180,0,-162.5633087,99.28581661
a-136.8x108,-136.8,108,-180,0,-160.0892639,98.87326801
a-133.2x108,-133.2,108,-180,0,-157.6510162,98.46898888
a-129.6x108,-129.6,108,-180,0,-155.2528839,98.07774878
a-126x108,-126,108,-180,0,-152.8952179,97.70546067
a-122.4x108,-122.4,108,-180,0,-150.5717773,97.3567745
a-118.8x108,-118.8,108,-180,0,-148.285202,97.04360883
a-115.2x108,-115.2,108,-180,0,-146.0384064,96.77462505
a-111.6x108,-111.6,108,-180,0,-143.8184204,96.55213035
a-108x108,-108,108,-180,0,-141.621994,96.3815358
a-104.4x108,-104.4,108,-180,0,-139.4558868,96.28291365
a-100.8x108,-100.8,108,-180,0,-137.3042297,96.25330684
a-97.2x108,-97.2,108,-180,0,-135.1613312,96.29985159
a-93.6x108,-93.6,108,-180,0,-133.0250092,96.45098536
a-90x108,-90,108,-180,0,-130.8804779,96.69153698
a-86.4x108,-86.4,108,-180,0,-128.7193909,97.0190848
a-82.8x108,-82.8,108,-180,0,-126.5339584,97.44858332
a-79.2x108,-79.2,108,-180,0,-124.3118362,97.97476302
a-75.6x108,-75.6,108,-180,0,-122.0443192,98.58561813
a-72x108,-72,108,-180,0,-119.7187119,99.28419266
a-68.4x108,-68.4,108,-180,0,-117.3162537,100.0837767
a-64.8x108,-64.8,108,-180,0,-114.8353271,100.9564502
a-61.2x108,-61.2,108,-180,0,-112.2668076,101.8997583
a-57.6x108,-57.6,108,-180,0,-109.6059875,102.9018097
a-54x108,-54,108,-180,0,-106.8273849,103.972735
a-50.4x108,-50.4,108,-180,0,-103.9193497,105.1074327
a-46.8x108,-46.8,108,-180,0,-100.8539352,106.3102306
a-43.2x108,-43.2,108,-180,0,-97.6061325,107.5772914
a-39.6x108,-39.6,108,-180,0,-94.14991,108.90131
a-36x108,-36,108,-180,0,-90.4467239,110.2756129
a-32.4x108,-32.4,108,-180,0,-86.4761047,111.6700834
a-28.8x108,-28.8,108,-180,0,-82.1749954,113.0837137
a-25.2x108,-25.2,108,-180,0,-77.4832382,114.5012312
a-21.6x108,-21.6,108,-180,0,-72.3053436,115.8971481
a-18x108,-18,108,-180,0,-66.6099243,117.240761
a-14.4x108,-14.4,108,-180,0,-60.3532829,118.5044774
a-10.8x108,-10.8,108,-180,0,-53.485939,119.6582372
a-7.2x108,-7.2,108,-180,0,-45.9342766,120.6686563
a-3.6x108,-3.6,108,-180,0,-37.7364349,121.5298891
a0x108,0,108,-180,0,-28.9264183,122.2307574
a3.6x108,3.6,108,-180,0,-19.4939327,122.7354442
a7.2x108,7.2,108,-180,0,-9.6669445,123.0724238
a10.8x108,10.8,108,-180,0,0.4024113,123.2458712
a14.4x108,14.4,108,-180,0,10.5612698,123.2387933
a18x108,18,108,-180,0,20.6002445,123.0768004
a21.6x108,21.6,108,-180,0,30.3699093,122.7679993
a25.2x108,25.2,108,-180,0,39.6849289,122.306684
a28.8x108,28.8,108,-180,0,48.4538498,121.7108736
a32.4x108,32.4,108,-180,0,56.6734085,120.9910087
a36x108,36,108,-180,0,64.3150406,120.1573914
a39.6x108,39.6,108,-180,0,71.3841629,119.2220308
a43.2x108,43.2,108,-180,0,77.8774719,118.1979433
a46.8x108,46.8,108,-180,0,83.8634491,117.1052432
a50.4x108,50.4,108,-180,0,89.377739,115.9634619
a54x108,54,108,-180,0,94.4614334,114.7905409
a57.6x108,57.6,108,-180,0,99.179039,113.5995809
a61.2x108,61.2,108,-180,0,103.5870514,112.3946691
a64.8x108,64.8,108,-180,0,107.7106018,111.1956923
a68.4x108,68.4,108,-180,0,111.5728989,110.0211809
a72x108,72,108,-180,0,115.1943283,108.8879803
a75.6x108,75.6,108,-180,0,118.6085968,107.8082147
a79.2x108,79.2,108,-180,0,121.8453369,106.7908389
a82.8x108,82.8,108,-180,0,124.9353104,105.8400289
a86.4x108,86.4,108,-180,0,127.8992538,104.9613854
a90x108,90,108,-180,0,130.7554016,104.1590645
a93.6x108,93.6,108,-180,0,133.5128937,103.4495149
a97.2x108,97.2,108,-180,0,136.2028198,102.8137509
a100.8x108,100.8,108,-180,0,138.830719,102.2649972
a104.4x108,104.4,108,-180,0,141.413147,101.7957836
a108x108,108,108,-180,0,143.9609528,101.405649
a111.6x108,111.6,108,-180,0,146.4837646,101.0882835
a115.2x108,115.2,108,-180,0,148.990036,100.8310019
a118.8x108,118.8,108,-180,0,151.4848022,100.6292368
a122.4x108,122.4,108,-180,0,153.9726257,100.4838864
a126x108,126,108,-180,0,156.458725,100.3955968
a129.6x108,129.6,108,-180,0,158.9467163,100.3504824
a133.2x108,133.2,108,-180,0,161.4392853,100.3459753
a136.8x108,136.8,108,-180,0,163.9415588,100.3844232
a140.4x108,140.4,108,-180,0,166.4578705,100.4625724
a144x108,144,108,-180,0,168.9889374,100.572959
a147.6x108,147.6,108,-180,0,171.5374908,100.7134648
a151.2x108,151.2,108,-180,0,174.1110687,100.8855259
a154.8x108,154.8,108,-180,0,176.711319,101.0802726
a158.4x108,158.4,108,-180,0,179.3362885,101.2913659
a162x108,162,108,-180,0,181.9871826,101.5151812
a165.6x108,165.6,108,-180,0,184.6671753,101.747946
a169.2x108,169.2,108,-180,0,187.3782043,101.984631
a172.8x108,172.8,108,-180,0,190.1165771,102.2216151
a176.4x108,176.4,108,-180,0,192.8827057,102.4556004
a-180x111.6,-180,111.6,-180,0,-192.6294708,107.7461279
a-176.4x111.6,-176.4,111.6,-180,0,-189.7466278,107.4886098
a-172.8x111.6,-172.8,111.6,-180,0,-186.89534,107.213952
a-169.2x111.6,-169.2,111.6,-180,0,-184.0827484,106.9213729
a-165.6x111.6,-165.6,111.6,-180,0,-181.304718,106.6151868
a-162x111.6,-162,111.6,-180,0,-178.5608826,106.2972923
a-158.4x111.6,-158.4,111.6,-180,0,-175.8520966,105.9692169
a-154.8x111.6,-154.8,111.6,-180,0,-173.1860962,105.6318234
a-151.2x111.6,-151.2,111.6,-180,0,-170.5556793,105.2892924
a-147.6x111.6,-147.6,111.6,-180,0,-167.9604645,104.943547
a-144x111.6,-144,111.6,-180,0,-165.4050446,104.5974183
a-140.4x111.6,-140.4,111.6,-180,0,-162.8918304,104.2540487
a-136.8x111.6,-136.8,111.6,-180,0,-160.4122314,103.9162997
a-133.2x111.6,-133.2,111.6,-180,0,-157.9654541,103.5870087
a-129.6x111.6,-129.6,111.6,-180,0,-155.5561981,103.2709076
a-126x111.6,-126,111.6,-180,0,-153.1818542,102.9727704
a-122.4x111.6,-122.4,111.6,-180,0,-150.8374481,102.6963529
a-118.8x111.6,-118.8,111.6,-180,0,-148.525177,102.4519665
a-115.2x111.6,-115.2,111.6,-180,0,-146.245285,102.2464917
a-111.6x111.6,-111.6,111.6,-180,0,-143.9869232,102.0812584
a-108x111.6,-108,111.6,-180,0,-141.7469635,101.9606102
a-104.4x111.6,-104.4,111.6,-180,0,-139.5293427,101.9011251
a-100.8x111.6,-100.8,111.6,-180,0,-137.3211212,101.8996237
a-97.2x111.6,-97.2,111.6,-180,0,-135.1168823,101.9617917
a-93.6x111.6,-93.6,111.6,-180,0,-132.9122772,102.1085371
a-90x111.6,-90,111.6,-180,0,-130.696579,102.3301744
a-86.4x111.6,-86.4,111.6,-180,0,-128.4622192,102.6231143
a-82.8x111.6,-82.8,111.6,-180,0,-126.2017059,102.9951715
a-79.2x111.6,-79.2,111.6,-180,0,-123.9039078,103.450045
a-75.6x111.6,-75.6,111.6,-180,0,-121.5613174,103.9748029
a-72x111.6,-72,111.6,-180,0,-119.1622009,104.5711378
a-68.4x111.6,-68.4,111.6,-180,0,-116.6885605,105.2492058
a-64.8x111.6,-64.8,111.6,-180,0,-114.136055,105.99355
a-61.2x111.6,-61.2,111.6,-180,0,-111.4963531,106.7973815
a-57.6x111.6,-57.6,111.6,-180,0,-108.7585068,107.6579526
a-54x111.6,-54,111.6,-180,0,-105.9171066,108.5640906
a-50.4x111.6,-50.4,111.6,-180,0,-102.9371338,109.5296514
a-46.8x111.6,-46.8,111.6,-180,0,-99.7984238,110.549213
a-43.2x111.6,-43.2,111.6,-180,0,-96.4784393,111.6168681
a-39.6x111.6,-39.6,111.6,-180,0,-92.9539642,112.7250217
a-36x111.6,-36,111.6,-180,0,-89.1904984,113.8669573
a-32.4x111.6,-32.4,111.6,-180,0,-85.1486511,115.032544
a-28.8x111.6,-28.8,111.6,-180,0,-80.7914505,116.2045284
a-25.2x111.6,-25.2,111.6,-180,0,-76.0815201,117.3620655
a-21.6x111.6,-21.6,111.6,-180,0,-70.9177704,118.4953712
a-18x111.6,-18,111.6,-180,0,-65.2694855,119.5825762
a-14.4x111.6,-14.4,111.6,-180,0,-59.0957413,120.6037754
a-10.8x111.6,-10.8,111.6,-180,0,-52.3054199,121.5351384
a-7.2x111.6,-7.2,111.6,-180,0,-44.8944817,122.3573135
a-3.6x111.6,-3.6,111.6,-180,0,-36.8783646,123.0586398
a0x111.6,0,111.6,-180,0,-28.2821617,123.629448
a3.6x111.6,3.6,111.6,-180,0,-19.0995388,124.0428856
a7.2x111.6,7.2,111.6,-180,0,-9.5457678,124.3218486
a10.8x111.6,10.8,111.6,-180,0,0.2458962,124.4688886
a14.4x111.6,14.4,111.6,-180,0,10.1357365,124.4713413
a18x111.6,18,111.6,-180,0,19.9290791,124.3479398
a21.6x111.6,21.6,111.6,-180,0,29.4837112,124.1048231
a25.2x111.6,25.2,111.6,-180,0,38.6460686,123.7376409
a28.8x111.6,28.8,111.6,-180,0,47.2841187,123.2523161
a32.4x111.6,32.4,111.6,-180,0,55.3979721,122.6662948
a36x111.6,36,111.6,-180,0,62.9652023,121.987078
a39.6x111.6,39.6,111.6,-180,0,69.9874954,121.2243055
a43.2x111.6,43.2,111.6,-180,0,76.4836273,120.3896538
a46.8x111.6,46.8,111.6,-180,0,82.4823914,119.4947321
a50.4x111.6,50.4,111.6,-180,0,88.0112381,118.55457
a54x111.6,54,111.6,-180,0,93.1420898,117.5783373
a57.6x111.6,57.6,111.6,-180,0,97.9169693,116.5816233
a61.2x111.6,61.2,111.6,-180,0,102.3720551,115.5787285
a64.8x111.6,64.8,111.6,-180,0,106.5337372,114.5831125
a68.4x111.6,68.4,111.6,-180,0,110.4409943,113.6063597
a72x111.6,72,111.6,-180,0,114.1262283,112.6584176
a75.6x111.6,75.6,111.6,-180,0,117.6093369,111.7514638
a79.2x111.6,79.2,111.6,-180,0,120.9196854,110.893118
a82.8x111.6,82.8,111.6,-180,0,124.086525,110.0870881
a86.4x111.6,86.4,111.6,-180,0,127.1291428,109.3382539
a90x111.6,90,111.6,-180,0,130.0617676,108.6527462
a93.6x111.6,93.6,111.6,-180,0,132.9024048,108.0337235
a97.2x111.6,97.2,111.6,-180,0,135.6691895,107.4811585
a100.8x111.6,100.8,111.6,-180,0,138.37117,106.9993299
a104.4x111.6,104.4,111.6,-180,0,141.0238647,106.582801
a108x111.6,108,111.6,-180,0,143.6358032,106.2346814
a111.6x111.6,111.6,111.6,-180,0,146.2185211,105.9463122
a115.2x111.6,115.2,111.6,-180,0,148.7801971,105.7098595
a118.8x111.6,118.8,111.6,-180,0,151.3261108,105.5218129
a122.4x111.6,122.4,111.6,-180,0,153.8606567,105.383882
a126x111.6,126,111.6,-180,0,156.3894806,105.2951487
a129.6x111.6,129.6,111.6,-180,0,158.9171295,105.2441819
a133.2x111.6,133.2,111.6,-180,0,161.4466095,105.2285248
a136.8x111.6,136.8,111.6,-180,0,163.9825745,105.2498092
a140.4x111.6,140.4,111.6,-180,0,166.5291138,105.3047959
a144x111.6,144,111.6,-180,0,169.0874176,105.387088
a147.6x111.6,147.6,111.6,-180,0,171.6600037,105.4947694
a151.2x111.6,151.2,111.6,-180,0,174.2531891,105.6289065
a154.8x111.6,154.8,111.6,-180,0,176.8691101,105.7825729
a158.4x111.6,158.4,111.6,-180,0,179.5062561,105.9503575
a162x111.6,162,111.6,-180,0,182.165863,106.1293708
a165.6x111.6,165.6,111.6,-180,0,184.8506165,106.3166957
a169.2x111.6,169.2,111.6,-180,0,187.5632019,106.5083928
a172.8x111.6,172.8,111.6,-180,0,190.3004608,106.7012884
a176.4x111.6,176.4,111.6,-180,0,193.0630798,106.89272
a-180x115.2,-180,115.2,-180,0,-192.8232269,112.0134693
a-176.4x115.2,-176.4,115.2,-180,0,-189.9533844,111.8038128
a-172.8x115.2,-172.8,115.2,-180,0,-187.1151733,111.5804507
a-169.2x115.2,-169.2,115.2,-180,0,-184.3139801,111.3433844
a-165.6x115.2,-165.6,115.2,-180,0,-181.5460968,111.0957558
a-162x115.2,-162,115.2,-180,0,-178.8110199,110.8390776
a-158.4x115.2,-158.4,115.2,-180,0,-176.1104126,110.5743979
a-154.8x115.2,-154.8,115.2,-180,0,-173.4496155,110.3028145
a-151.2x115.2,-151.2,115.2,-180,0,-170.8225708,110.0273914
a-147.6x115.2,-147.6,115.2,-180,0,-168.2289124,109.7497094
a-144x115.2,-144,115.2,-180,0,-165.6737518,109.472273
a-140.4x115.2,-140.4,115.2,-180,0,-163.1572418,109.1979004
a-136.8x115.2,-136.8,115.2,-180,0,-160.6719208,108.9289818
a-133.2x115.2,-133.2,115.2,-180,0,-158.2168274,108.6679281
a-129.6x115.2,-129.6,115.2,-180,0,-155.7966766,108.4190926
a-126x115.2,-126,115.2,-180,0,-153.4069519,108.1860579
a-122.4x115.2,-122.4,115.2,-180,0,-151.0435486,107.9718809
a-118.8x115.2,-118.8,115.2,-180,0,-148.7082672,107.7852599
a-115.2x115.2,-115.2,115.2,-180,0,-146.3995514,107.6313724
a-111.6x115.2,-111.6,115.2,-180,0,-144.1081696,107.5109633
a-108x115.2,-108,115.2,-180,0,-141.8311005,107.4275022
a-104.4x115.2,-104.4,115.2,-180,0,-139.5702362,107.3942931
a-100.8x115.2,-100.8,115.2,-180,0,-137.3147736,107.4085265
a-97.2x115.2,-97.2,115.2,-180,0,-135.0596008,107.4744286
a-93.6x115.2,-93.6,115.2,-180,0,-132.7991638,107.6069649
a-90x115.2,-90,115.2,-180,0,-130.5251465,107.800347
a-86.4x115.2,-86.4,115.2,-180,0,-128.2306824,108.0507475
a-82.8x115.2,-82.8,115.2,-180,0,-125.9090652,108.3616622
a-79.2x115.2,-79.2,115.2,-180,0,-123.5490494,108.7415586
a-75.6x115.2,-75.6,115.2,-180,0,-121.1443329,109.1779915
a-72x115.2,-72,115.2,-180,0,-118.6840439,109.6723966
a-68.4x115.2,-68.4,115.2,-180,0,-116.1523819,110.2286214
a-64.8x115.2,-64.8,115.2,-180,0,-113.5403214,110.8427758
a-61.2x115.2,-61.2,115.2,-180,0,-110.8420105,111.5051891
a-57.6x115.2,-57.6,115.2,-180,0,-108.0455933,112.2141375
a-54x115.2,-54,115.2,-180,0,-105.1383133,112.9670512
a-50.4x115.2,-50.4,115.2,-180,0,-102.1066589,113.7578527
a-46.8x115.2,-46.8,115.2,-180,0,-98.9091339,114.5934936
a-43.2x115.2,-43.2,115.2,-180,0,-95.5321808,115.4645025
a-39.6x115.2,-39.6,115.2,-180,0,-91.9551239,116.36378
a-36x115.2,-36,115.2,-180,0,-88.1458206,117.2848573
a-32.4x115.2,-32.4,115.2,-180,0,-84.0679169,118.2196562
a-28.8x115.2,-28.8,115.2,-180,0,-79.6805801,119.1582321
a-25.2x115.2,-25.2,115.2,-180,0,-74.9385071,120.0885682
a-21.6x115.2,-21.6,115.2,-180,0,-69.7637711,120.994136
a-18x115.2,-18,115.2,-180,0,-64.1403275,121.8562908
a-14.4x115.2,-14.4,115.2,-180,0,-58.0093498,122.662383
a-10.8x115.2,-10.8,115.2,-180,0,-51.2991753,123.3969898
a-7.2x115.2,-7.2,115.2,-180,0,-44.0154457,124.0466337
a-3.6x115.2,-3.6,115.2,-180,0,-36.1575584,124.6012016
a0x115.2,0,115.2,-180,0,-27.7356014,125.0518133
a3.6x115.2,3.6,115.2,-180,0,-18.7648029,125.3819649
a7.2x115.2,7.2,115.2,-180,0,-9.432847,125.6065454
a10.8x115.2,10.8,115.2,-180,0,0.1346381,125.7267985
a14.4x115.2,14.4,115.2,-180,0,9.8041182,125.7338846
a18x115.2,18,115.2,-180,0,19.3938351,125.6397023
a21.6x115.2,21.6,115.2,-180,0,28.7651215,125.4506787
a25.2x115.2,25.2,115.2,-180,0,37.7887764,125.1657552
a28.8x115.2,28.8,115.2,-180,0,46.3080292,124.7819504
a32.4x115.2,32.4,115.2,-180,0,54.3305511,124.318402
a36x115.2,36,115.2,-180,0,61.8326988,123.7805948
a39.6x115.2,39.6,115.2,-180,0,68.8205414,123.1746977
a43.2x115.2,43.2,115.2,-180,0,75.3141174,122.5078602
a46.8x115.2,46.8,115.2,-180,0,81.3325195,121.7900355
a50.4x115.2,50.4,115.2,-180,0,86.9006729,121.0326272
a54x115.2,54,115.2,-180,0,92.0537643,120.2486619
a57.6x115.2,57.6,115.2,-180,0,96.8514938,119.4476297
a61.2x115.2,61.2,115.2,-180,0,101.3328323,118.6403833
a64.8x115.2,64.8,115.2,-180,0,105.5343094,117.8368629
a68.4x115.2,68.4,115.2,-180,0,109.4888306,117.0460503
a72x115.2,72,115.2,-180,0,113.2263947,116.2761564
a75.6x115.2,75.6,115.2,-180,0,116.7666016,115.5369557
a79.2x115.2,79.2,115.2,-180,0,120.1376343,114.8347508
a82.8x115.2,82.8,115.2,-180,0,123.3673553,114.1727834
a86.4x115.2,86.4,115.2,-180,0,126.4781952,113.5514742
a90x115.2,90,115.2,-180,0,129.475647,112.9826698
a93.6x115.2,93.6,115.2,-180,0,132.3804321,112.4680596
a97.2x115.2,97.2,115.2,-180,0,135.2101135,112.0056357
a100.8x115.2,100.8,115.2,-180,0,137.9729919,111.5994551
a104.4x115.2,104.4,115.2,-180,0,140.6840057,111.2456814
a108x115.2,108,115.2,-180,0,143.3492889,110.9489821
a111.6x115.2,111.6,115.2,-180,0,145.9825745,110.6996082
a115.2x115.2,115.2,115.2,-180,0,148.5913086,110.4932439
a118.8x115.2,118.8,115.2,-180,0,151.1808319,110.3273347
a122.4x115.2,122.4,115.2,-180,0,153.7552643,110.2040074
a126x115.2,126,115.2,-180,0,156.3206177,110.1214463
a129.6x115.2,129.6,115.2,-180,0,158.8820648,110.0706484
a133.2x115.2,133.2,115.2,-180,0,161.4428253,110.0494008
a136.8x115.2,136.8,115.2,-180,0,164.0072021,110.0588778
a140.4x115.2,140.4,115.2,-180,0,166.5791473,110.0961353
a144x115.2,144,115.2,-180,0,169.1603088,110.1559315
a147.6x115.2,147.6,115.2,-180,0,171.7530823,110.2365909
a151.2x115.2,151.2,115.2,-180,0,174.362915,110.3388121
a154.8x115.2,154.8,115.2,-180,0,176.9923096,110.4573211
a158.4x115.2,158.4,115.2,-180,0,179.6401062,110.5876491
a162x115.2,162,115.2,-180,0,182.3075867,110.7275106
a165.6x115.2,165.6,115.2,-180,0,184.9971161,110.8746452
a169.2x115.2,169.2,115.2,-180,0,187.7118073,111.0260606
a172.8x115.2,172.8,115.2,-180,0,190.4489746,111.1790569
a176.4x115.2,176.4,115.2,-180,0,193.2094879,111.3315213
a-180x118.8,-180,118.8,-180,0,-192.9766083,116.2926958
a-176.4x118.8,-176.4,118.8,-180,0,-190.1166229,116.1296943
a-172.8x118.8,-172.8,118.8,-180,0,-187.2883301,115.9562616
a-169.2x118.8,-169.2,118.8,-180,0,-184.4957275,115.7727403
a-165.6x118.8,-165.6,118.8,-180,0,-181.7354584,115.5812858
a-162x118.8,-162,118.8,-180,0,-179.0069427,115.3830271
a-158.4x118.8,-158.4,118.8,-180,0,-176.3123779,115.1786664
a-154.8x118.8,-154.8,118.8,-180,0,-173.6553802,114.9693001
a-151.2x118.8,-151.2,118.8,-180,0,-171.0306854,114.7571665
a-147.6x118.8,-147.6,118.8,-180,0,-168.4378662,114.5435671
a-144x118.8,-144,118.8,-180,0,-165.8824005,114.330598
a-140.4x118.8,-140.4,118.8,-180,0,-163.3626862,114.1205183
a-136.8x118.8,-136.8,118.8,-180,0,-160.8721924,113.9151969
a-133.2x118.8,-133.2,118.8,-180,0,-158.40979,113.7165563
a-129.6x118.8,-129.6,118.8,-180,0,-155.9800873,113.528318
a-126x118.8,-126,118.8,-180,0,-153.5773468,113.3530184
a-122.4x118.8,-122.4,118.8,-180,0,-151.1980743,113.193058
a-118.8x118.8,-118.8,118.8,-180,0,-148.8436127,113.0553588
a-115.2x118.8,-115.2,118.8,-180,0,-146.5114136,112.9436826
a-111.6x118.8,-111.6,118.8,-180,0,-144.1932983,112.8585054
a-108x118.8,-108,118.8,-180,0,-141.8863068,112.8024277
a-104.4x118.8,-104.4,118.8,-180,0,-139.5909729,112.7855606
a-100.8x118.8,-100.8,118.8,-180,0,-137.2980042,112.8055961
a-97.2x118.8,-97.2,118.8,-180,0,-135.0025177,112.8656986
a-93.6x118.8,-93.6,118.8,-180,0,-132.698349,112.9765187
a-90x118.8,-90,118.8,-180,0,-130.3785706,113.1349192
a-86.4x118.8,-86.4,118.8,-180,0,-128.0368958,113.3372667
a-82.8x118.8,-82.8,118.8,-180,0,-125.6675491,113.5844025
a-79.2x118.8,-79.2,118.8,-180,0,-123.258606,113.8858952
a-75.6x118.8,-75.6,118.8,-180,0,-120.805069,114.2308935
a-72x118.8,-72,118.8,-180,0,-118.2960281,114.6207381
a-68.4x118.8,-68.4,118.8,-180,0,-115.7193451,115.0558688
a-64.8x118.8,-64.8,118.8,-180,0,-113.0603943,115.5384881
a-61.2x118.8,-61.2,118.8,-180,0,-110.3153992,116.058477
a-57.6x118.8,-57.6,118.8,-180,0,-107.4731293,116.6142431
a-54x118.8,-54,118.8,-180,0,-104.520134,117.2041873
a-50.4x118.8,-50.4,118.8,-180,0,-101.4404526,117.8264005
a-46.8x118.8,-46.8,118.8,-180,0,-98.1976013,118.480115
a-43.2x118.8,-43.2,118.8,-180,0,-94.77742,119.15805
a-39.6x118.8,-39.6,118.8,-180,0,-91.1600952,119.855326
a-36x118.8,-36,118.8,-180,0,-87.3162003,120.5665536
a-32.4x118.8,-32.4,118.8,-180,0,-83.210907,121.2852743
a-28.8x118.8,-28.8,118.8,-180,0,-78.8061829,122.0038935
a-25.2x118.8,-25.2,118.8,-180,0,-74.0594177,122.7136891
a-21.6x118.8,-21.6,118.8,-180,0,-68.896759,123.4031967
a-18x118.8,-18,118.8,-180,0,-63.2931938,124.0609868
a-14.4x118.8,-14.4,118.8,-180,0,-57.1700668,124.6746511
a-10.8x118.8,-10.8,118.8,-180,0,-50.5196419,125.2327873
a-7.2x118.8,-7.2,118.8,-180,0,-43.3220749,125.7263126
a-3.6x118.8,-3.6,118.8,-180,0,-35.5771713,126.1486411
a0x118.8,0,118.8,-180,0,-27.2841721,126.4918996
a3.6x118.8,3.6,118.8,-180,0,-18.4768028,126.7447209
a7.2x118.8,7.2,118.8,-180,0,-9.3201418,126.9174015
a10.8x118.8,10.8,118.8,-180,0,0.0677352,127.0109378
a14.4x118.8,14.4,118.8,-180,0,9.5602436,127.0189669
a18x118.8,18,118.8,-180,0,18.9874668,126.948188
a21.6x118.8,21.6,118.8,-180,0,28.2144375,126.8046327
a25.2x118.8,25.2,118.8,-180,0,37.1236115,126.5916894
a28.8x118.8,28.8,118.8,-180,0,45.5612144,126.3037698
a32.4x118.8,32.4,118.8,-180,0,53.5208092,125.951487
a36x118.8,36,118.8,-180,0,60.982975,125.5409174
a39.6x118.8,39.6,118.8,-180,0,67.9439163,125.0776168
a43.2x118.8,43.2,118.8,-180,0,74.4175186,124.567946
a46.8x118.8,46.8,118.8,-180,0,80.4287949,124.0189197
a50.4x118.8,50.4,118.8,-180,0,86.0013962,123.4388226
a54x118.8,54,118.8,-180,0,91.1682663,122.8372129
a57.6x118.8,57.6,118.8,-180,0,95.9876709,122.2215543
a61.2x118.8,61.2,118.8,-180,0,100.4968338,121.5996813
a64.8x118.8,64.8,118.8,-180,0,104.7314072,120.9791363
a68.4x118.8,68.4,118.8,-180,0,108.7236862,120.3668457
a72x118.8,72,118.8,-180,0,112.5033112,119.7691663
a75.6x118.8,75.6,118.8,-180,0,116.0889969,119.193732
a79.2x118.8,79.2,118.8,-180,0,119.5140915,118.6419416
a82.8x118.8,82.8,118.8,-180,0,122.7984009,118.1201241
a86.4x118.8,86.4,118.8,-180,0,125.9593735,117.6319015
a90x118.8,90,118.8,-180,0,129.0026703,117.1866316
a93.6x118.8,93.6,118.8,-180,0,131.9574432,116.7803157
a97.2x118.8,97.2,118.8,-180,0,134.8363342,116.4135935
a100.8x118.8,100.8,118.8,-180,0,137.6469727,116.0896961
a104.4x118.8,104.4,118.8,-180,0,140.4039459,115.8059739
a108x118.8,108,118.8,-180,0,143.1114655,115.5674519
a111.6x118.8,111.6,118.8,-180,0,145.7853394,115.3648783
a115.2x118.8,115.2,118.8,-180,0,148.4319763,115.1961698
a118.8x118.8,118.8,118.8,-180,0,151.0567627,115.0594457
a122.4x118.8,122.4,118.8,-180,0,153.6635132,114.9568161
a126x118.8,126,118.8,-180,0,156.2585144,114.8861697
a129.6x118.8,129.6,118.8,-180,0,158.8473511,114.8407837
a133.2x118.8,133.2,118.8,-180,0,161.4333954,114.8188743
a136.8x118.8,136.8,118.8,-180,0,164.0206604,114.8213022
a140.4x118.8,140.4,118.8,-180,0,166.6130371,114.8455545
a144x118.8,144,118.8,-180,0,169.2125244,114.8875178
a147.6x118.8,147.6,118.8,-180,0,171.8215027,114.9458522
a151.2x118.8,151.2,118.8,-180,0,174.4447632,115.0210656
a154.8x118.8,154.8,118.8,-180,0,177.0851288,115.1091989
a158.4x118.8,158.4,118.8,-180,0,179.741684,115.2066954
a162x118.8,162,118.8,-180,0,182.4157715,115.3118239
a165.6x118.8,165.6,118.8,-180,0,185.1095734,115.4228997
a169.2x118.8,169.2,118.8,-180,0,187.8264313,115.5377494
a172.8x118.8,172.8,118.8,-180,0,190.5639954,115.6541889
a176.4x118.8,176.4,118.8,-180,0,193.3233337,115.7706288
a-180x122.4,-180,122.4,-180,0,-193.091095,120.5808892
a-176.4x122.4,-176.4,122.4,-180,0,-190.2382507,120.463642
a-172.8x122.4,-172.8,122.4,-180,0,-187.4171143,120.3389667
a-169.2x122.4,-169.2,122.4,-180,0,-184.6306915,120.2072859
a-165.6x122.4,-165.6,122.4,-180,0,-181.875885,120.0700606
a-162x122.4,-162,122.4,-180,0,-179.1520538,119.9281015
a-158.4x122.4,-158.4,122.4,-180,0,-176.4617615,119.7818731
a-154.8x122.4,-154.8,122.4,-180,0,-173.8074493,119.6322774
a-151.2x122.4,-151.2,122.4,-180,0,-171.1843109,119.4808264
a-147.6x122.4,-147.6,122.4,-180,0,-168.5919189,119.3284531
a-144x122.4,-144,122.4,-180,0,-166.0359344,119.1767369
a-140.4x122.4,-140.4,122.4,-180,0,-163.5135193,119.0273591
a-136.8x122.4,-136.8,122.4,-180,0,-161.0188141,118.8816722
a-133.2x122.4,-133.2,122.4,-180,0,-158.5505981,118.7410817
a-129.6x122.4,-129.6,122.4,-180,0,-156.1132507,118.6084374
a-126x122.4,-126,122.4,-180,0,-153.7003479,118.4854107
a-122.4x122.4,-122.4,122.4,-180,0,-151.3087921,118.373761
a-118.8x122.4,-118.8,122.4,-180,0,-148.9395294,118.2785735
a-115.2x122.4,-115.2,122.4,-180,0,-146.5894165,118.2023991
a-111.6x122.4,-111.6,122.4,-180,0,-144.2510071,118.145499
a-108x122.4,-108,122.4,-180,0,-141.921402,118.1097265
a-104.4x122.4,-104.4,122.4,-180,0,-139.6002045,118.1022707
a-100.8x122.4,-100.8,122.4,-180,0,-137.2791595,118.1214771
a-97.2x122.4,-97.2,122.4,-180,0,-134.9535522,118.1694748
a-93.6x122.4,-93.6,122.4,-180,0,-132.6168976,118.2532959
a-90x122.4,-90,122.4,-180,0,-130.2630768,118.3713869
a-86.4x122.4,-86.4,122.4,-180,0,-127.8863449,118.5208535
a-82.8x122.4,-82.8,122.4,-180,0,-125.4814606,118.7018136
a-79.2x122.4,-79.2,122.4,-180,0,-123.036377,118.9215941
a-75.6x122.4,-75.6,122.4,-180,0,-120.5465927,119.1729958
a-72x122.4,-72,122.4,-180,0,-118.0011978,119.4565372
a-68.4x122.4,-68.4,122.4,-180,0,-115.3898239,119.771666
a-64.8x122.4,-64.8,122.4,-180,0,-112.6971512,120.1207691
a-61.2x122.4,-61.2,122.4,-180,0,-109.9179306,120.4972881
a-57.6x122.4,-57.6,122.4,-180,0,-107.0418396,120.8993618
a-54x122.4,-54,122.4,-180,0,-104.0555878,121.3256591
a-50.4x122.4,-50.4,122.4,-180,0,-100.9432831,121.7745277
a-46.8x122.4,-46.8,122.4,-180,0,-97.6727142,122.2457065
a-43.2x122.4,-43.2,122.4,-180,0,-94.2141876,122.7364976
a-39.6x122.4,-39.6,122.4,-180,0,-90.559494,123.2401236
a-36x122.4,-36,122.4,-180,0,-86.6878128,123.7500429
a-32.4x122.4,-32.4,122.4,-180,0,-82.5618286,124.2633209
a-28.8x122.4,-28.8,122.4,-180,0,-78.1428528,124.7749491
a-25.2x122.4,-25.2,122.4,-180,0,-73.3903427,125.2788319
a-21.6x122.4,-21.6,122.4,-180,0,-68.2343674,125.7671137
a-18x122.4,-18,122.4,-180,0,-62.6343117,126.2319273
a-14.4x122.4,-14.4,122.4,-180,0,-56.5459862,126.6651688
a-10.8x122.4,-10.8,122.4,-180,0,-49.9486542,127.0594784
a-7.2x122.4,-7.2,122.4,-180,0,-42.8214569,127.4085378
a-3.6x122.4,-3.6,122.4,-180,0,-35.1632385,127.7074067
a0x122.4,0,122.4,-180,0,-26.9661369,127.9497929
a3.6x122.4,3.6,122.4,-180,0,-18.2762547,128.129461
a7.2x122.4,7.2,122.4,-180,0,-9.243351,128.2527572
a10.8x122.4,10.8,122.4,-180,0,0.0187833,128.3200655
a14.4x122.4,14.4,122.4,-180,0,9.3870125,128.3273884
a18x122.4,18,122.4,-180,0,18.6985626,128.2784987
a21.6x122.4,21.6,122.4,-180,0,27.8210011,128.1776376
a25.2x122.4,25.2,122.4,-180,0,36.6396103,128.0269407
a28.8x122.4,28.8,122.4,-180,0,45.015316,127.8245516
a32.4x122.4,32.4,122.4,-180,0,52.919426,127.5754547
a36x122.4,36,122.4,-180,0,60.3408546,127.284918
a39.6x122.4,39.6,122.4,-180,0,67.274292,126.9567973
a43.2x122.4,43.2,122.4,-180,0,73.7324829,126.5955148
a46.8x122.4,46.8,122.4,-180,0,79.7387619,126.2059976
a50.4x122.4,50.4,122.4,-180,0,85.3150253,125.793904
a54x122.4,54,122.4,-180,0,90.4927597,125.3656652
a57.6x122.4,57.6,122.4,-180,0,95.3289413,124.9266034
a61.2x122.4,61.2,122.4,-180,0,99.8598404,124.4822466
a64.8x122.4,64.8,122.4,-180,0,104.1251907,124.0366987
a68.4x122.4,68.4,122.4,-180,0,108.1536942,123.5954664
a72x122.4,72,122.4,-180,0,111.9710846,123.1638419
a75.6x122.4,75.6,122.4,-180,0,115.5951385,122.7474127
a79.2x122.4,79.2,122.4,-180,0,119.0527115,122.3499105
a82.8x122.4,82.8,122.4,-180,0,122.370903,121.9733554
a86.4x122.4,86.4,122.4,-180,0,125.5644302,121.6212704
a90x122.4,90,122.4,-180,0,128.6442719,121.298431
a93.6x122.4,93.6,122.4,-180,0,131.6358032,121.0028837
a97.2x122.4,97.2,122.4,-180,0,134.5512848,120.7352791
a100.8x122.4,100.8,122.4,-180,0,137.3975067,120.4980893
a104.4x122.4,104.4,122.4,-180,0,140.1880341,120.2900014
a108x122.4,108,122.4,-180,0,142.927597,120.1140499
a111.6x122.4,111.6,122.4,-180,0,145.6320343,119.9638017
a115.2x122.4,115.2,122.4,-180,0,148.307373,119.8380708
a118.8x122.4,118.8,122.4,-180,0,150.9589386,119.7356007
a122.4x122.4,122.4,122.4,-180,0,153.5901642,119.6581777
a126x122.4,126,122.4,-180,0,156.2077179,119.6038851
a129.6x122.4,129.6,122.4,-180,0,158.8173828,119.5680557
a133.2x122.4,133.2,122.4,-180,0,161.4226227,119.5493546
a136.8x122.4,136.8,122.4,-180,0,164.0272217,119.5483893
a140.4x122.4,140.4,122.4,-180,0,166.6350403,119.563253
a144x122.4,144,122.4,-180,0,169.2483826,119.5909938
a147.6x122.4,147.6,122.4,-180,0,171.8695984,119.6306115
a151.2x122.4,151.2,122.4,-180,0,174.503067,119.6824089
a154.8x122.4,154.8,122.4,-180,0,177.1517792,119.7436532
a158.4x122.4,158.4,122.4,-180,0,179.8150787,119.8117537
a162x122.4,162,122.4,-180,0,182.4943237,119.8854778
a165.6x122.4,165.6,122.4,-180,0,185.1915894,119.9636338
a169.2x122.4,169.2,122.4,-180,0,187.9103241,120.0447432
a172.8x122.4,172.8,122.4,-180,0,190.648468,120.1271859
a176.4x122.4,176.4,122.4,-180,0,193.4072113,120.209833
a-180x126,-180,126,-180,0,-193.1687469,124.8750031
a-176.4x126,-176.4,126,-180,0,-190.3206635,124.8029127
a-172.8x126,-172.8,126,-180,0,-187.5042725,124.726298
a-169.2x126,-169.2,126,-180,0,-184.7219391,124.6454853
a-165.6x126,-165.6,126,-180,0,-181.9707336,124.5613227
a-162x126,-162,126,-180,0,-179.2499847,124.4743026
a-158.4x126,-158.4,126,-180,0,-176.5624695,124.384693
a-154.8x126,-154.8,126,-180,0,-173.9098663,124.2931032
a-151.2x126,-151.2,126,-180,0,-171.2877045,124.2004347
a-147.6x126,-147.6,126,-180,0,-168.6954803,124.1072713
a-144x126,-144,126,-180,0,-166.1389923,124.0146207
a-140.4x126,-140.4,126,-180,0,-163.6145782,123.9235173
a-136.8x126,-136.8,126,-180,0,-161.1168365,123.8347946
a-133.2x126,-133.2,126,-180,0,-158.6444855,123.7493258
a-129.6x126,-129.6,126,-180,0,-156.2016907,123.6689418
a-126x126,-126,126,-180,0,-153.7816772,123.5946013
a-122.4x126,-122.4,126,-180,0,-151.381546,123.5273981
a-118.8x126,-118.8,126,-180,0,-149.0019836,123.4704939
a-115.2x126,-115.2,126,-180,0,-146.6395111,123.4253935
a-111.6x126,-111.6,126,-180,0,-144.2871399,123.3922443
a-108x126,-108,126,-180,0,-141.9420013,123.372172
a-104.4x126,-104.4,126,-180,0,-139.6031342,123.369545
a-100.8x126,-100.8,126,-180,0,-137.2629242,123.3833374
a-97.2x126,-97.2,126,-180,0,-134.9168091,123.414818
a-93.6x126,-93.6,126,-180,0,-132.5581818,123.468075
a-90x126,-90,126,-180,0,-130.1812592,123.5424882
a-86.4x126,-86.4,126,-180,0,-127.7807465,123.6361351
a-82.8x126,-82.8,126,-180,0,-125.3515549,123.7490794
a-79.2x126,-79.2,126,-180,0,-122.882225,123.8853094
a-75.6x126,-75.6,126,-180,0,-120.3678894,124.0412793
a-72x126,-72,126,-180,0,-117.7978439,124.2169459
a-68.4x126,-68.4,126,-180,0,-115.1620636,124.4119706
a-64.8x126,-64.8,126,-180,0,-112.4473953,124.6271727
a-61.2x126,-61.2,126,-180,0,-109.6452484,124.8597745
a-57.6x126,-57.6,126,-180,0,-106.7463074,125.1079956
a-54x126,-54,126,-180,0,-103.7374954,125.3709288
a-50.4x126,-50.4,126,-180,0,-100.6034241,125.6474546
a-46.8x126,-46.8,126,-180,0,-97.3136902,125.9371707
a-43.2x126,-43.2,126,-180,0,-93.8406906,126.2381226
a-39.6x126,-39.6,126,-180,0,-90.1697159,126.5468677
a-36x126,-36,126,-180,0,-86.2766495,126.8603379
a-32.4x126,-32.4,126,-180,0,-82.1302032,127.1755512
a-28.8x126,-28.8,126,-180,0,-77.6946793,127.4891291
a-25.2x126,-25.2,126,-180,0,-72.9304123,127.7972877
a-21.6x126,-21.6,126,-180,0,-67.7706223,128.0951902
a-18x126,-18,126,-180,0,-62.1634026,128.3779941
a-14.4x126,-14.4,126,-180,0,-56.0919342,128.6409808
a-10.8x126,-10.8,126,-180,0,-49.5285339,128.8796648
a-7.2x126,-7.2,126,-180,0,-42.4493217,129.0907664
a-3.6x126,-3.6,126,-180,0,-34.8514977,129.2714
a0x126,0,126,-180,0,-26.7227554,129.4176239
a3.6x126,3.6,126,-180,0,-18.1173706,129.5265755
a7.2x126,7.2,126,-180,0,-9.1745625,129.601525
a10.8x126,10.8,126,-180,0,-0.0047963,129.6425862
a14.4x126,14.4,126,-180,0,9.2716637,129.6478279
a18x126,18,126,-180,0,18.4974442,129.6194378
a21.6x126,21.6,126,-180,0,27.5425472,129.5598355
a25.2x126,25.2,126,-180,0,36.294735,129.4687359
a28.8x126,28.8,126,-180,0,44.6242676,129.3459752
a32.4x126,32.4,126,-180,0,52.489212,129.1949537
a36x126,36,126,-180,0,59.8855705,129.018848
a39.6x126,39.6,126,-180,0,66.804718,128.8195574
a43.2x126,43.2,126,-180,0,73.2578506,128.5996619
a46.8x126,46.8,126,-180,0,79.2671661,128.3621031
a50.4x126,50.4,126,-180,0,84.8526764,128.1102874
a54x126,54,126,-180,0,90.0450363,127.8480818
a57.6x126,57.6,126,-180,0,94.8989029,127.5787713
a61.2x126,61.2,126,-180,0,99.4500961,127.3057714
a64.8x126,64.8,126,-180,0,103.7326126,127.0324034
a68.4x126,68.4,126,-180,0,107.7778702,126.7617857
a72x126,72,126,-180,0,111.6136932,126.4967913
a75.6x126,75.6,126,-180,0,115.257988,126.2408305
a79.2x126,79.2,126,-180,0,118.7374496,125.9961968
a82.8x126,82.8,126,-180,0,122.0784912,125.7641397
a86.4x126,86.4,126,-180,0,125.2937775,125.5472846
a90x126,90,126,-180,0,128.3984985,125.3476533
a93.6x126,93.6,126,-180,0,131.4147186,125.1645782
a97.2x126,97.2,126,-180,0,134.3548279,124.9984849
a100.8x126,100.8,126,-180,0,137.225235,124.8509132
a104.4x126,104.4,126,-180,0,140.038208,124.7213914
a108x126,108,126,-180,0,142.7997437,124.6112899
a111.6x126,111.6,126,-180,0,145.5250244,124.5170197
a115.2x126,115.2,126,-180,0,148.2200012,124.4378881
a118.8x126,118.8,126,-180,0,150.8899384,124.3731511
a122.4x126,122.4,126,-180,0,153.5379486,124.3240205
a126x126,126,126,-180,0,156.1709747,124.2891505
a129.6x126,129.6,126,-180,0,158.7949371,124.2657547
a133.2x126,133.2,126,-180,0,161.4133453,124.2530001
a136.8x126,136.8,126,-180,0,164.0298157,124.251256
a140.4x126,140.4,126,-180,0,166.6482239,124.2592953
a144x126,144,126,-180,0,169.2710571,124.2753079
a147.6x126,147.6,126,-180,0,171.9006653,124.2986705
a151.2x126,151.2,126,-180,0,174.5411377,124.3295577
a154.8x126,154.8,126,-180,0,177.1956329,124.3663177
a158.4x126,158.4,126,-180,0,179.8635864,124.4073383
a162x126,162,126,-180,0,182.5464478,124.4518683
a165.6x126,165.6,126,-180,0,185.2461853,124.4991848
a169.2x126,169.2,126,-180,0,187.9663391,124.5484154
a172.8x126,172.8,126,-180,0,190.7050018,124.5985409
a176.4x126,176.4,126,-180,0,193.4634552,124.6488778
a-180x129.6,-180,129.6,-180,0,-193.2099915,129.1728293
a-176.4x129.6,-176.4,129.6,-180,0,-190.3643951,129.1455321
a-172.8x129.6,-172.8,129.6,-180,0,-187.5505066,129.1165351
a-169.2x129.6,-169.2,129.6,-180,0,-184.7703094,129.0859743
a-165.6x129.6,-165.6,129.6,-180,0,-182.0209961,129.0541573
a-162x129.6,-162,129.6,-180,0,-179.3018494,129.021268
a-158.4x129.6,-158.4,129.6,-180,0,-176.6157837,128.9874048
a-154.8x129.6,-154.8,129.6,-180,0,-173.9640656,128.9528042
a-151.2x129.6,-151.2,129.6,-180,0,-171.342392,128.9178011
a-147.6x129.6,-147.6,129.6,-180,0,-168.7502289,128.8826216
a-144x129.6,-144,129.6,-180,0,-166.1934357,128.8476559
a-140.4x129.6,-140.4,129.6,-180,0,-163.6678925,128.813301
a-136.8x129.6,-136.8,129.6,-180,0,-161.1684875,128.7798736
a-133.2x129.6,-133.2,129.6,-180,0,-158.6938629,128.7477066
a-129.6x129.6,-129.6,129.6,-180,0,-156.2480621,128.7175058
a-126x129.6,-126,129.6,-180,0,-153.8241577,128.6896213
a-122.4x129.6,-122.4,129.6,-180,0,-151.4193878,128.6644732
a-118.8x129.6,-118.8,129.6,-180,0,-149.0342102,128.6432705
a-115.2x129.6,-115.2,129.6,-180,0,-146.6650543,128.62657
a-111.6x129.6,-111.6,129.6,-180,0,-144.3051453,128.6144228
a-108x129.6,-108,129.6,-180,0,-141.9516449,128.6072483
a-104.4x129.6,-104.4,129.6,-180,0,-139.6032867,128.6066827
a-100.8x129.6,-100.8,129.6,-180,0,-137.2528076,128.6123471
a-97.2x129.6,-97.2,129.6,-180,0,-134.8957062,128.6247206
a-93.6x129.6,-93.6,129.6,-180,0,-132.5253296,128.6453124
a-90x129.6,-90,129.6,-180,0,-130.1360626,128.6739368
a-86.4x129.6,-86.4,129.6,-180,0,-127.7228546,128.7098312
a-82.8x129.6,-82.8,129.6,-180,0,-125.2806778,128.7530093
a-79.2x129.6,-79.2,129.6,-180,0,-122.798439,128.8048753
a-75.6x129.6,-75.6,129.6,-180,0,-120.2710266,128.8642745
a-72x129.6,-72,129.6,-180,0,-117.687851,128.9311284
a-68.4x129.6,-68.4,129.6,-180,0,-115.0390472,129.005316
a-64.8x129.6,-64.8,129.6,-180,0,-112.3127441,129.0869912
a-61.2x129.6,-61.2,129.6,-180,0,-109.4984894,129.1753391
a-57.6x129.6,-57.6,129.6,-180,0,-106.5874252,129.2695578
a-54x129.6,-54,129.6,-180,0,-103.5666351,129.3692922
a-50.4x129.6,-50.4,129.6,-180,0,-100.4210129,129.4741062
a-46.8x129.6,-46.8,129.6,-180,0,-97.1202087,129.5838256
a-43.2x129.6,-43.2,129.6,-180,0,-93.6399918,129.6975481
a-39.6x129.6,-39.6,129.6,-180,0,-89.9599152,129.8142031
a-36x129.6,-36,129.6,-180,0,-86.0590591,129.9324943
a-32.4x129.6,-32.4,129.6,-180,0,-81.9064865,130.0512885
a-28.8x129.6,-28.8,129.6,-180,0,-77.4673233,130.1693126
a-25.2x129.6,-25.2,129.6,-180,0,-72.7022934,130.2851614
a-21.6x129.6,-21.6,129.6,-180,0,-67.5401306,130.3970341
a-18x129.6,-18,129.6,-180,0,-61.940033,130.5031301
a-14.4x129.6,-14.4,129.6,-180,0,-55.8814888,130.6017389
a-10.8x129.6,-10.8,129.6,-180,0,-49.3325195,130.6913122
a-7.2x129.6,-7.2,129.6,-180,0,-42.2738419,130.7705403
a-3.6x129.6,-3.6,129.6,-180,0,-34.703228,130.8383799
a0x129.6,0,129.6,-180,0,-26.6062431,130.893296
a3.6x129.6,3.6,129.6,-180,0,-18.041872,130.9342666
a7.2x129.6,7.2,129.6,-180,0,-9.1436787,130.9624468
a10.8x129.6,10.8,129.6,-180,0,-0.019931,130.9779031
a14.4x129.6,14.4,129.6,-180,0,9.21101,130.9799677
a18x129.6,18,129.6,-180,0,18.3948898,130.9693849
a21.6x129.6,21.6,129.6,-180,0,27.4024029,130.9470895
a25.2x129.6,25.2,129.6,-180,0,36.1228371,130.9129642
a28.8x129.6,28.8,129.6,-180,0,44.4330673,130.867002
a32.4x129.6,32.4,129.6,-180,0,52.2811966,130.8102511
a36x129.6,36,129.6,-180,0,59.663826,130.7440441
a39.6x129.6,39.6,129.6,-180,0,66.573822,130.6691197
a43.2x129.6,43.2,129.6,-180,0,73.0216522,130.5864448
a46.8x129.6,46.8,129.6,-180,0,79.0293045,130.4971121
a50.4x129.6,50.4,129.6,-180,0,84.6160278,130.4023774
a54x129.6,54,129.6,-180,0,89.8121872,130.303673
a57.6x129.6,57.6,129.6,-180,0,94.6716385,130.202224
a61.2x129.6,61.2,129.6,-180,0,99.2299728,130.0993063
a64.8x129.6,64.8,129.6,-180,0,103.5209579,129.996168
a68.4x129.6,68.4,129.6,-180,0,107.5756531,129.8939853
a72x129.6,72,129.6,-180,0,111.4217377,129.7938436
a75.6x129.6,75.6,129.6,-180,0,115.0772018,129.6970359
a79.2x129.6,79.2,129.6,-180,0,118.5685196,129.604438
a82.8x129.6,82.8,129.6,-180,0,121.9218063,129.516525
a86.4x129.6,86.4,129.6,-180,0,125.1486359,129.4343769
a90x129.6,90,129.6,-180,0,128.2665863,129.3585835
a93.6x129.6,93.6,129.6,-180,0,131.2959137,129.2890121
a97.2x129.6,97.2,129.6,-180,0,134.2490234,129.2258338
a100.8x129.6,100.8,129.6,-180,0,137.1322632,129.1696263
a104.4x129.6,104.4,129.6,-180,0,139.9571686,129.1202706
a108x129.6,108,129.6,-180,0,142.7304382,129.078186
a111.6x129.6,111.6,129.6,-180,0,145.4668579,129.0421015
a115.2x129.6,115.2,129.6,-180,0,148.1723328,129.0117628
a118.8x129.6,118.8,129.6,-180,0,150.8521271,128.9868918
a122.4x129.6,122.4,129.6,-180,0,153.5091553,128.9679685
a126x129.6,126,129.6,-180,0,156.1504822,128.9544506
a129.6x129.6,129.6,129.6,-180,0,158.782135,128.9452985
a133.2x129.6,133.2,129.6,-180,0,161.407608,128.9401959
a136.8x129.6,136.8,129.6,-180,0,164.0304565,128.9392831
a140.4x129.6,140.4,129.6,-180,0,166.654541,128.9420889
a144x129.6,144,129.6,-180,0,169.2824554,128.9479236
a147.6x129.6,147.6,129.6,-180,0,171.9165649,128.9565486
a151.2x129.6,151.2,129.6,-180,0,174.5608063,128.9680287
a154.8x129.6,154.8,129.6,-180,0,177.2183838,128.9817449
a158.4x129.6,158.4,129.6,-180,0,179.8888702,128.997083
a162x129.6,162,129.6,-180,0,182.5736847,129.0137604
a165.6x129.6,165.6,129.6,-180,0,185.2747955,129.0315056
a169.2x129.6,169.2,129.6,-180,0,187.9957275,129.0499977
a172.8x129.6,172.8,129.6,-180,0,190.7347107,129.0688473
a176.4x129.6,176.4,129.6,-180,0,193.4930725,129.0877978
a-180x133.2,-180,133.2,-180,0,-180,133.2
a-176.4x133.2,-176.4,133.2,-180,0,-176.3999939,133.2
a-172.8x133.2,-172.8,133.2,-180,0,-172.8000031,133.2
a-169.2x133.2,-169.2,133.2,-180,0,-169.1999969,133.2
a-165.6x133.2,-165.6,133.2,-180,0,-165.6000061,133.2
a-162x133.2,-162,133.2,-180,0,-162,133.2
a-158.4x133.2,-158.4,133.2,-180,0,-158.3999939,133.2
a-154.8x133.2,-154.8,133.2,-180,0,-154.8000031,133.2
a-151.2x133.2,-151.2,133.2,-180,0,-151.1999969,133.2
a-147.6x133.2,-147.6,133.2,-180,0,-147.6000061,133.2
a-144x133.2,-144,133.2,-180,0,-144,133.2
a-140.4x133.2,-140.4,133.2,-180,0,-140.3999939,133.2
a-136.8x133.2,-136.8,133.2,-180,0,-136.8000031,133.2
a-133.2x133.2,-133.2,133.2,-180,0,-133.1999969,133.2
a-129.6x133.2,-129.6,133.2,-180,0,-129.6000061,133.2
a-126x133.2,-126,133.2,-180,0,-126,133.2
a-122.4x133.2,-122.4,133.2,-180,0,-122.4000015,133.2
a-118.8x133.2,-118.8,133.2,-180,0,-118.8000031,133.2
a-115.2x133.2,-115.2,133.2,-180,0,-115.1999969,133.2
a-111.6x133.2,-111.6,133.2,-180,0,-111.5999985,133.2
a-108x133.2,-108,133.2,-180,0,-108,133.2
a-104.4x133.2,-104.4,133.2,-180,0,-104.4000015,133.2
a-100.8x133.2,-100.8,133.2,-180,0,-100.8000031,133.2
a-97.2x133.2,-97.2,133.2,-180,0,-97.1999969,133.2
a-93.6x133.2,-93.6,133.2,-180,0,-93.5999985,133.2
a-90x133.2,-90,133.2,-180,0,-90,133.2
a-86.4x133.2,-86.4,133.2,-180,0,-86.4000015,133.2
a-82.8x133.2,-82.8,133.2,-180,0,-82.8000031,133.2
a-79.2x133.2,-79.2,133.2,-180,0,-79.1999969,133.2
a-75.6x133.2,-75.6,133.2,-180,0,-75.5999985,133.2
a-72x133.2,-72,133.2,-180,0,-72,133.2
a-68.4x133.2,-68.4,133.2,-180,0,-68.4000015,133.2
a-64.8x133.2,-64.8,133.2,-180,0,-64.8000031,133.2
a-61.2x133.2,-61.2,133.2,-180,0,-61.2000008,133.2
a-57.6x133.2,-57.6,133.2,-180,0,-57.5999985,133.2
a-54x133.2,-54,133.2,-180,0,-54,133.2
a-50.4x133.2,-50.4,133.2,-180,0,-50.4000015,133.2
a-46.8x133.2,-46.8,133.2,-180,0,-46.7999992,133.2
a-43.2x133.2,-43.2,133.2,-180,0,-43.2000008,133.2
a-39.6x133.2,-39.6,133.2,-180,0,-39.5999985,133.2
a-36x133.2,-36,133.2,-180,0,-36,133.2
a-32.4x133.2,-32.4,133.2,-180,0,-32.4000015,133.2
a-28.8x133.2,-28.8,133.2,-180,0,-28.7999992,133.2
a-25.2x133.2,-25.2,133.2,-180,0,-25.2000008,133.2
a-21.6x133.2,-21.6,133.2,-180,0,-21.6000004,133.2
a-18x133.2,-18,133.2,-180,0,-18,133.2
a-14.4x133.2,-14.4,133.2,-180,0,-14.3999996,133.2
a-10.8x133.2,-10.8,133.2,-180,0,-10.8000002,133.2
a-7.2x133.2,-7.2,133.2,-180,0,-7.1999998,133.2
a-3.6x133.2,-3.6,133.2,-180,0,-3.5999999,133.2
a0x133.2,0,133.2,-180,0,0,133.2
a3.6x133.2,3.6,133.2,-180,0,3.5999999,133.2
a7.2x133.2,7.2,133.2,-180,0,7.1999998,133.2
a10.8x133.2,10.8,133.2,-180,0,10.8000002,133.2
a14.4x133.2,14.4,133.2,-180,0,14.3999996,133.2
a18x133.2,18,133.2,-180,0,18,133.2
a21.6x133.2,21.6,133.2,-180,0,21.6000004,133.2
a25.2x133.2,25.2,133.2,-180,0,25.2000008,133.2
a28.8x133.2,28.8,133.2,-180,0,28.7999992,133.2
a32.4x133.2,32.4,133.2,-180,0,32.4000015,133.2
a36x133.2,36,133.2,-180,0,36,133.2
a39.6x133.2,39.6,133.2,-180,0,39.5999985,133.2
a43.2x133.2,43.2,133.2,-180,0,43.2000008,133.2
a46.8x133.2,46.8,133.2,-180,0,46.7999992,133.2
a50.4x133.2,50.4,133.2,-180,0,50.4000015,133.2
a54x133.2,54,133.2,-180,0,54,133.2
a57.6x133.2,57.6,133.2,-180,0,57.5999985,133.2
a61.2x133.2,61.2,133.2,-180,0,61.2000008,133.2
a64.8x133.2,64.8,133.2,-180,0,64.8000031,133.2
a68.4x133.2,68.4,133.2,-180,0,68.4000015,133.2
a72x133.2,72,133.2,-180,0,72,133.2
a75.6x133.2,75.6,133.2,-180,0,75.5999985,133.2
a79.2x133.2,79.2,133.2,-180,0,79.1999969,133.2
a82.8x133.2,82.8,133.2,-180,0,82.8000031,133.2
a86.4x133.2,86.4,133.2,-180,0,86.4000015,133.2
a90x133.2,90,133.2,-180,0,90,133.2
a93.6x133.2,93.6,133.2,-180,0,93.5999985,133.2
a97.2x133.2,97.2,133.2,-180,0,97.1999969,133.2
a100.8x133.2,100.8,133.2,-180,0,100.8000031,133.2
a104.4x133.2,104.4,133.2,-180,0,104.4000015,133.2
a108x133.2,108,133.2,-180,0,108,133.2
a111.6x133.2,111.6,133.2,-180,0,111.5999985,133.2
a115.2x133.2,115.2,133.2,-180,0,115.1999969,133.2
a118.8x133.2,118.8,133.2,-180,0,118.8000031,133.2
a122.4x133.2,122.4,133.2,-180,0,122.4000015,133.2
a126x133.2,126,133.2,-180,0,126,133.2
a129.6x133.2,129.6,133.2,-180,0,129.6000061,133.2
a133.2x133.2,133.2,133.2,-180,0,133.1999969,133.2
a136.8x133.2,136.8,133.2,-180,0,136.8000031,133.2
a140.4x133.2,140.4,133.2,-180,0,140.3999939,133.2
a144x133.2,144,133.2,-180,0,144,133.2
a147.6x133.2,147.6,133.2,-180,0,147.6000061,133.2
a151.2x133.2,151.2,133.2,-180,0,151.1999969,133.2
a154.8x133.2,154.8,133.2,-180,0,154.8000031,133.2
a158.4x133.2,158.4,133.2,-180,0,158.3999939,133.2
a162x133.2,162,133.2,-180,0,162,133.2
a165.6x133.2,165.6,133.2,-180,0,165.6000061,133.2
a169.2x133.2,169.2,133.2,-180,0,169.1999969,133.2
a172.8x133.2,172.8,133.2,-180,0,172.8000031,133.2
a176.4x133.2,176.4,133.2,-180,0,176.3999939,133.2
a-180x136.8,-180,136.8,-180,0,-180,136.8
a-176.4x136.8,-176.4,136.8,-180,0,-176.3999939,136.8
a-172.8x136.8,-172.8,136.8,-180,0,-172.8000031,136.8
a-169.2x136.8,-169.2,136.8,-180,0,-169.1999969,136.8
a-165.6x136.8,-165.6,136.8,-180,0,-165.6000061,136.8
a-162x136.8,-162,136.8,-180,0,-162,136.8
a-158.4x136.8,-158.4,136.8,-180,0,-158.3999939,136.8
a-154.8x136.8,-154.8,136.8,-180,0,-154.8000031,136.8
a-151.2x136.8,-151.2,136.8,-180,0,-151.1999969,136.8
a-147.6x136.8,-147.6,136.8,-180,0,-147.6000061,136.8
a-144x136.8,-144,136.8,-180,0,-144,136.8
a-140.4x136.8,-140.4,136.8,-180,0,-140.3999939,136.8
a-136.8x136.8,-136.8,136.8,-180,0,-136.8000031,136.8
a-133.2x136.8,-133.2,136.8,-180,0,-133.1999969,136.8
a-129.6x136.8,-129.6,136.8,-180,0,-129.6000061,136.8
a-126x136.8,-126,136.8,-180,0,-126,136.8
a-122.4x136.8,-122.4,136.8,-180,0,-122.4000015,136.8
a-118.8x136.8,-118.8,136.8,-180,0,-118.8000031,136.8
a-115.2x136.8,-115.2,136.8,-180,0,-115.1999969,136.8
a-111.6x136.8,-111.6,136.8,-180,0,-111.5999985,136.8
a-108x136.8,-108,136.8,-180,0,-108,136.8
a-104.4x136.8,-104.4,136.8,-180,0,-104.4000015,136.8
a-100.8x136.8,-100.8,136.8,-180,0,-100.8000031,136.8
a-97.2x136.8,-97.2,136.8,-180,0,-97.1999969,136.8
a-93.6x136.8,-93.6,136.8,-180,0,-93.5999985,136.8
a-90x136.8,-90,136.8,-180,0,-90,136.8
a-86.4x136.8,-86.4,136.8,-180,0,-86.4000015,136.8
a-82.8x136.8,-82.8,136.8,-180,0,-82.8000031,136.8
a-79.2x136.8,-79.2,136.8,-180,0,-79.1999969,136.8
a-75.6x136.8,-75.6,136.8,-180,0,-75.5999985,136.8
a-72x136.8,-72,136.8,-180,0,-72,136.8
a-68.4x136.8,-68.4,136.8,-180,0,-68.4000015,136.8
a-64.8x136.8,-64.8,136.8,-180,0,-64.8000031,136.8
a-61.2x136.8,-61.2,136.8,-180,0,-61.2000008,136.8
a-57.6x136.8,-57.6,136.8,-180,0,-57.5999985,136.8
a-54x136.8,-54,136.8,-180,0,-54,136.8
a-50.4x136.8,-50.4,136.8,-180,0,-50.4000015,136.8
a-46.8x136.8,-46.8,136.8,-180,0,-46.7999992,136.8
a-43.2x136.8,-43.2,136.8,-180,0,-43.2000008,136.8
a-39.6x136.8,-39.6,136.8,-180,0,-39.5999985,136.8
a-36x136.8,-36,136.8,-180,0,-36,136.8
a-32.4x136.8,-32.4,136.8,-180,0,-32.4000015,136.8
a-28.8x136.8,-28.8,136.8,-180,0,-28.7999992,136.8
a-25.2x136.8,-25.2,136.8,-180,0,-25.2000008,136.8
a-21.6x136.8,-21.6,136.8,-180,0,-21.6000004,136.8
a-18x136.8,-18,136.8,-180,0,-18,136.8
a-14.4x136.8,-14.4,136.8,-180,0,-14.3999996,136.8
a-10.8x136.8,-10.8,136.8,-180,0,-10.8000002,136.8
a-7.2x136.8,-7.2,136.8,-180,0,-7.1999998,136.8
a-3.6x136.8,-3.6,136.8,-180,0,-3.5999999,136.8
a0x136.8,0,136.8,-180,0,0,136.8
a3.6x136.8,3.6,136.8,-180,0,3.5999999,136.8
a7.2x136.8,7.2,136.8,-180,0,7.1999998,136.8
a10.8x136.8,10.8,136.8,-180,0,10.8000002,136.8
a14.4x136.8,14.4,136.8,-180,0,14.3999996,136.8
a18x136.8,18,136.8,-180,0,18,136.8
a21.6x136.8,21.6,136.8,-180,0,21.6000004,136.8
a25.2x136.8,25.2,136.8,-180,0,25.2000008,136.8
a28.8x136.8,28.8,136.8,-180,0,28.7999992,136.8
a32.4x136.8,32.4,136.8,-180,0,32.4000015,136.8
a36x136.8,36,136.8,-180,0,36,136.8
a39.6x136.8,39.6,136.8,-180,0,39.5999985,136.8
a43.2x136.8,43.2,136.8,-180,0,43.2000008,136.8
a46.8x136.8,46.8,136.8,-180,0,46.7999992,136.8
a50.4x136.8,50.4,136.8,-180,0,50.4000015,136.8
a54x136.8,54,136.8,-180,0,54,136.8
a57.6x136.8,57.6,136.8,-180,0,57.5999985,136.8
a61.2x136.8,61.2,136.8,-180,0,61.2000008,136.8
a64.8x136.8,64.8,136.8,-180,0,64.8000031,136.8
a68.4x136.8,68.4,136.8,-180,0,68.4000015,136.8
a72x136.8,72,136.8,-180,0,72,136.8
a75.6x136.8,75.6,136.8,-180,0,75.5999985,136.8
a79.2x136.8,79.2,136.8,-180,0,79.1999969,136.8
a82.8x136.8,82.8,136.8,-180,0,82.8000031,136.8
a86.4x136.8,86.4,136.8,-180,0,86.4000015,136.8
a90x136.8,90,136.8,-180,0,90,136.8
a93.6x136.8,93.6,136.8,-180,0,93.5999985,136.8
a97.2x136.8,97.2,136.8,-180,0,97.1999969,136.8
a100.8x136.8,100.8,136.8,-180,0,100.8000031,136.8
a104.4x136.8,104.4,136.8,-180,0,104.4000015,136.8
a108x136.8,108,136.8,-180,0,108,136.8
a111.6x136.8,111.6,136.8,-180,0,111.5999985,136.8
a115.2x136.8,115.2,136.8,-180,0,115.1999969,136.8
a118.8x136.8,118.8,136.8,-180,0,118.8000031,136.8
a122.4x136.8,122.4,136.8,-180,0,122.4000015,136.8
a126x136.8,126,136.8,-180,0,126,136.8
a129.6x136.8,129.6,136.8,-180,0,129.6000061,136.8
a133.2x136.8,133.2,136.8,-180,0,133.1999969,136.8
a136.8x136.8,136.8,136.8,-180,0,136.8000031,136.8
a140.4x136.8,140.4,136.8,-180,0,140.3999939,136.8
a144x136.8,144,136.8,-180,0,144,136.8
a147.6x136.8,147.6,136.8,-180,0,147.6000061,136.8
a151.2x136.8,151.2,136.8,-180,0,151.1999969,136.8
a154.8x136.8,154.8,136.8,-180,0,154.8000031,136.8
a158.4x136.8,158.4,136.8,-180,0,158.3999939,136.8
a162x136.8,162,136.8,-180,0,162,136.8
a165.6x136.8,165.6,136.8,-180,0,165.6000061,136.8
a169.2x136.8,169.2,136.8,-180,0,169.1999969,136.8
a172.8x136.8,172.8,136.8,-180,0,172.8000031,136.8
a176.4x136.8,176.4,136.8,-180,0,176.3999939,136.8
a-180x140.4,-180,140.4,-180,0,-180,140.4
a-176.4x140.4,-176.4,140.4,-180,0,-176.3999939,140.4
a-172.8x140.4,-172.8,140.4,-180,0,-172.8000031,140.4
a-169.2x140.4,-169.2,140.4,-180,0,-169.1999969,140.4
a-165.6x140.4,-165.6,140.4,-180,0,-165.6000061,140.4
a-162x140.4,-162,140.4,-180,0,-162,140.4
a-158.4x140.4,-158.4,140.4,-180,0,-158.3999939,140.4
a-154.8x140.4,-154.8,140.4,-180,0,-154.8000031,140.4
a-151.2x140.4,-151.2,140.4,-180,0,-151.1999969,140.4
a-147.6x140.4,-147.6,140.4,-180,0,-147.6000061,140.4
a-144x140.4,-144,140.4,-180,0,-144,140.4
a-140.4x140.4,-140.4,140.4,-180,0,-140.3999939,140.4
a-136.8x140.4,-136.8,140.4,-180,0,-136.8000031,140.4
a-133.2x140.4,-133.2,140.4,-180,0,-133.1999969,140.4
a-129.6x140.4,-129.6,140.4,-180,0,-129.6000061,140.4
a-126x140.4,-126,140.4,-180,0,-126,140.4
a-122.4x140.4,-122.4,140.4,-180,0,-122.4000015,140.4
a-118.8x140.4,-118.8,140.4,-180,0,-118.8000031,140.4
a-115.2x140.4,-115.2,140.4,-180,0,-115.1999969,140.4
a-111.6x140.4,-111.6,140.4,-180,0,-111.5999985,140.4
a-108x140.4,-108,140.4,-180,0,-108,140.4
a-104.4x140.4,-104.4,140.4,-180,0,-104.4000015,140.4
a-100.8x140.4,-100.8,140.4,-180,0,-100.8000031,140.4
a-97.2x140.4,-97.2,140.4,-180,0,-97.1999969,140.4
a-93.6x140.4,-93.6,140.4,-180,0,-93.5999985,140.4
a-90x140.4,-90,140.4,-180,0,-90,140.4
a-86.4x140.4,-86.4,140.4,-180,0,-86.4000015,140.4
a-82.8x140.4,-82.8,140.4,-180,0,-82.8000031,140.4
a-79.2x140.4,-79.2,140.4,-180,0,-79.1999969,140.4
a-75.6x140.4,-75.6,140.4,-180,0,-75.5999985,140.4
a-72x140.4,-72,140.4,-180,0,-72,140.4
a-68.4x140.4,-68.4,140.4,-180,0,-68.4000015,140.4
a-64.8x140.4,-64.8,140.4,-180,0,-64.8000031,140.4
a-61.2x140.4,-61.2,140.4,-180,0,-61.2000008,140.4
a-57.6x140.4,-57.6,140.4,-180,0,-57.5999985,140.4
a-54x140.4,-54,140.4,-180,0,-54,140.4
a-50.4x140.4,-50.4,140.4,-180,0,-50.4000015,140.4
a-46.8x140.4,-46.8,140.4,-180,0,-46.7999992,140.4
a-43.2x140.4,-43.2,140.4,-180,0,-43.2000008,140.4
a-39.6x140.4,-39.6,140.4,-180,0,-39.5999985,140.4
a-36x140.4,-36,140.4,-180,0,-36,140.4
a-32.4x140.4,-32.4,140.4,-180,0,-32.4000015,140.4
a-28.8x140.4,-28.8,140.4,-180,0,-28.7999992,140.4
a-25.2x140.4,-25.2,140.4,-180,0,-25.2000008,140.4
a-21.6x140.4,-21.6,140.4,-180,0,-21.6000004,140.4
a-18x140.4,-18,140.4,-180,0,-18,140.4
a-14.4x140.4,-14.4,140.4,-180,0,-14.3999996,140.4
a-10.8x140.4,-10.8,140.4,-180,0,-10.8000002,140.4
a-7.2x140.4,-7.2,140.4,-180,0,-7.1999998,140.4
a-3.6x140.4,-3.6,140.4,-180,0,-3.5999999,140.4
a0x140.4,0,140.4,-180,0,0,140.4
a3.6x140.4,3.6,140.4,-180,0,3.5999999,140.4
a7.2x140.4,7.2,140.4,-180,0,7.1999998,140.4
a10.8x140.4,10.8,140.4,-180,0,10.8000002,140.4
a14.4x140.4,14.4,140.4,-180,0,14.3999996,140.4
a18x140.4,18,140.4,-180,0,18,140.4
a21.6x140.4,21.6,140.4,-180,0,21.6000004,140.4
a25.2x140.4,25.2,140.4,-180,0,25.2000008,140.4
a28.8x140.4,28.8,140.4,-180,0,28.7999992,140.4
a32.4x140.4,32.4,140.4,-180,0,32.4000015,140.4
a36x140.4,36,140.4,-180,0,36,140.4
a39.6x140.4,39.6,140.4,-180,0,39.5999985,140.4
a43.2x140.4,43.2,140.4,-180,0,43.2000008,140.4
a46.8x140.4,46.8,140.4,-180,0,46.7999992,140.4
a50.4x140.4,50.4,140.4,-180,0,50.4000015,140.4
a54x140.4,54,140.4,-180,0,54,140.4
a57.6x140.4,57.6,140.4,-180,0,57.5999985,140.4
a61.2x140.4,61.2,140.4,-180,0,61.2000008,140.4
a64.8x140.4,64.8,140.4,-180,0,64.8000031,140.4
a68.4x140.4,68.4,140.4,-180,0,68.4000015,140.4
a72x140.4,72,140.4,-180,0,72,140.4
a75.6x140.4,75.6,140.4,-180,0,75.5999985,140.4
a79.2x140.4,79.2,140.4,-180,0,79.1999969,140.4
a82.8x140.4,82.8,140.4,-180,0,82.8000031,140.4
a86.4x140.4,86.4,140.4,-180,0,86.4000015,140.4
a90x140.4,90,140.4,-180,0,90,140.4
a93.6x140.4,93.6,140.4,-180,0,93.5999985,140.4
a97.2x140.4,97.2,140.4,-180,0,97.1999969,140.4
a100.8x140.4,100.8,140.4,-180,0,100.8000031,140.4
a104.4x140.4,104.4,140.4,-180,0,104.4000015,140.4
a108x140.4,108,140.4,-180,0,108,140.4
a111.6x140.4,111.6,140.4,-180,0,111.5999985,140.4
a115.2x140.4,115.2,140.4,-180,0,115.1999969,140.4
a118.8x140.4,118.8,140.4,-180,0,118.8000031,140.4
a122.4x140.4,122.4,140.4,-180,0,122.4000015,140.4
a126x140.4,126,140.4,-180,0,126,140.4
a129.6x140.4,129.6,140.4,-180,0,129.6000061,140.4
a133.2x140.4,133.2,140.4,-180,0,133.1999969,140.4
a136.8x140.4,136.8,140.4,-180,0,136.8000031,140.4
a140.4x140.4,140.4,140.4,-180,0,140.3999939,140.4
a144x140.4,144,140.4,-180,0,144,140.4
a147.6x140.4,147.6,140.4,-180,0,147.6000061,140.4
a151.2x140.4,151.2,140.4,-180,0,151.1999969,140.4
a154.8x140.4,154.8,140.4,-180,0,154.8000031,140.4
a158.4x140.4,158.4,140.4,-180,0,158.3999939,140.4
a162x140.4,162,140.4,-180,0,162,140.4
a165.6x140.4,165.6,140.4,-180,0,165.6000061,140.4
a169.2x140.4,169.2,140.4,-180,0,169.1999969,140.4
a172.8x140.4,172.8,140.4,-180,0,172.8000031,140.4
a176.4x140.4,176.4,140.4,-180,0,176.3999939,140.4
a-180x144,-180,144,-180,0,-180,144
a-176.4x144,-176.4,144,-180,0,-176.3999939,144
a-172.8x144,-172.8,144,-180,0,-172.8000031,144
a-169.2x144,-169.2,144,-180,0,-169.1999969,144
a-165.6x144,-165.6,144,-180,0,-165.6000061,144
a-162x144,-162,144,-180,0,-162,144
a-158.4x144,-158.4,144,-180,0,-158.3999939,144
a-154.8x144,-154.8,144,-180,0,-154.8000031,144
a-151.2x144,-151.2,144,-180,0,-151.1999969,144
a-147.6x144,-147.6,144,-180,0,-147.6000061,144
a-144x144,-144,144,-180,0,-144,144
a-140.4x144,-140.4,144,-180,0,-140.3999939,144
a-136.8x144,-136.8,144,-180,0,-136.8000031,144
a-133.2x144,-133.2,144,-180,0,-133.1999969,144
a-129.6x144,-129.6,144,-180,0,-129.6000061,144
a-126x144,-126,144,-180,0,-126,144
a-122.4x144,-122.4,144,-180,0,-122.4000015,144
a-118.8x144,-118.8,144,-180,0,-118.8000031,144
a-115.2x144,-115.2,144,-180,0,-115.1999969,144
a-111.6x144,-111.6,144,-180,0,-111.5999985,144
a-108x144,-108,144,-180,0,-108,144
a-104.4x144,-104.4,144,-180,0,-104.4000015,144
a-100.8x144,-100.8,144,-180,0,-100.8000031,144
a-97.2x144,-97.2,144,-180,0,-97.1999969,144
a-93.6x144,-93.6,144,-180,0,-93.5999985,144
a-90x144,-90,144,-180,0,-90,144
a-86.4x144,-86.4,144,-180,0,-86.4000015,144
a-82.8x144,-82.8,144,-180,0,-82.8000031,144
a-79.2x144,-79.2,144,-180,0,-79.1999969,144
a-75.6x144,-75.6,144,-180,0,-75.5999985,144
a-72x144,-72,144,-180,0,-72,144
a-68.4x144,-68.4,144,-180,0,-68.4000015,144
a-64.8x144,-64.8,144,-180,0,-64.8000031,144
a-61.2x144,-61.2,144,-180,0,-61.2000008,144
a-57.6x144,-57.6,144,-180,0,-57.5999985,144
a-54x144,-54,144,-180,0,-54,144
a-50.4x144,-50.4,144,-180,0,-50.4000015,144
a-46.8x144,-46.8,144,-180,0,-46.7999992,144
a-43.2x144,-43.2,144,-180,0,-43.2000008,144
a-39.6x144,-39.6,144,-180,0,-39.5999985,144
a-36x144,-36,144,-180,0,-36,144
a-32.4x144,-32.4,144,-180,0,-32.4000015,144
a-28.8x144,-28.8,144,-180,0,-28.7999992,144
a-25.2x144,-25.2,144,-180,0,-25.2000008,144
a-21.6x144,-21.6,144,-180,0,-21.6000004,144
a-18x144,-18,144,-180,0,-18,144
a-14.4x144,-14.4,144,-180,0,-14.3999996,144
a-10.8x144,-10.8,144,-180,0,-10.8000002,144
a-7.2x144,-7.2,144,-180,0,-7.1999998,144
a-3.6x144,-3.6,144,-180,0,-3.5999999,144
a0x144,0,144,-180,0,0,144
a3.6x144,3.6,144,-180,0,3.5999999,144
a7.2x144,7.2,144,-180,0,7.1999998,144
a10.8x144,10.8,144,-180,0,10.8000002,144
a14.4x144,14.4,144,-180,0,14.3999996,144
a18x144,18,144,-180,0,18,144
a21.6x144,21.6,144,-180,0,21.6000004,144
a25.2x144,25.2,144,-180,0,25.2000008,144
a28.8x144,28.8,144,-180,0,28.7999992,144
a32.4x144,32.4,144,-180,0,32.4000015,144
a36x144,36,144,-180,0,36,144
a39.6x144,39.6,144,-180,0,39.5999985,144
a43.2x144,43.2,144,-180,0,43.2000008,144
a46.8x144,46.8,144,-180,0,46.7999992,144
a50.4x144,50.4,144,-180,0,50.4000015,144
a54x144,54,144,-180,0,54,144
a57.6x144,57.6,144,-180,0,57.5999985,144
a61.2x144,61.2,144,-180,0,61.2000008,144
a64.8x144,64.8,144,-180,0,64.8000031,144
a68.4x144,68.4,144,-180,0,68.4000015,144
a72x144,72,144,-180,0,72,144
a75.6x144,75.6,144,-180,0,75.5999985,144
a79.2x144,79.2,144,-180,0,79.1999969,144
a82.8x144,82.8,144,-180,0,82.8000031,144
a86.4x144,86.4,144,-180,0,86.4000015,144
a90x144,90,144,-180,0,90,144
a93.6x144,93.6,144,-180,0,93.5999985,144
a97.2x144,97.2,144,-180,0,97.1999969,144
a100.8x144,100.8,144,-180,0,100.8000031,144
a104.4x144,104.4,144,-180,0,104.4000015,144
a108x144,108,144,-180,0,108,144
a111.6x144,111.6,144,-180,0,111.5999985,144
a115.2x144,115.2,144,-180,0,115.1999969,144
a118.8x144,118.8,144,-180,0,118.8000031,144
a122.4x144,122.4,144,-180,0,122.4000015,144
a126x144,126,144,-180,0,126,144
a129.6x144,129.6,144,-180,0,129.6000061,144
a133.2x144,133.2,144,-180,0,133.1999969,144
a136.8x144,136.8,144,-180,0,136.8000031,144
a140.4x144,140.4,144,-180,0,140.3999939,144
a144x144,144,144,-180,0,144,144
a147.6x144,147.6,144,-180,0,147.6000061,144
a151.2x144,151.2,144,-180,0,151.1999969,144
a154.8x144,154.8,144,-180,0,154.8000031,144
a158.4x144,158.4,144,-180,0,158.3999939,144
a162x144,162,144,-180,0,162,144
a165.6x144,165.6,144,-180,0,165.6000061,144
a169.2x144,169.2,144,-180,0,169.1999969,144
a172.8x144,172.8,144,-180,0,172.8000031,144
a176.4x144,176.4,144,-180,0,176.3999939,144
a-180x147.6,-180,147.6,-180,0,-180,147.6
a-176.4x147.6,-176.4,147.6,-180,0,-176.3999939,147.6
a-172.8x147.6,-172.8,147.6,-180,0,-172.8000031,147.6
a-169.2x147.6,-169.2,147.6,-180,0,-169.1999969,147.6
a-165.6x147.6,-165.6,147.6,-180,0,-165.6000061,147.6
a-162x147.6,-162,147.6,-180,0,-162,147.6
a-158.4x147.6,-158.4,147.6,-180,0,-158.3999939,147.6
a-154.8x147.6,-154.8,147.6,-180,0,-154.8000031,147.6
a-151.2x147.6,-151.2,147.6,-180,0,-151.1999969,147.6
a-147.6x147.6,-147.6,147.6,-180,0,-147.6000061,147.6
a-144x147.6,-144,147.6,-180,0,-144,147.6
a-140.4x147.6,-140.4,147.6,-180,0,-140.3999939,147.6
a-136.8x147.6,-136.8,147.6,-180,0,-136.8000031,147.6
a-133.2x147.6,-133.2,147.6,-180,0,-133.1999969,147.6
a-129.6x147.6,-129.6,147.6,-180,0,-129.6000061,147.6
a-126x147.6,-126,147.6,-180,0,-126,147.6
a-122.4x147.6,-122.4,147.6,-180,0,-122.4000015,147.6
a-118.8x147.6,-118.8,147.6,-180,0,-118.8000031,147.6
a-115.2x147.6,-115.2,147.6,-180,0,-115.1999969,147.6
a-111.6x147.6,-111.6,147.6,-180,0,-111.5999985,147.6
a-108x147.6,-108,147.6,-180,0,-108,147.6
a-104.4x147.6,-104.4,147.6,-180,0,-104.4000015,147.6
a-100.8x147.6,-100.8,147.6,-180,0,-100.8000031,147.6
a-97.2x147.6,-97.2,147.6,-180,0,-97.1999969,147.6
a-93.6x147.6,-93.6,147.6,-180,0,-93.5999985,147.6
a-90x147.6,-90,147.6,-180,0,-90,147.6
a-86.4x147.6,-86.4,147.6,-180,0,-86.4000015,147.6
a-82.8x147.6,-82.8,147.6,-180,0,-82.8000031,147.6
a-79.2x147.6,-79.2,147.6,-180,0,-79.1999969,147.6
a-75.6x147.6,-75.6,147.6,-180,0,-75.5999985,147.6
a-72x147.6,-72,147.6,-180,0,-72,147.6
a-68.4x147.6,-68.4,147.6,-180,0,-68.4000015,147.6
a-64.8x147.6,-64.8,147.6,-180,0,-64.8000031,147.6
a-61.2x147.6,-61.2,147.6,-180,0,-61.2000008,147.6
a-57.6x147.6,-57.6,147.6,-180,0,-57.5999985,147.6
a-54x147.6,-54,147.6,-180,0,-54,147.6
a-50.4x147.6,-50.4,147.6,-180,0,-50.4000015,147.6
a-46.8x147.6,-46.8,147.6,-180,0,-46.7999992,147.6
a-43.2x147.6,-43.2,147.6,-180,0,-43.2000008,147.6
a-39.6x147.6,-39.6,147.6,-180,0,-39.5999985,147.6
a-36x147.6,-36,147.6,-180,0,-36,147.6
a-32.4x147.6,-32.4,147.6,-180,0,-32.4000015,147.6
a-28.8x147.6,-28.8,147.6,-180,0,-28.7999992,147.6
a-25.2x147.6,-25.2,147.6,-180,0,-25.2000008,147.6
a-21.6x147.6,-21.6,147.6,-180,0,-21.6000004,147.6
a-18x147.6,-18,147.6,-180,0,-18,147.6
a-14.4x147.6,-14.4,147.6,-180,0,-14.3999996,147.6
a-10.8x147.6,-10.8,147.6,-180,0,-10.8000002,147.6
a-7.2x147.6,-7.2,147.6,-180,0,-7.1999998,147.6
a-3.6x147.6,-3.6,147.6,-180,0,-3.5999999,147.6
a0x147.6,0,147.6,-180,0,0,147.6
a3.6x147.6,3.6,147.6,-180,0,3.5999999,147.6
a7.2x147.6,7.2,147.6,-180,0,7.1999998,147.6
a10.8x147.6,10.8,147.6,-180,0,10.8000002,147.6
a14.4x147.6,14.4,147.6,-180,0,14.3999996,147.6
a18x147.6,18,147.6,-180,0,18,147.6
a21.6x147.6,21.6,147.6,-180,0,21.6000004,147.6
a25.2x147.6,25.2,147.6,-180,0,25.2000008,147.6
a28.8x147.6,28.8,147.6,-180,0,28.7999992,147.6
a32.4x147.6,32.4,147.6,-180,0,32.4000015,147.6
a36x147.6,36,147.6,-180,0,36,147.6
a39.6x147.6,39.6,147.6,-180,0,39.5999985,147.6
a43.2x147.6,43.2,147.6,-180,0,43.2000008,147.6
a46.8x147.6,46.8,147.6,-180,0,46.7999992,147.6
a50.4x147.6,50.4,147.6,-180,0,50.4000015,147.6
a54x147.6,54,147.6,-180,0,54,147.6
a57.6x147.6,57.6,147.6,-180,0,57.5999985,147.6
a61.2x147.6,61.2,147.6,-180,0,61.2000008,147.6
a64.8x147.6,64.8,147.6,-180,0,64.8000031,147.6
a68.4x147.6,68.4,147.6,-180,0,68.4000015,147.6
a72x147.6,72,147.6,-180,0,72,147.6
a75.6x147.6,75.6,147.6,-180,0,75.5999985,147.6
a79.2x147.6,79.2,147.6,-180,0,79.1999969,147.6
a82.8x147.6,82.8,147.6,-180,0,82.8000031,147.6
a86.4x147.6,86.4,147.6,-180,0,86.4000015,147.6
a90x147.6,90,147.6,-180,0,90,147.6
a93.6x147.6,93.6,147.6,-180,0,93.5999985,147.6
a97.2x147.6,97.2,147.6,-180,0,97.1999969,147.6
a100.8x147.6,100.8,147.6,-180,0,100.8000031,147.6
a104.4x147.6,104.4,147.6,-180,0,104.4000015,147.6
a108x147.6,108,147.6,-180,0,108,147.6
a111.6x147.6,111.6,147.6,-180,0,111.5999985,147.6
a115.2x147.6,115.2,147.6,-180,0,115.1999969,147.6
a118.8x147.6,118.8,147.6,-180,0,118.8000031,147.6
a122.4x147.6,122.4,147.6,-180,0,122.4000015,147.6
a126x147.6,126,147.6,-180,0,126,147.6
a129.6x147.6,129.6,147.6,-180,0,129.6000061,147.6
a133.2x147.6,133.2,147.6,-180,0,133.1999969,147.6
a136.8x147.6,136.8,147.6,-180,0,136.8000031,147.6
a140.4x147.6,140.4,147.6,-180,0,140.3999939,147.6
a144x147.6,144,147.6,-180,0,144,147.6
a147.6x147.6,147.6,147.6,-180,0,147.6000061,147.6
a151.2x147.6,151.2,147.6,-180,0,151.1999969,147.6
a154.8x147.6,154.8,147.6,-180,0,154.8000031,147.6
a158.4x147.6,158.4,147.6,-180,0,158.3999939,147.6
a162x147.6,162,147.6,-180,0,162,147.6
a165.6x147.6,165.6,147.6,-180,0,165.6000061,147.6
a169.2x147.6,169.2,147.6,-180,0,169.1999969,147.6
a172.8x147.6,172.8,147.6,-180,0,172.8000031,147.6
a176.4x147.6,176.4,147.6,-180,0,176.3999939,147.6
a-180x151.2,-180,151.2,-180,0,-180,151.2
a-176.4x151.2,-176.4,151.2,-180,0,-176.3999939,151.2
a-172.8x151.2,-172.8,151.2,-180,0,-172.8000031,151.2
a-169.2x151.2,-169.2,151.2,-180,0,-169.1999969,151.2
a-165.6x151.2,-165.6,151.2,-180,0,-165.6000061,151.2
a-162x151.2,-162,151.2,-180,0,-162,151.2
a-158.4x151.2,-158.4,151.2,-180,0,-158.3999939,151.2
a-154.8x151.2,-154.8,151.2,-180,0,-154.8000031,151.2
a-151.2x151.2,-151.2,151.2,-180,0,-151.1999969,151.2
a-147.6x151.2,-147.6,151.2,-180,0,-147.6000061,151.2
a-144x151.2,-144,151.2,-180,0,-144,151.2
a-140.4x151.2,-140.4,151.2,-180,0,-140.3999939,151.2
a-136.8x151.2,-136.8,151.2,-180,0,-136.8000031,151.2
a-133.2x151.2,-133.2,151.2,-180,0,-133.1999969,151.2
a-129.6x151.2,-129.6,151.2,-180,0,-129.6000061,151.2
a-126x151.2,-126,151.2,-180,0,-126,151.2
a-122.4x151.2,-122.4,151.2,-180,0,-122.4000015,151.2
a-118.8x151.2,-118.8,151.2,-180,0,-118.8000031,151.2
a-115.2x151.2,-115.2,151.2,-180,0,-115.1999969,151.2
a-111.6x151.2,-111.6,151.2,-180,0,-111.5999985,151.2
a-108x151.2,-108,151.2,-180,0,-108,151.2
a-104.4x151.2,-104.4,151.2,-180,0,-104.4000015,151.2
a-100.8x151.2,-100.8,151.2,-180,0,-100.8000031,151.2
a-97.2x151.2,-97.2,151.2,-180,0,-97.1999969,151.2
a-93.6x151.2,-93.6,151.2,-180,0,-93.5999985,151.2
a-90x151.2,-90,151.2,-180,0,-90,151.2
a-86.4x151.2,-86.4,151.2,-180,0,-86.4000015,151.2
a-82.8x151.2,-82.8,151.2,-180,0,-82.8000031,151.2
a-79.2x151.2,-79.2,151.2,-180,0,-79.1999969,151.2
a-75.6x151.2,-75.6,151.2,-180,0,-75.5999985,151.2
a-72x151.2,-72,151.2,-180,0,-72,151.2
a-68.4x151.2,-68.4,151.2,-180,0,-68.4000015,151.2
a-64.8x151.2,-64.8,151.2,-180,0,-64.8000031,151.2
a-61.2x151.2,-61.2,151.2,-180,0,-61.2000008,151.2
a-57.6x151.2,-57.6,151.2,-180,0,-57.5999985,151.2
a-54x151.2,-54,151.2,-180,0,-54,151.2
a-50.4x151.2,-50.4,151.2,-180,0,-50.4000015,151.2
a-46.8x151.2,-46.8,151.2,-180,0,-46.7999992,151.2
a-43.2x151.2,-43.2,151.2,-180,0,-43.2000008,151.2
a-39.6x151.2,-39.6,151.2,-180,0,-39.5999985,151.2
a-36x151.2,-36,151.2,-180,0,-36,151.2
a-32.4x151.2,-32.4,151.2,-180,0,-32.4000015,151.2
a-28.8x151.2,-28.8,151.2,-180,0,-28.7999992,151.2
a-25.2x151.2,-25.2,151.2,-180,0,-25.2000008,151.2
a-21.6x151.2,-21.6,151.2,-180,0,-21.6000004,151.2
a-18x151.2,-18,151.2,-180,0,-18,151.2
a-14.4x151.2,-14.4,151.2,-180,0,-14.3999996,151.2
a-10.8x151.2,-10.8,151.2,-180,0,-10.8000002,151.2
a-7.2x151.2,-7.2,151.2,-180,0,-7.1999998,151.2
a-3.6x151.2,-3.6,151.2,-180,0,-3.5999999,151.2
a0x151.2,0,151.2,-180,0,0,151.2
a3.6x151.2,3.6,151.2,-180,0,3.5999999,151.2
a7.2x151.2,7.2,151.2,-180,0,7.1999998,151.2
a10.8x151.2,10.8,151.2,-180,0,10.8000002,151.2
a14.4x151.2,14.4,151.2,-180,0,14.3999996,151.2
a18x151.2,18,151.2,-180,0,18,151.2
a21.6x151.2,21.6,151.2,-180,0,21.6000004,151.2
a25.2x151.2,25.2,151.2,-180,0,25.2000008,151.2
a28.8x151.2,28.8,151.2,-180,0,28.7999992,151.2
a32.4x151.2,32.4,151.2,-180,0,32.4000015,151.2
a36x151.2,36,151.2,-180,0,36,151.2
a39.6x151.2,39.6,151.2,-180,0,39.5999985,151.2
a43.2x151.2,43.2,151.2,-180,0,43.2000008,151.2
a46.8x151.2,46.8,151.2,-180,0,46.7999992,151.2
a50.4x151.2,50.4,151.2,-180,0,50.4000015,151.2
a54x151.2,54,151.2,-180,0,54,151.2
a57.6x151.2,57.6,151.2,-180,0,57.5999985,151.2
a61.2x151.2,61.2,151.2,-180,0,61.2000008,151.2
a64.8x151.2,64.8,151.2,-180,0,64.8000031,151.2
a68.4x151.2,68.4,151.2,-180,0,68.4000015,151.2
a72x151.2,72,151.2,-180,0,72,151.2
a75.6x151.2,75.6,151.2,-180,0,75.5999985,151.2
a79.2x151.2,79.2,151.2,-180,0,79.1999969,151.2
a82.8x151.2,82.8,151.2,-180,0,82.8000031,151.2
a86.4x151.2,86.4,151.2,-180,0,86.4000015,151.2
a90x151.2,90,151.2,-180,0,90,151.2
a93.6x151.2,93.6,151.2,-180,0,93.5999985,151.2
a97.2x151.2,97.2,151.2,-180,0,97.1999969,151.2
a100.8x151.2,100.8,151.2,-180,0,100.8000031,151.2
a104.4x151.2,104.4,151.2,-180,0,104.4000015,151.2
a108x151.2,108,151.2,-180,0,108,151.2
a111.6x151.2,111.6,151.2,-180,0,111.5999985,151.2
a115.2x151.2,115.2,151.2,-180,0,115.1999969,151.2
a118.8x151.2,118.8,151.2,-180,0,118.8000031,151.2
a122.4x151.2,122.4,151.2,-180,0,122.4000015,151.2
a126x151.2,126,151.2,-180,0,126,151.2
a129.6x151.2,129.6,151.2,-180,0,129.6000061,151.2
a133.2x151.2,133.2,151.2,-180,0,133.1999969,151.2
a136.8x151.2,136.8,151.2,-180,0,136.8000031,151.2
a140.4x151.2,140.4,151.2,-180,0,140.3999939,151.2
a144x151.2,144,151.2,-180,0,144,151.2
a147.6x151.2,147.6,151.2,-180,0,147.6000061,151.2
a151.2x151.2,151.2,151.2,-180,0,151.1999969,151.2
a154.8x151.2,154.8,151.2,-180,0,154.8000031,151.2
a158.4x151.2,158.4,151.2,-180,0,158.3999939,151.2
a162x151.2,162,151.2,-180,0,162,151.2
a165.6x151.2,165.6,151.2,-180,0,165.6000061,151.2
a169.2x151.2,169.2,151.2,-180,0,169.1999969,151.2
a172.8x151.2,172.8,151.2,-180,0,172.8000031,151.2
a176.4x151.2,176.4,151.2,-180,0,176.3999939,151.2
a-180x154.8,-180,154.8,-180,0,-180,154.8
a-176.4x154.8,-176.4,154.8,-180,0,-176.3999939,154.8
a-172.8x154.8,-172.8,154.8,-180,0,-172.8000031,154.8
a-169.2x154.8,-169.2,154.8,-180,0,-169.1999969,154.8
a-165.6x154.8,-165.6,154.8,-180,0,-165.6000061,154.8
a-162x154.8,-162,154.8,-180,0,-162,154.8
a-158.4x154.8,-158.4,154.8,-180,0,-158.3999939,154.8
a-154.8x154.8,-154.8,154.8,-180,0,-154.8000031,154.8
a-151.2x154.8,-151.2,154.8,-180,0,-151.1999969,154.8
a-147.6x154.8,-147.6,154.8,-180,0,-147.6000061,154.8
a-144x154.8,-144,154.8,-180,0,-144,154.8
a-140.4x154.8,-140.4,154.8,-180,0,-140.3999939,154.8
a-136.8x154.8,-136.8,154.8,-180,0,-136.8000031,154.8
a-133.2x154.8,-133.2,154.8,-180,0,-133.1999969,154.8
a-129.6x154.8,-129.6,154.8,-180,0,-129.6000061,154.8
a-126x154.8,-126,154.8,-180,0,-126,154.8
a-122.4x154.8,-122.4,154.8,-180,0,-122.4000015,154.8
a-118.8x154.8,-118.8,154.8,-180,0,-118.8000031,154.8
a-115.2x154.8,-115.2,154.8,-180,0,-115.1999969,154.8
a-111.6x154.8,-111.6,154.8,-180,0,-111.5999985,154.8
a-108x154.8,-108,154.8,-180,0,-108,154.8
a-104.4x154.8,-104.4,154.8,-180,0,-104.4000015,154.8
a-100.8x154.8,-100.8,154.8,-180,0,-100.8000031,154.8
a-97.2x154.8,-97.2,154.8,-180,0,-97.1999969,154.8
a-93.6x154.8,-93.6,154.8,-180,0,-93.5999985,154.8
a-90x154.8,-90,154.8,-180,0,-90,154.8
a-86.4x154.8,-86.4,154.8,-180,0,-86.4000015,154.8
a-82.8x154.8,-82.8,154.8,-180,0,-82.8000031,154.8
a-79.2x154.8,-79.2,154.8,-180,0,-79.1999969,154.8
a-75.6x154.8,-75.6,154.8,-180,0,-75.5999985,154.8
a-72x154.8,-72,154.8,-180,0,-72,154.8
a-68.4x154.8,-68.4,154.8,-180,0,-68.4000015,154.8
a-64.8x154.8,-64.8,154.8,-180,0,-64.8000031,154.8
a-61.2x154.8,-61.2,154.8,-180,0,-61.2000008,154.8
a-57.6x154.8,-57.6,154.8,-180,0,-57.5999985,154.8
a-54x154.8,-54,154.8,-180,0,-54,154.8
a-50.4x154.8,-50.4,154.8,-180,0,-50.4000015,154.8
a-46.8x154.8,-46.8,154.8,-180,0,-46.7999992,154.8
a-43.2x154.8,-43.2,154.8,-180,0,-43.2000008,154.8
a-39.6x154.8,-39.6,154.8,-180,0,-39.5999985,154.8
a-36x154.8,-36,154.8,-180,0,-36,154.8
a-32.4x154.8,-32.4,154.8,-180,0,-32.4000015,154.8
a-28.8x154.8,-28.8,154.8,-180,0,-28.7999992,154.8
a-25.2x154.8,-25.2,154.8,-180,0,-25.2000008,154.8
a-21.6x154.8,-21.6,154.8,-180,0,-21.6000004,154.8
a-18x154.8,-18,154.8,-180,0,-18,154.8
a-14.4x154.8,-14.4,154.8,-180,0,-14.3999996,154.8
a-10.8x154.8,-10.8,154.8,-180,0,-10.8000002,154.8
a-7.2x154.8,-7.2,154.8,-180,0,-7.1999998,154.8
a-3.6x154.8,-3.6,154.8,-180,0,-3.5999999,154.8
a0x154.8,0,154.8,-180,0,0,154.8
a3.6x154.8,3.6,154.8,-180,0,3.5999999,154.8
a7.2x154.8,7.2,154.8,-180,0,7.1999998,154.8
a10.8x154.8,10.8,154.8,-180,0,10.8000002,154.8
a14.4x154.8,14.4,154.8,-180,0,14.3999996,154.8
a18x154.8,18,154.8,-180,0,18,154.8
a21.6x154.8,21.6,154.8,-180,0,21.6000004,154.8
a25.2x154.8,25.2,154.8,-180,0,25.2000008,154.8
a28.8x154.8,28.8,154.8,-180,0,28.7999992,154.8
a32.4x154.8,32.4,154.8,-180,0,32.4000015,154.8
a36x154.8,36,154.8,-180,0,36,154.8
a39.6x154.8,39.6,154.8,-180,0,39.5999985,154.8
a43.2x154.8,43.2,154.8,-180,0,43.2000008,154.8
a46.8x154.8,46.8,154.8,-180,0,46.7999992,154.8
a50.4x154.8,50.4,154.8,-180,0,50.4000015,154.8
a54x154.8,54,154.8,-180,0,54,154.8
a57.6x154.8,57.6,154.8,-180,0,57.5999985,154.8
a61.2x154.8,61.2,154.8,-180,0,61.2000008,154.8
a64.8x154.8,64.8,154.8,-180,0,64.8000031,154.8
a68.4x154.8,68.4,154.8,-180,0,68.4000015,154.8
a72x154.8,72,154.8,-180,0,72,154.8
a75.6x154.8,75.6,154.8,-180,0,75.5999985,154.8
a79.2x154.8,79.2,154.8,-180,0,79.1999969,154.8
a82.8x154.8,82.8,154.8,-180,0,82.8000031,154.8
a86.4x154.8,86.4,154.8,-180,0,86.4000015,154.8
a90x154.8,90,154.8,-180,0,90,154.8
a93.6x154.8,93.6,154.8,-180,0,93.5999985,154.8
a97.2x154.8,97.2,154.8,-180,0,97.1999969,154.8
a100.8x154.8,100.8,154.8,-180,0,100.8000031,154.8
a104.4x154.8,104.4,154.8,-180,0,104.4000015,154.8
a108x154.8,108,154.8,-180,0,108,154.8
a111.6x154.8,111.6,154.8,-180,0,111.5999985,154.8
a115.2x154.8,115.2,154.8,-180,0,115.1999969,154.8
a118.8x154.8,118.8,154.8,-180,0,118.8000031,154.8
a122.4x154.8,122.4,154.8,-180,0,122.4000015,154.8
a126x154.8,126,154.8,-180,0,126,154.8
a129.6x154.8,129.6,154.8,-180,0,129.6000061,154.8
a133.2x154.8,133.2,154.8,-180,0,133.1999969,154.8
a136.8x154.8,136.8,154.8,-180,0,136.8000031,154.8
a140.4x154.8,140.4,154.8,-180,0,140.3999939,154.8
a144x154.8,144,154.8,-180,0,144,154.8
a147.6x154.8,147.6,154.8,-180,0,147.6000061,154.8
a151.2x154.8,151.2,154.8,-180,0,151.1999969,154.8
a154.8x154.8,154.8,154.8,-180,0,154.8000031,154.8
a158.4x154.8,158.4,154.8,-180,0,158.3999939,154.8
a162x154.8,162,154.8,-180,0,162,154.8
a165.6x154.8,165.6,154.8,-180,0,165.6000061,154.8
a169.2x154.8,169.2,154.8,-180,0,169.1999969,154.8
a172.8x154.8,172.8,154.8,-180,0,172.8000031,154.8
a176.4x154.8,176.4,154.8,-180,0,176.3999939,154.8
a-180x158.4,-180,158.4,-180,0,-180,158.4
a-176.4x158.4,-176.4,158.4,-180,0,-176.3999939,158.4
a-172.8x158.4,-172.8,158.4,-180,0,-172.8000031,158.4
a-169.2x158.4,-169.2,158.4,-180,0,-169.1999969,158.4
a-165.6x158.4,-165.6,158.4,-180,0,-165.6000061,158.4
a-162x158.4,-162,158.4,-180,0,-162,158.4
a-158.4x158.4,-158.4,158.4,-180,0,-158.3999939,158.4
a-154.8x158.4,-154.8,158.4,-180,0,-154.8000031,158.4
a-151.2x158.4,-151.2,158.4,-180,0,-151.1999969,158.4
a-147.6x158.4,-147.6,158.4,-180,0,-147.6000061,158.4
a-144x158.4,-144,158.4,-180,0,-144,158.4
a-140.4x158.4,-140.4,158.4,-180,0,-140.3999939,158.4
a-136.8x158.4,-136.8,158.4,-180,0,-136.8000031,158.4
a-133.2x158.4,-133.2,158.4,-180,0,-133.1999969,158.4
a-129.6x158.4,-129.6,158.4,-180,0,-129.6000061,158.4
a-126x158.4,-126,158.4,-180,0,-126,158.4
a-122.4x158.4,-122.4,158.4,-180,0,-122.4000015,158.4
a-118.8x158.4,-118.8,158.4,-180,0,-118.8000031,158.4
a-115.2x158.4,-115.2,158.4,-180,0,-115.1999969,158.4
a-111.6x158.4,-111.6,158.4,-180,0,-111.5999985,158.4
a-108x158.4,-108,158.4,-180,0,-108,158.4
a-104.4x158.4,-104.4,158.4,-180,0,-104.4000015,158.4
a-100.8x158.4,-100.8,158.4,-180,0,-100.8000031,158.4
a-97.2x158.4,-97.2,158.4,-180,0,-97.1999969,158.4
a-93.6x158.4,-93.6,158.4,-180,0,-93.5999985,158.4
a-90x158.4,-90,158.4,-180,0,-90,158.4
a-86.4x158.4,-86.4,158.4,-180,0,-86.4000015,158.4
a-82.8x158.4,-82.8,158.4,-180,0,-82.8000031,158.4
a-79.2x158.4,-79.2,158.4,-180,0,-79.1999969,158.4
a-75.6x158.4,-75.6,158.4,-180,0,-75.5999985,158.4
a-72x158.4,-72,158.4,-180,0,-72,158.4
a-68.4x158.4,-68.4,158.4,-180,0,-68.4000015,158.4
a-64.8x158.4,-64.8,158.4,-180,0,-64.8000031,158.4
a-61.2x158.4,-61.2,158.4,-180,0,-61.2000008,158.4
a-57.6x158.4,-57.6,158.4,-180,0,-57.5999985,158.4
a-54x158.4,-54,158.4,-180,0,-54,158.4
a-50.4x158.4,-50.4,158.4,-180,0,-50.4000015,158.4
a-46.8x158.4,-46.8,158.4,-180,0,-46.7999992,158.4
a-43.2x158.4,-43.2,158.4,-180,0,-43.2000008,158.4
a-39.6x158.4,-39.6,158.4,-180,0,-39.5999985,158.4
a-36x158.4,-36,158.4,-180,0,-36,158.4
a-32.4x158.4,-32.4,158.4,-180,0,-32.4000015,158.4
a-28.8x158.4,-28.8,158.4,-180,0,-28.7999992,158.4
a-25.2x158.4,-25.2,158.4,-180,0,-25.2000008,158.4
a-21.6x158.4,-21.6,158.4,-180,0,-21.6000004,158.4
a-18x158.4,-18,158.4,-180,0,-18,158.4
a-14.4x158.4,-14.4,158.4,-180,0,-14.3999996,158.4
a-10.8x158.4,-10.8,158.4,-180,0,-10.8000002,158.4
a-7.2x158.4,-7.2,158.4,-180,0,-7.1999998,158.4
a-3.6x158.4,-3.6,158.4,-180,0,-3.5999999,158.4
a0x158.4,0,158.4,-180,0,0,158.4
a3.6x158.4,3.6,158.4,-180,0,3.5999999,158.4
a7.2x158.4,7.2,158.4,-180,0,7.1999998,158.4
a10.8x158.4,10.8,158.4,-180,0,10.8000002,158.4
a14.4x158.4,14.4,158.4,-180,0,14.3999996,158.4
a18x158.4,18,158.4,-180,0,18,158.4
a21.6x158.4,21.6,158.4,-180,0,21.6000004,158.4
a25.2x158.4,25.2,158.4,-180,0,25.2000008,158.4
a28.8x158.4,28.8,158.4,-180,0,28.7999992,158.4
a32.4x158.4,32.4,158.4,-180,0,32.4000015,158.4
a36x158.4,36,158.4,-180,0,36,158.4
a39.6x158.4,39.6,158.4,-180,0,39.5999985,158.4
a43.2x158.4,43.2,158.4,-180,0,43.2000008,158.4
a46.8x158.4,46.8,158.4,-180,0,46.7999992,158.4
a50.4x158.4,50.4,158.4,-180,0,50.4000015,158.4
a54x158.4,54,158.4,-180,0,54,158.4
a57.6x158.4,57.6,158.4,-180,0,57.5999985,158.4
a61.2x158.4,61.2,158.4,-180,0,61.2000008,158.4
a64.8x158.4,64.8,158.4,-180,0,64.8000031,158.4
a68.4x158.4,68.4,158.4,-180,0,68.4000015,158.4
a72x158.4,72,158.4,-180,0,72,158.4
a75.6x158.4,75.6,158.4,-180,0,75.5999985,158.4
a79.2x158.4,79.2,158.4,-180,0,79.1999969,158.4
a82.8x158.4,82.8,158.4,-180,0,82.8000031,158.4
a86.4x158.4,86.4,158.4,-180,0,86.4000015,158.4
a90x158.4,90,158.4,-180,0,90,158.4
a93.6x158.4,93.6,158.4,-180,0,93.5999985,158.4
a97.2x158.4,97.2,158.4,-180,0,97.1999969,158.4
a100.8x158.4,100.8,158.4,-180,0,100.8000031,158.4
a104.4x158.4,104.4,158.4,-180,0,104.4000015,158.4
a108x158.4,108,158.4,-180,0,108,158.4
a111.6x158.4,111.6,158.4,-180,0,111.5999985,158.4
a115.2x158.4,115.2,158.4,-180,0,115.1999969,158.4
a118.8x158.4,118.8,158.4,-180,0,118.8000031,158.4
a122.4x158.4,122.4,158.4,-180,0,122.4000015,158.4
a126x158.4,126,158.4,-180,0,126,158.4
a129.6x158.4,129.6,158.4,-180,0,129.6000061,158.4
a133.2x158.4,133.2,158.4,-180,0,133.1999969,158.4
a136.8x158.4,136.8,158.4,-180,0,136.8000031,158.4
a140.4x158.4,140.4,158.4,-180,0,140.3999939,158.4
a144x158.4,144,158.4,-180,0,144,158.4
a147.6x158.4,147.6,158.4,-180,0,147.6000061,158.4
a151.2x158.4,151.2,158.4,-180,0,151.1999969,158.4
a154.8x158.4,154.8,158.4,-180,0,154.8000031,158.4
a158.4x158.4,158.4,158.4,-180,0,158.3999939,158.4
a162x158.4,162,158.4,-180,0,162,158.4
a165.6x158.4,165.6,158.4,-180,0,165.6000061,158.4
a169.2x158.4,169.2,158.4,-180,0,169.1999969,158.4
a172.8x158.4,172.8,158.4,-180,0,172.8000031,158.4
a176.4x158.4,176.4,158.4,-180,0,176.3999939,158.4
a-180x162,-180,162,-180,0,-180,162
a-176.4x162,-176.4,162,-180,0,-176.3999939,162
a-172.8x162,-172.8,162,-180,0,-172.8000031,162
a-169.2x162,-169.2,162,-180,0,-169.1999969,162
a-165.6x162,-165.6,162,-180,0,-165.6000061,162
a-162x162,-162,162,-180,0,-162,162
a-158.4x162,-158.4,162,-180,0,-158.3999939,162
a-154.8x162,-154.8,162,-180,0,-154.8000031,162
a-151.2x162,-151.2,162,-180,0,-151.1999969,162
a-147.6x162,-147.6,162,-180,0,-147.6000061,162
a-144x162,-144,162,-180,0,-144,162
a-140.4x162,-140.4,162,-180,0,-140.3999939,162
a-136.8x162,-136.8,162,-180,0,-136.8000031,162
a-133.2x162,-133.2,162,-180,0,-133.1999969,162
a-129.6x162,-129.6,162,-180,0,-129.6000061,162
a-126x162,-126,162,-180,0,-126,162
a-122.4x162,-122.4,162,-180,0,-122.4000015,162
a-118.8x162,-118.8,162,-180,0,-118.8000031,162
a-115.2x162,-115.2,162,-180,0,-115.1999969,162
a-111.6x162,-111.6,162,-180,0,-111.5999985,162
a-108x162,-108,162,-180,0,-108,162
a-104.4x162,-104.4,162,-180,0,-104.4000015,162
a-100.8x162,-100.8,162,-180,0,-100.8000031,162
a-97.2x162,-97.2,162,-180,0,-97.1999969,162
a-93.6x162,-93.6,162,-180,0,-93.5999985,162
a-90x162,-90,162,-180,0,-90,162
a-86.4x162,-86.4,162,-180,0,-86.4000015,162
a-82.8x162,-82.8,162,-180,0,-82.8000031,162
a-79.2x162,-79.2,162,-180,0,-79.1999969,162
a-75.6x162,-75.6,162,-180,0,-75.5999985,162
a-72x162,-72,162,-180,0,-72,162
a-68.4x162,-68.4,162,-180,0,-68.4000015,162
a-64.8x162,-64.8,162,-180,0,-64.8000031,162
a-61.2x162,-61.2,162,-180,0,-61.2000008,162
a-57.6x162,-57.6,162,-180,0,-57.5999985,162
a-54x162,-54,162,-180,0,-54,162
a-50.4x162,-50.4,162,-180,0,-50.4000015,162
a-46.8x162,-46.8,162,-180,0,-46.7999992,162
a-43.2x162,-43.2,162,-180,0,-43.2000008,162
a-39.6x162,-39.6,162,-180,0,-39.5999985,162
a-36x162,-36,162,-180,0,-36,162
a-32.4x162,-32.4,162,-180,0,-32.4000015,162
a-28.8x162,-28.8,162,-180,0,-28.7999992,162
a-25.2x162,-25.2,162,-180,0,-25.2000008,162
a-21.6x162,-21.6,162,-180,0,-21.6000004,162
a-18x162,-18,162,-180,0,-18,162
a-14.4x162,-14.4,162,-180,0,-14.3999996,162
a-10.8x162,-10.8,162,-180,0,-10.8000002,162
a-7.2x162,-7.2,162,-180,0,-7.1999998,162
a-3.6x162,-3.6,162,-180,0,-3.5999999,162
a0x162,0,162,-180,0,0,162
a3.6x162,3.6,162,-180,0,3.5999999,162
a7.2x162,7.2,162,-180,0,7.1999998,162
a10.8x162,10.8,162,-180,0,10.8000002,162
a14.4x162,14.4,162,-180,0,14.3999996,162
a18x162,18,162,-180,0,18,162
a21.6x162,21.6,162,-180,0,21.6000004,162
a25.2x162,25.2,162,-180,0,25.2000008,162
a28.8x162,28.8,162,-180,0,28.7999992,162
a32.4x162,32.4,162,-180,0,32.4000015,162
a36x162,36,162,-180,0,36,162
a39.6x162,39.6,162,-180,0,39.5999985,162
a43.2x162,43.2,162,-180,0,43.2000008,162
a46.8x162,46.8,162,-180,0,46.7999992,162
a50.4x162,50.4,162,-180,0,50.4000015,162
a54x162,54,162,-180,0,54,162
a57.6x162,57.6,162,-180,0,57.5999985,162
a61.2x162,61.2,162,-180,0,61.2000008,162
a64.8x162,64.8,162,-180,0,64.8000031,162
a68.4x162,68.4,162,-180,0,68.4000015,162
a72x162,72,162,-180,0,72,162
a75.6x162,75.6,162,-180,0,75.5999985,162
a79.2x162,79.2,162,-180,0,79.1999969,162
a82.8x162,82.8,162,-180,0,82.8000031,162
a86.4x162,86.4,162,-180,0,86.4000015,162
a90x162,90,162,-180,0,90,162
a93.6x162,93.6,162,-180,0,93.5999985,162
a97.2x162,97.2,162,-180,0,97.1999969,162
a100.8x162,100.8,162,-180,0,100.8000031,162
a104.4x162,104.4,162,-180,0,104.4000015,162
a108x162,108,162,-180,0,108,162
a111.6x162,111.6,162,-180,0,111.5999985,162
a115.2x162,115.2,162,-180,0,115.1999969,162
a118.8x162,118.8,162,-180,0,118.8000031,162
a122.4x162,122.4,162,-180,0,122.4000015,162
a126x162,126,162,-180,0,126,162
a129.6x162,129.6,162,-180,0,129.6000061,162
a133.2x162,133.2,162,-180,0,133.1999969,162
a136.8x162,136.8,162,-180,0,136.8000031,162
a140.4x162,140.4,162,-180,0,140.3999939,162
a144x162,144,162,-180,0,144,162
a147.6x162,147.6,162,-180,0,147.6000061,162
a151.2x162,151.2,162,-180,0,151.1999969,162
a154.8x162,154.8,162,-180,0,154.8000031,162
a158.4x162,158.4,162,-180,0,158.3999939,162
a162x162,162,162,-180,0,162,162
a165.6x162,165.6,162,-180,0,165.6000061,162
a169.2x162,169.2,162,-180,0,169.1999969,162
a172.8x162,172.8,162,-180,0,172.8000031,162
a176.4x162,176.4,162,-180,0,176.3999939,162
a-180x165.6,-180,165.6,-180,0,-180,165.6
a-176.4x165.6,-176.4,165.6,-180,0,-176.3999939,165.6
a-172.8x165.6,-172.8,165.6,-180,0,-172.8000031,165.6
a-169.2x165.6,-169.2,165.6,-180,0,-169.1999969,165.6
a-165.6x165.6,-165.6,165.6,-180,0,-165.6000061,165.6
a-162x165.6,-162,165.6,-180,0,-162,165.6
a-158.4x165.6,-158.4,165.6,-180,0,-158.3999939,165.6
a-154.8x165.6,-154.8,165.6,-180,0,-154.8000031,165.6
a-151.2x165.6,-151.2,165.6,-180,0,-151.1999969,165.6
a-147.6x165.6,-147.6,165.6,-180,0,-147.6000061,165.6
a-144x165.6,-144,165.6,-180,0,-144,165.6
a-140.4x165.6,-140.4,165.6,-180,0,-140.3999939,165.6
a-136.8x165.6,-136.8,165.6,-180,0,-136.8000031,165.6
a-133.2x165.6,-133.2,165.6,-180,0,-133.1999969,165.6
a-129.6x165.6,-129.6,165.6,-180,0,-129.6000061,165.6
a-126x165.6,-126,165.6,-180,0,-126,165.6
a-122.4x165.6,-122.4,165.6,-180,0,-122.4000015,165.6
a-118.8x165.6,-118.8,165.6,-180,0,-118.8000031,165.6
a-115.2x165.6,-115.2,165.6,-180,0,-115.1999969,165.6
a-111.6x165.6,-111.6,165.6,-180,0,-111.5999985,165.6
a-108x165.6,-108,165.6,-180,0,-108,165.6
a-104.4x165.6,-104.4,165.6,-180,0,-104.4000015,165.6
a-100.8x165.6,-100.8,165.6,-180,0,-100.8000031,165.6
a-97.2x165.6,-97.2,165.6,-180,0,-97.1999969,165.6
a-93.6x165.6,-93.6,165.6,-180,0,-93.5999985,165.6
a-90x165.6,-90,165.6,-180,0,-90,165.6
a-86.4x165.6,-86.4,165.6,-180,0,-86.4000015,165.6
a-82.8x165.6,-82.8,165.6,-180,0,-82.8000031,165.6
a-79.2x165.6,-79.2,165.6,-180,0,-79.1999969,165.6
a-75.6x165.6,-75.6,165.6,-180,0,-75.5999985,165.6
a-72x165.6,-72,165.6,-180,0,-72,165.6
a-68.4x165.6,-68.4,165.6,-180,0,-68.4000015,165.6
a-64.8x165.6,-64.8,165.6,-180,0,-64.8000031,165.6
a-61.2x165.6,-61.2,165.6,-180,0,-61.2000008,165.6
a-57.6x165.6,-57.6,165.6,-180,0,-57.5999985,165.6
a-54x165.6,-54,165.6,-180,0,-54,165.6
a-50.4x165.6,-50.4,165.6,-180,0,-50.4000015,165.6
a-46.8x165.6,-46.8,165.6,-180,0,-46.7999992,165.6
a-43.2x165.6,-43.2,165.6,-180,0,-43.2000008,165.6
a-39.6x165.6,-39.6,165.6,-180,0,-39.5999985,165.6
a-36x165.6,-36,165.6,-180,0,-36,165.6
a-32.4x165.6,-32.4,165.6,-180,0,-32.4000015,165.6
a-28.8x165.6,-28.8,165.6,-180,0,-28.7999992,165.6
a-25.2x165.6,-25.2,165.6,-180,0,-25.2000008,165.6
a-21.6x165.6,-21.6,165.6,-180,0,-21.6000004,165.6
a-18x165.6,-18,165.6,-180,0,-18,165.6
a-14.4x165.6,-14.4,165.6,-180,0,-14.3999996,165.6
a-10.8x165.6,-10.8,165.6,-180,0,-10.8000002,165.6
a-7.2x165.6,-7.2,165.6,-180,0,-7.1999998,165.6
a-3.6x165.6,-3.6,165.6,-180,0,-3.5999999,165.6
a0x165.6,0,165.6,-180,0,0,165.6
a3.6x165.6,3.6,165.6,-180,0,3.5999999,165.6
a7.2x165.6,7.2,165.6,-180,0,7.1999998,165.6
a10.8x165.6,10.8,165.6,-180,0,10.8000002,165.6
a14.4x165.6,14.4,165.6,-180,0,14.3999996,165.6
a18x165.6,18,165.6,-180,0,18,165.6
a21.6x165.6,21.6,165.6,-180,0,21.6000004,165.6
a25.2x165.6,25.2,165.6,-180,0,25.2000008,165.6
a28.8x165.6,28.8,165.6,-180,0,28.7999992,165.6
a32.4x165.6,32.4,165.6,-180,0,32.4000015,165.6
a36x165.6,36,165.6,-180,0,36,165.6
a39.6x165.6,39.6,165.6,-180,0,39.5999985,165.6
a43.2x165.6,43.2,165.6,-180,0,43.2000008,165.6
a46.8x165.6,46.8,165.6,-180,0,46.7999992,165.6
a50.4x165.6,50.4,165.6,-180,0,50.4000015,165.6
a54x165.6,54,165.6,-180,0,54,165.6
a57.6x165.6,57.6,165.6,-180,0,57.5999985,165.6
a61.2x165.6,61.2,165.6,-180,0,61.2000008,165.6
a64.8x165.6,64.8,165.6,-180,0,64.8000031,165.6
a68.4x165.6,68.4,165.6,-180,0,68.4000015,165.6
a72x165.6,72,165.6,-180,0,72,165.6
a75.6x165.6,75.6,165.6,-180,0,75.5999985,165.6
a79.2x165.6,79.2,165.6,-180,0,79.1999969,165.6
a82.8x165.6,82.8,165.6,-180,0,82.8000031,165.6
a86.4x165.6,86.4,165.6,-180,0,86.4000015,165.6
a90x165.6,90,165.6,-180,0,90,165.6
a93.6x165.6,93.6,165.6,-180,0,93.5999985,165.6
a97.2x165.6,97.2,165.6,-180,0,97.1999969,165.6
a100.8x165.6,100.8,165.6,-180,0,100.8000031,165.6
a104.4x165.6,104.4,165.6,-180,0,104.4000015,165.6
a108x165.6,108,165.6,-180,0,108,165.6
a111.6x165.6,111.6,165.6,-180,0,111.5999985,165.6
a115.2x165.6,115.2,165.6,-180,0,115.1999969,165.6
a118.8x165.6,118.8,165.6,-180,0,118.8000031,165.6
a122.4x165.6,122.4,165.6,-180,0,122.4000015,165.6
a126x165.6,126,165.6,-180,0,126,165.6
a129.6x165.6,129.6,165.6,-180,0,129.6000061,165.6
a133.2x165.6,133.2,165.6,-180,0,133.1999969,165.6
a136.8x165.6,136.8,165.6,-180,0,136.8000031,165.6
a140.4x165.6,140.4,165.6,-180,0,140.3999939,165.6
a144x165.6,144,165.6,-180,0,144,165.6
a147.6x165.6,147.6,165.6,-180,0,147.6000061,165.6
a151.2x165.6,151.2,165.6,-180,0,151.1999969,165.6
a154.8x165.6,154.8,165.6,-180,0,154.8000031,165.6
a158.4x165.6,158.4,165.6,-180,0,158.3999939,165.6
a162x165.6,162,165.6,-180,0,162,165.6
a165.6x165.6,165.6,165.6,-180,0,165.6000061,165.6
a169.2x165.6,169.2,165.6,-180,0,169.1999969,165.6
a172.8x165.6,172.8,165.6,-180,0,172.8000031,165.6
a176.4x165.6,176.4,165.6,-180,0,176.3999939,165.6
a-180x169.2,-180,169.2,-180,0,-180,169.2
a-176.4x169.2,-176.4,169.2,-180,0,-176.3999939,169.2
a-172.8x169.2,-172.8,169.2,-180,0,-172.8000031,169.2
a-169.2x169.2,-169.2,169.2,-180,0,-169.1999969,169.2
a-165.6x169.2,-165.6,169.2,-180,0,-165.6000061,169.2
a-162x169.2,-162,169.2,-180,0,-162,169.2
a-158.4x169.2,-158.4,169.2,-180,0,-158.3999939,169.2
a-154.8x169.2,-154.8,169.2,-180,0,-154.8000031,169.2
a-151.2x169.2,-151.2,169.2,-180,0,-151.1999969,169.2
a-147.6x169.2,-147.6,169.2,-180,0,-147.6000061,169.2
a-144x169.2,-144,169.2,-180,0,-144,169.2
a-140.4x169.2,-140.4,169.2,-180,0,-140.3999939,169.2
a-136.8x169.2,-136.8,169.2,-180,0,-136.8000031,169.2
a-133.2x169.2,-133.2,169.2,-180,0,-133.1999969,169.2
a-129.6x169.2,-129.6,169.2,-180,0,-129.6000061,169.2
a-126x169.2,-126,169.2,-180,0,-126,169.2
a-122.4x169.2,-122.4,169.2,-180,0,-122.4000015,169.2
a-118.8x169.2,-118.8,169.2,-180,0,-118.8000031,169.2
a-115.2x169.2,-115.2,169.2,-180,0,-115.1999969,169.2
a-111.6x169.2,-111.6,169.2,-180,0,-111.5999985,169.2
a-108x169.2,-108,169.2,-180,0,-108,169.2
a-104.4x169.2,-104.4,169.2,-180,0,-104.4000015,169.2
a-100.8x169.2,-100.8,169.2,-180,0,-100.8000031,169.2
a-97.2x169.2,-97.2,169.2,-180,0,-97.1999969,169.2
a-93.6x169.2,-93.6,169.2,-180,0,-93.5999985,169.2
a-90x169.2,-90,169.2,-180,0,-90,169.2
a-86.4x169.2,-86.4,169.2,-180,0,-86.4000015,169.2
a-82.8x169.2,-82.8,169.2,-180,0,-82.8000031,169.2
a-79.2x169.2,-79.2,169.2,-180,0,-79.1999969,169.2
a-75.6x169.2,-75.6,169.2,-180,0,-75.5999985,169.2
a-72x169.2,-72,169.2,-180,0,-72,169.2
a-68.4x169.2,-68.4,169.2,-180,0,-68.4000015,169.2
a-64.8x169.2,-64.8,169.2,-180,0,-64.8000031,169.2
a-61.2x169.2,-61.2,169.2,-180,0,-61.2000008,169.2
a-57.6x169.2,-57.6,169.2,-180,0,-57.5999985,169.2
a-54x169.2,-54,169.2,-180,0,-54,169.2
a-50.4x169.2,-50.4,169.2,-180,0,-50.4000015,169.2
a-46.8x169.2,-46.8,169.2,-180,0,-46.7999992,169.2
a-43.2x169.2,-43.2,169.2,-180,0,-43.2000008,169.2
a-39.6x169.2,-39.6,169.2,-180,0,-39.5999985,169.2
a-36x169.2,-36,169.2,-180,0,-36,169.2
a-32.4x169.2,-32.4,169.2,-180,0,-32.4000015,169.2
a-28.8x169.2,-28.8,169.2,-180,0,-28.7999992,169.2
a-25.2x169.2,-25.2,169.2,-180,0,-25.2000008,169.2
a-21.6x169.2,-21.6,169.2,-180,0,-21.6000004,169.2
a-18x169.2,-18,169.2,-180,0,-18,169.2
a-14.4x169.2,-14.4,169.2,-180,0,-14.3999996,169.2
a-10.8x169.2,-10.8,169.2,-180,0,-10.8000002,169.2
a-7.2x169.2,-7.2,169.2,-180,0,-7.1999998,169.2
a-3.6x169.2,-3.6,169.2,-180,0,-3.5999999,169.2
a0x169.2,0,169.2,-180,0,0,169.2
a3.6x169.2,3.6,169.2,-180,0,3.5999999,169.2
a7.2x169.2,7.2,169.2,-180,0,7.1999998,169.2
a10.8x169.2,10.8,169.2,-180,0,10.8000002,169.2
a14.4x169.2,14.4,169.2,-180,0,14.3999996,169.2
a18x169.2,18,169.2,-180,0,18,169.2
a21.6x169.2,21.6,169.2,-180,0,21.6000004,169.2
a25.2x169.2,25.2,169.2,-180,0,25.2000008,169.2
a28.8x169.2,28.8,169.2,-180,0,28.7999992,169.2
a32.4x169.2,32.4,169.2,-180,0,32.4000015,169.2
a36x169.2,36,169.2,-180,0,36,169.2
a39.6x169.2,39.6,169.2,-180,0,39.5999985,169.2
a43.2x169.2,43.2,169.2,-180,0,43.2000008,169.2
a46.8x169.2,46.8,169.2,-180,0,46.7999992,169.2
a50.4x169.2,50.4,169.2,-180,0,50.4000015,169.2
a54x169.2,54,169.2,-180,0,54,169.2
a57.6x169.2,57.6,169.2,-180,0,57.5999985,169.2
a61.2x169.2,61.2,169.2,-180,0,61.2000008,169.2
a64.8x169.2,64.8,169.2,-180,0,64.8000031,169.2
a68.4x169.2,68.4,169.2,-180,0,68.4000015,169.2
a72x169.2,72,169.2,-180,0,72,169.2
a75.6x169.2,75.6,169.2,-180,0,75.5999985,169.2
a79.2x169.2,79.2,169.2,-180,0,79.1999969,169.2
a82.8x169.2,82.8,169.2,-180,0,82.8000031,169.2
a86.4x169.2,86.4,169.2,-180,0,86.4000015,169.2
a90x169.2,90,169.2,-180,0,90,169.2
a93.6x169.2,93.6,169.2,-180,0,93.5999985,169.2
a97.2x169.2,97.2,169.2,-180,0,97.1999969,169.2
a100.8x169.2,100.8,169.2,-180,0,100.8000031,169.2
a104.4x169.2,104.4,169.2,-180,0,104.4000015,169.2
a108x169.2,108,169.2,-180,0,108,169.2
a111.6x169.2,111.6,169.2,-180,0,111.5999985,169.2
a115.2x169.2,115.2,169.2,-180,0,115.1999969,169.2
a118.8x169.2,118.8,169.2,-180,0,118.8000031,169.2
a122.4x169.2,122.4,169.2,-180,0,122.4000015,169.2
a126x169.2,126,169.2,-180,0,126,169.2
a129.6x169.2,129.6,169.2,-180,0,129.6000061,169.2
a133.2x169.2,133.2,169.2,-180,0,133.1999969,169.2
a136.8x169.2,136.8,169.2,-180,0,136.8000031,169.2
a140.4x169.2,140.4,169.2,-180,0,140.3999939,169.2
a144x169.2,144,169.2,-180,0,144,169.2
a147.6x169.2,147.6,169.2,-180,0,147.6000061,169.2
a151.2x169.2,151.2,169.2,-180,0,151.1999969,169.2
a154.8x169.2,154.8,169.2,-180,0,154.8000031,169.2
a158.4x169.2,158.4,169.2,-180,0,158.3999939,169.2
a162x169.2,162,169.2,-180,0,162,169.2
a165.6x169.2,165.6,169.2,-180,0,165.6000061,169.2
a169.2x169.2,169.2,169.2,-180,0,169.1999969,169.2
a172.8x169.2,172.8,169.2,-180,0,172.8000031,169.2
a176.4x169.2,176.4,169.2,-180,0,176.3999939,169.2
a-180x172.8,-180,172.8,-180,0,-180,172.8
a-176.4x172.8,-176.4,172.8,-180,0,-176.3999939,172.8
a-172.8x172.8,-172.8,172.8,-180,0,-172.8000031,172.8
a-169.2x172.8,-169.2,172.8,-180,0,-169.1999969,172.8
a-165.6x172.8,-165.6,172.8,-180,0,-165.6000061,172.8
a-162x172.8,-162,172.8,-180,0,-162,172.8
a-158.4x172.8,-158.4,172.8,-180,0,-158.3999939,172.8
a-154.8x172.8,-154.8,172.8,-180,0,-154.8000031,172.8
a-151.2x172.8,-151.2,172.8,-180,0,-151.1999969,172.8
a-147.6x172.8,-147.6,172.8,-180,0,-147.6000061,172.8
a-144x172.8,-144,172.8,-180,0,-144,172.8
a-140.4x172.8,-140.4,172.8,-180,0,-140.3999939,172.8
a-136.8x172.8,-136.8,172.8,-180,0,-136.8000031,172.8
a-133.2x172.8,-133.2,172.8,-180,0,-133.1999969,172.8
a-129.6x172.8,-129.6,172.8,-180,0,-129.6000061,172.8
a-126x172.8,-126,172.8,-180,0,-126,172.8
a-122.4x172.8,-122.4,172.8,-180,0,-122.4000015,172.8
a-118.8x172.8,-118.8,172.8,-180,0,-118.8000031,172.8
a-115.2x172.8,-115.2,172.8,-180,0,-115.1999969,172.8
a-111.6x172.8,-111.6,172.8,-180,0,-111.5999985,172.8
a-108x172.8,-108,172.8,-180,0,-108,172.8
a-104.4x172.8,-104.4,172.8,-180,0,-104.4000015,172.8
a-100.8x172.8,-100.8,172.8,-180,0,-100.8000031,172.8
a-97.2x172.8,-97.2,172.8,-180,0,-97.1999969,172.8
a-93.6x172.8,-93.6,172.8,-180,0,-93.5999985,172.8
a-90x172.8,-90,172.8,-180,0,-90,172.8
a-86.4x172.8,-86.4,172.8,-180,0,-86.4000015,172.8
a-82.8x172.8,-82.8,172.8,-180,0,-82.8000031,172.8
a-79.2x172.8,-79.2,172.8,-180,0,-79.1999969,172.8
a-75.6x172.8,-75.6,172.8,-180,0,-75.5999985,172.8
a-72x172.8,-72,172.8,-180,0,-72,172.8
a-68.4x172.8,-68.4,172.8,-180,0,-68.4000015,172.8
a-64.8x172.8,-64.8,172.8,-180,0,-64.8000031,172.8
a-61.2x172.8,-61.2,172.8,-180,0,-61.2000008,172.8
a-57.6x172.8,-57.6,172.8,-180,0,-57.5999985,172.8
a-54x172.8,-54,172.8,-180,0,-54,172.8
a-50.4x172.8,-50.4,172.8,-180,0,-50.4000015,172.8
a-46.8x172.8,-46.8,172.8,-180,0,-46.7999992,172.8
a-43.2x172.8,-43.2,172.8,-180,0,-43.2000008,172.8
a-39.6x172.8,-39.6,172.8,-180,0,-39.5999985,172.8
a-36x172.8,-36,172.8,-180,0,-36,172.8
a-32.4x172.8,-32.4,172.8,-180,0,-32.4000015,172.8
a-28.8x172.8,-28.8,172.8,-180,0,-28.7999992,172.8
a-25.2x172.8,-25.2,172.8,-180,0,-25.2000008,172.8
a-21.6x172.8,-21.6,172.8,-180,0,-21.6000004,172.8
a-18x172.8,-18,172.8,-180,0,-18,172.8
a-14.4x172.8,-14.4,172.8,-180,0,-14.3999996,172.8
a-10.8x172.8,-10.8,172.8,-180,0,-10.8000002,172.8
a-7.2x172.8,-7.2,172.8,-180,0,-7.1999998,172.8
a-3.6x172.8,-3.6,172.8,-180,0,-3.5999999,172.8
a0x172.8,0,172.8,-180,0,0,172.8
a3.6x172.8,3.6,172.8,-180,0,3.5999999,172.8
a7.2x172.8,7.2,172.8,-180,0,7.1999998,172.8
a10.8x172.8,10.8,172.8,-180,0,10.8000002,172.8
a14.4x172.8,14.4,172.8,-180,0,14.3999996,172.8
a18x172.8,18,172.8,-180,0,18,172.8
a21.6x172.8,21.6,172.8,-180,0,21.6000004,172.8
a25.2x172.8,25.2,172.8,-180,0,25.2000008,172.8
a28.8x172.8,28.8,172.8,-180,0,28.7999992,172.8
a32.4x172.8,32.4,172.8,-180,0,32.4000015,172.8
a36x172.8,36,172.8,-180,0,36,172.8
a39.6x172.8,39.6,172.8,-180,0,39.5999985,172.8
a43.2x172.8,43.2,172.8,-180,0,43.2000008,172.8
a46.8x172.8,46.8,172.8,-180,0,46.7999992,172.8
a50.4x172.8,50.4,172.8,-180,0,50.4000015,172.8
a54x172.8,54,172.8,-180,0,54,172.8
a57.6x172.8,57.6,172.8,-180,0,57.5999985,172.8
a61.2x172.8,61.2,172.8,-180,0,61.2000008,172.8
a64.8x172.8,64.8,172.8,-180,0,64.8000031,172.8
a68.4x172.8,68.4,172.8,-180,0,68.4000015,172.8
a72x172.8,72,172.8,-180,0,72,172.8
a75.6x172.8,75.6,172.8,-180,0,75.5999985,172.8
a79.2x172.8,79.2,172.8,-180,0,79.1999969,172.8
a82.8x172.8,82.8,172.8,-180,0,82.8000031,172.8
a86.4x172.8,86.4,172.8,-180,0,86.4000015,172.8
a90x172.8,90,172.8,-180,0,90,172.8
a93.6x172.8,93.6,172.8,-180,0,93.5999985,172.8
a97.2x172.8,97.2,172.8,-180,0,97.1999969,172.8
a100.8x172.8,100.8,172.8,-180,0,100.8000031,172.8
a104.4x172.8,104.4,172.8,-180,0,104.4000015,172.8
a108x172.8,108,172.8,-180,0,108,172.8
a111.6x172.8,111.6,172.8,-180,0,111.5999985,172.8
a115.2x172.8,115.2,172.8,-180,0,115.1999969,172.8
a118.8x172.8,118.8,172.8,-180,0,118.8000031,172.8
a122.4x172.8,122.4,172.8,-180,0,122.4000015,172.8
a126x172.8,126,172.8,-180,0,126,172.8
a129.6x172.8,129.6,172.8,-180,0,129.6000061,172.8
a133.2x172.8,133.2,172.8,-180,0,133.1999969,172.8
a136.8x172.8,136.8,172.8,-180,0,136.8000031,172.8
a140.4x172.8,140.4,172.8,-180,0,140.3999939,172.8
a144x172.8,144,172.8,-180,0,144,172.8
a147.6x172.8,147.6,172.8,-180,0,147.6000061,172.8
a151.2x172.8,151.2,172.8,-180,0,151.1999969,172.8
a154.8x172.8,154.8,172.8,-180,0,154.8000031,172.8
a158.4x172.8,158.4,172.8,-180,0,158.3999939,172.8
a162x172.8,162,172.8,-180,0,162,172.8
a165.6x172.8,165.6,172.8,-180,0,165.6000061,172.8
a169.2x172.8,169.2,172.8,-180,0,169.1999969,172.8
a172.8x172.8,172.8,172.8,-180,0,172.8000031,172.8
a176.4x172.8,176.4,172.8,-180,0,176.3999939,172.8
a-180x176.4,-180,176.4,-180,0,-180,176.4
a-176.4x176.4,-176.4,176.4,-180,0,-176.3999939,176.4
a-172.8x176.4,-172.8,176.4,-180,0,-172.8000031,176.4
a-169.2x176.4,-169.2,176.4,-180,0,-169.1999969,176.4
a-165.6x176.4,-165.6,176.4,-180,0,-165.6000061,176.4
a-162x176.4,-162,176.4,-180,0,-162,176.4
a-158.4x176.4,-158.4,176.4,-180,0,-158.3999939,176.4
a-154.8x176.4,-154.8,176.4,-180,0,-154.8000031,176.4
a-151.2x176.4,-151.2,176.4,-180,0,-151.1999969,176.4
a-147.6x176.4,-147.6,176.4,-180,0,-147.6000061,176.4
a-144x176.4,-144,176.4,-180,0,-144,176.4
a-140.4x176.4,-140.4,176.4,-180,0,-140.3999939,176.4
a-136.8x176.4,-136.8,176.4,-180,0,-136.8000031,176.4
a-133.2x176.4,-133.2,176.4,-180,0,-133.1999969,176.4
a-129.6x176.4,-129.6,176.4,-180,0,-129.6000061,176.4
a-126x176.4,-126,176.4,-180,0,-126,176.4
a-122.4x176.4,-122.4,176.4,-180,0,-122.4000015,176.4
a-118.8x176.4,-118.8,176.4,-180,0,-118.8000031,176.4
a-115.2x176.4,-115.2,176.4,-180,0,-115.1999969,176.4
a-111.6x176.4,-111.6,176.4,-180,0,-111.5999985,176.4
a-108x176.4,-108,176.4,-180,0,-108,176.4
a-104.4x176.4,-104.4,176.4,-180,0,-104.4000015,176.4
a-100.8x176.4,-100.8,176.4,-180,0,-100.8000031,176.4
a-97.2x176.4,-97.2,176.4,-180,0,-97.1999969,176.4
a-93.6x176.4,-93.6,176.4,-180,0,-93.5999985,176.4
a-90x176.4,-90,176.4,-180,0,-90,176.4
a-86.4x176.4,-86.4,176.4,-180,0,-86.4000015,176.4
a-82.8x176.4,-82.8,176.4,-180,0,-82.8000031,176.4
a-79.2x176.4,-79.2,176.4,-180,0,-79.1999969,176.4
a-75.6x176.4,-75.6,176.4,-180,0,-75.5999985,176.4
a-72x176.4,-72,176.4,-180,0,-72,176.4
a-68.4x176.4,-68.4,176.4,-180,0,-68.4000015,176.4
a-64.8x176.4,-64.8,176.4,-180,0,-64.8000031,176.4
a-61.2x176.4,-61.2,176.4,-180,0,-61.2000008,176.4
a-57.6x176.4,-57.6,176.4,-180,0,-57.5999985,176.4
a-54x176.4,-54,176.4,-180,0,-54,176.4
a-50.4x176.4,-50.4,176.4,-180,0,-50.4000015,176.4
a-46.8x176.4,-46.8,176.4,-180,0,-46.7999992,176.4
a-43.2x176.4,-43.2,176.4,-180,0,-43.2000008,176.4
a-39.6x176.4,-39.6,176.4,-180,0,-39.5999985,176.4
a-36x176.4,-36,176.4,-180,0,-36,176.4
a-32.4x176.4,-32.4,176.4,-180,0,-32.4000015,176.4
a-28.8x176.4,-28.8,176.4,-180,0,-28.7999992,176.4
a-25.2x176.4,-25.2,176.4,-180,0,-25.2000008,176.4
a-21.6x176.4,-21.6,176.4,-180,0,-21.6000004,176.4
a-18x176.4,-18,176.4,-180,0,-18,176.4
a-14.4x176.4,-14.4,176.4,-180,0,-14.3999996,176.4
a-10.8x176.4,-10.8,176.4,-180,0,-10.8000002,176.4
a-7.2x176.4,-7.2,176.4,-180,0,-7.1999998,176.4
a-3.6x176.4,-3.6,176.4,-180,0,-3.5999999,176.4
a0x176.4,0,176.4,-180,0,0,176.4
a3.6x176.4,3.6,176.4,-180,0,3.5999999,176.4
a7.2x176.4,7.2,176.4,-180,0,7.1999998,176.4
a10.8x176.4,10.8,176.4,-180,0,10.8000002,176.4
a14.4x176.4,14.4,176.4,-180,0,14.3999996,176.4
a18x176.4,18,176.4,-180,0,18,176.4
a21.6x176.4,21.6,176.4,-180,0,21.6000004,176.4
a25.2x176.4,25.2,176.4,-180,0,25.2000008,176.4
a28.8x176.4,28.8,176.4,-180,0,28.7999992,176.4
a32.4x176.4,32.4,176.4,-180,0,32.4000015,176.4
a36x176.4,36,176.4,-180,0,36,176.4
a39.6x176.4,39.6,176.4,-180,0,39.5999985,176.4
a43.2x176.4,43.2,176.4,-180,0,43.2000008,176.4
a46.8x176.4,46.8,176.4,-180,0,46.7999992,176.4
a50.4x176.4,50.4,176.4,-180,0,50.4000015,176.4
a54x176.4,54,176.4,-180,0,54,176.4
a57.6x176.4,57.6,176.4,-180,0,57.5999985,176.4
a61.2x176.4,61.2,176.4,-180,0,61.2000008,176.4
a64.8x176.4,64.8,176.4,-180,0,64.8000031,176.4
a68.4x176.4,68.4,176.4,-180,0,68.4000015,176.4
a72x176.4,72,176.4,-180,0,72,176.4
a75.6x176.4,75.6,176.4,-180,0,75.5999985,176.4
a79.2x176.4,79.2,176.4,-180,0,79.1999969,176.4
a82.8x176.4,82.8,176.4,-180,0,82.8000031,176.4
a86.4x176.4,86.4,176.4,-180,0,86.4000015,176.4
a90x176.4,90,176.4,-180,0,90,176.4
a93.6x176.4,93.6,176.4,-180,0,93.5999985,176.4
a97.2x176.4,97.2,176.4,-180,0,97.1999969,176.4
a100.8x176.4,100.8,176.4,-180,0,100.8000031,176.4
a104.4x176.4,104.4,176.4,-180,0,104.4000015,176.4
a108x176.4,108,176.4,-180,0,108,176.4
a111.6x176.4,111.6,176.4,-180,0,111.5999985,176.4
a115.2x176.4,115.2,176.4,-180,0,115.1999969,176.4
a118.8x176.4,118.8,176.4,-180,0,118.8000031,176.4
a122.4x176.4,122.4,176.4,-180,0,122.4000015,176.4
a126x176.4,126,176.4,-180,0,126,176.4
a129.6x176.4,129.6,176.4,-180,0,129.6000061,176.4
a133.2x176.4,133.2,176.4,-180,0,133.1999969,176.4
a136.8x176.4,136.8,176.4,-180,0,136.8000031,176.4
a140.4x176.4,140.4,176.4,-180,0,140.3999939,176.4
a144x176.4,144,176.4,-180,0,144,176.4
a147.6x176.4,147.6,176.4,-180,0,147.6000061,176.4
a151.2x176.4,151.2,176.4,-180,0,151.1999969,176.4
a154.8x176.4,154.8,176.4,-180,0,154.8000031,176.4
a158.4x176.4,158.4,176.4,-180,0,158.3999939,176.4
a162x176.4,162,176.4,-180,0,162,176.4
a165.6x176.4,165.6,176.4,-180,0,165.6000061,176.4
a169.2x176.4,169.2,176.4,-180,0,169.1999969,176.4
a172.8x176.4,172.8,176.4,-180,0,172.8000031,176.4
a176.4x176.4,176.4,176.4,-180,0,176.3999939,176.4
a176.4x-90,180,-90,-180,0,166.2619781,-95.16251302
a176.4x-86.4,180,-86.4,-180,0,165.9479828,-94.03645679
a176.4x-82.8,180,-82.8,-180,0,166.0785522,-93.08963029
a176.4x-79.2,180,-79.2,-180,0,166.5383148,-91.68883997
a176.4x-75.6,180,-75.6,-180,0,167.218338,-89.86189335
a176.4x-72,180,-72,-180,0,168.1120453,-87.56648331
a176.4x-68.4,180,-68.4,-180,0,169.2606964,-84.90860802
a176.4x-64.8,180,-64.8,-180,0,170.5285034,-82.04665604
a176.4x-61.2,180,-61.2,-180,0,171.8188171,-78.9880782
a176.4x-57.6,180,-57.6,-180,0,173.0527039,-75.7619861
a176.4x-54,180,-54,-180,0,174.1631775,-72.41550512
a176.4x-50.4,180,-50.4,-180,0,175.1038818,-69.00717212
a176.4x-46.8,180,-46.8,-180,0,175.912384,-65.62516045
a176.4x-43.2,180,-43.2,-180,0,176.6461945,-62.30871273
a176.4x-39.6,180,-39.6,-180,0,177.3629303,-59.0419335
a176.4x-36,180,-36,-180,0,178.1071625,-55.79191089
a176.4x-32.4,180,-32.4,-180,0,178.9306488,-52.53663556
a176.4x-28.8,180,-28.8,-180,0,179.8049469,-49.14787329
a176.4x-25.2,180,-25.2,-180,0,180.6621552,-45.68660163
a176.4x-21.6,180,-21.6,-180,0,181.5004272,-42.24865436
a176.4x-18,180,-18,-180,0,182.356842,-38.78110299
a176.4x-14.4,180,-14.4,-180,0,183.254364,-35.19348208
a176.4x-10.8,180,-10.8,-180,0,184.1862946,-31.41897781
a176.4x-7.2,180,-7.2,-180,0,185.1027069,-27.50303465
a176.4x-3.6,180,-3.6,-180,0,185.9680786,-23.51282124
a176.4x0,180,0,-180,0,186.780777,-19.46790295
a176.4x3.6,180,3.6,-180,0,187.5413208,-15.3732042
a176.4x7.2,180,7.2,-180,0,188.2463684,-11.22858128
a176.4x10.8,180,10.8,-180,0,188.8931732,-7.038629487
a176.4x14.4,180,14.4,-180,0,189.4790649,-2.808592609
a176.4x18,180,18,-180,0,190.0014954,1.455628076
a176.4x21.6,180,21.6,-180,0,190.4523773,5.7482778
a176.4x25.2,180,25.2,-180,0,190.8342438,10.05971869
a176.4x28.8,180,28.8,-180,0,191.1456299,14.38175664
a176.4x32.4,180,32.4,-180,0,191.3829346,18.70644339
a176.4x36,180,36,-180,0,191.5438995,23.02331544
a176.4x39.6,180,39.6,-180,0,191.6274109,27.32190445
a176.4x43.2,180,43.2,-180,0,191.6293335,31.58910739
a176.4x46.8,180,46.8,-180,0,191.5368958,35.80234683
a176.4x50.4,180,50.4,-180,0,191.348526,39.93328022
a176.4x54,180,54,-180,0,191.0689545,43.91099535
a176.4x57.6,180,57.6,-180,0,190.7470856,47.62667784
a176.4x61.2,180,61.2,-180,0,190.4832001,51.00888292
a176.4x64.8,180,64.8,-180,0,190.4179993,54.05719416
a176.4x68.4,180,68.4,-180,0,190.713623,57.0699514
a176.4x72,180,72,-180,0,191.2713928,60.43435807
a176.4x75.6,180,75.6,-180,0,191.9487305,64.14429222
a176.4x79.2,180,79.2,-180,0,192.6231232,68.13796837
a176.4x82.8,180,82.8,-180,0,193.2242126,72.29308804
a176.4x86.4,180,86.4,-180,0,193.743927,76.52941812
a176.4x90,180,90,-180,0,194.1941833,80.81603753
